trackName,artistName,genre,msPlayed,danceability,energy,key,loudness,mode,speechiness,acousticness,instrumentalness,liveness,valence,tempo,duration_ms,time_signature
(L)only Child,salem ilese,alt z,2237969,0.645,0.611,8,-5.925,0,0.137,0.29,2.05e-05,0.237,0.645,157.475,144468,3
13 Missed Calls,Zach Hood,alt z,3248068,0.639,0.724,7,-6.346,1,0.0664,0.452,0,0.159,0.522,129.712,209538,3
18,Jeremy Zucker,alt z,150773,0.783,0.599,4,-5.688,1,0.0441,0.0445,0,0.108,0.611,113.97,150773,4
4am,girl in red,alt z,18702,0.418,0.392,9,-13.771,1,0.0383,0.663,0.335,0.204,0.295,168.902,110862,4
608,Carlie Hanson,alt z,2208366,0.614,0.511,11,-8.758,0,0.0294,0.673,0.00176,0.339,0.486,148.024,204760,3
7UP,Boy In Space,alt z,4569846,0.618,0.47,0,-7.379,1,0.0271,0.0169,0,0.111,0.228,135.034,203555,4
85%,Loote,alt z,463954,0.574,0.651,7,-7.585,1,0.046,0.346,0,0.149,0.368,140.017,174107,4
911,Ellise,alt z,3234388,0.765,0.53,10,-7.18,0,0.0833,0.509,4.15e-06,0.117,0.529,130.104,188387,4
:( (sad face),Bahari,alt z,1700511,0.661,0.552,8,-8.015,0,0.0278,0.242,0,0.0953,0.408,110.072,188182,4
A Little Bit Yours,JP Saxe,alt z,99339,0.598,0.295,1,-8.553,1,0.0276,0.735,0,0.107,0.314,87.025,225680,4
A Little More,Catie Turner,alt z,6158627,0.792,0.484,4,-9.897,1,0.192,0.477,0,0.106,0.245,96.939,224528,4
Adult,Sasha Alex Sloan,alt z,367079,0.607,0.849,8,-6.389,1,0.0444,0.174,2.03e-05,0.0964,0.487,89.988,184253,4
Again,Sasha Alex Sloan,alt z,397451,0.62,0.553,2,-10.228,0,0.0517,0.778,0.00191,0.0916,0.632,148.978,194375,4
All Love,FLETCHER,alt z,2190329,0.665,0.488,4,-7.177,1,0.0981,0.272,0.000261,0.181,0.477,142.087,193600,4
Annabelle's Homework,Alec Benjamin,alt z,3225244,0.676,0.634,8,-5.377,1,0.0385,0.701,1.63e-06,0.223,0.33,86.004,192501,4
Apple Pie,Lizzy McAlpine,alt z,3555818,0.518,0.208,10,-12.273,1,0.0363,0.855,5.15e-06,0.12,0.42,179.836,259167,4
Are you happy?,shy martin,alt z,787707,0.632,0.578,9,-7.657,0,0.0905,0.714,0,0.42,0.297,139.324,157556,4
Army,Besomorph,alt z,1640994,0.523,0.699,6,-3.84,0,0.0293,0.108,0.000607,0.205,0.132,74.983,203500,4
Around My Neck,FINNEAS,alt z,27636,0.965,0.303,1,-10.49,1,0.0561,0.0524,0.00405,0.12,0.414,107.048,175528,4
As It Was - Spotify Singles,Sasha Alex Sloan,alt z,69619,0.529,0.174,9,-13.751,1,0.0373,0.845,0,0.0567,0.311,136.112,206187,4
Assassin,Au/Ra,alt z,1571376,0.49,0.644,10,-9.074,0,0.349,0.0631,2.87e-06,0.384,0.409,193.99,189341,4
Backseat Rider,Sara Kays,alt z,6047174,0.569,0.538,2,-9.003,1,0.0323,0.593,0,0.23,0.552,104.05,208091,4
Bad For Me,Ber,alt z,158520,0.589,0.256,3,-11.446,1,0.0369,0.949,8.61e-06,0.248,0.63,79.93,158520,4
Bedroom Ceiling - Ouse Remix,Sody,alt z,7135830,0.44,0.441,6,-8.398,1,0.0748,0.792,0,0.105,0.343,122.666,205048,4
Believer,Cyn,alt z,2121375,0.724,0.665,1,-5.312,0,0.0687,0.722,0,0.194,0.751,112.992,203653,4
Bipolar,Bahari,alt z,4613799,0.607,0.453,1,-8.129,1,0.0373,0.459,2.4e-05,0.0928,0.345,76.865,159653,4
Bitch (I Said It),Sody,alt z,2312901,0.755,0.529,0,-6.066,0,0.0986,0.0834,2.77e-05,0.27,0.228,112.035,191463,4
afterthoughts,renforshort,alt z,1402568,0.51,0.229,6,-11.394,1,0.0352,0.86,3.03e-05,0.118,0.107,93.309,175321,4
all my ghosts,Lizzy McAlpine,alt z,10733257,0.638,0.293,3,-11.703,1,0.0478,0.342,0.000624,0.448,0.488,155.083,197032,4
all the kids are depressed,Jeremy Zucker,alt z,3278108,0.773,0.437,9,-8.281,1,0.0963,0.836,2.42e-05,0.544,0.707,103.861,169973,4
as long as you care,Ruel,alt z,699904,0.55,0.591,1,-6.833,1,0.0377,0.00692,0,0.11,0.308,78.68,193189,4
at least i look cool,Sasha Alex Sloan,alt z,195895,0.828,0.349,6,-9.96,0,0.17,0.647,1.57e-05,0.105,0.282,130.074,171695,4
avalanche,Christian French,alt z,5049390,0.636,0.864,11,-3.919,1,0.0491,0.0314,0,0.102,0.892,160.009,199512,4
bad ones,Tate McRae,alt z,2892026,0.692,0.431,6,-11.884,1,0.0335,0.305,1.39e-05,0.132,0.327,138.925,183133,4
blind,ROLE MODEL,alt z,1239805,0.765,0.663,0,-5.223,1,0.0652,0.141,0.000297,0.0924,0.686,150.091,153293,4
butterfly,Sody,alt z,30000,0.588,0.625,0,-9.502,1,0.212,0.69,4.38e-06,0.0799,0.116,121.809,189013,4
buzzkill,MOTHICA,alt z,139800,0.638,0.755,8,-5.614,0,0.0682,0.362,3.09e-06,0.329,0.739,169.953,140111,4
can I call you back?,shy martin,alt z,153058,0.647,0.319,9,-9.987,1,0.0367,0.827,0,0.133,0.267,126.243,153059,4
comethru,Jeremy Zucker,alt z,834797,0.795,0.178,0,-11.991,1,0.0574,0.607,0,0.623,0.608,93.982,181613,4
courage,Ruel,alt z,209827,0.589,0.446,7,-5.501,1,0.0285,0.0263,0,0.0869,0.292,81.983,209827,4
distance,Ruel,alt z,179214,0.562,0.329,3,-8.556,0,0.162,0.502,0,0.562,0.502,148.524,179213,4
erase me,Lizzy McAlpine,alt z,336211,0.415,0.45,6,-8.529,0,0.0599,0.578,2.82e-05,0.155,0.305,93.17,214468,4
erase me (feat. Jacob Collier),Lizzy McAlpine,alt z,5016936,0.415,0.45,6,-8.529,0,0.0599,0.578,2.82e-05,0.155,0.305,93.17,214468,4
fall apart (with glaive),renforshort,alt z,559079,0.57,0.746,10,-6.464,1,0.104,0.144,7.31e-06,0.0706,0.27,158.061,156225,4
feel like shit,Tate McRae,alt z,34162,0.519,0.383,7,-7.174,1,0.0495,0.572,0,0.124,0.157,144.565,203480,4
feel something,Bea Miller,alt z,958366,0.74,0.415,0,-8.914,1,0.0707,0.242,0.000156,0.319,0.156,136.029,180161,4
flowers & sex,EMELINE,alt z,2764932,0.548,0.363,5,-7.766,1,0.433,0.047,0,0.066,0.484,170.407,148588,4
girls girls girls,FLETCHER,alt z,2095845,0.649,0.478,0,-8.834,1,0.156,0.658,0,0.131,0.468,139.859,161247,4
golden years,Christian French,alt z,509232,0.626,0.573,1,-7.825,1,0.115,0.41,0,0.219,0.68,149.993,169745,4
head first,Christian French,alt z,9940,0.909,0.392,6,-6.221,0,0.0652,0.278,1.77e-06,0.106,0.61,127.052,154961,4
hornylovesickmess,girl in red,alt z,1101013,0.543,0.465,8,-8.914,1,0.0554,0.337,0.000543,0.142,0.158,143.121,175695,4
hurts 2 hate somebody (with Chase Atlantic & No Rome),ELIO,alt z,6334026,0.623,0.683,7,-3.512,1,0.0437,0.0995,0,0.372,0.747,90.021,186665,4
i can't breathe,Bea Miller,alt z,213986,0.347,0.209,11,-11.152,1,0.0273,0.893,0.00287,0.138,0.0735,82.878,213987,4
i don't want to watch the world end with someone else,Clinton Kane,alt z,2567940,0.535,0.359,2,-9.343,1,0.0607,0.771,0,0.111,0.488,154.163,184505,4
i think too much,Christian French,alt z,2827372,0.675,0.695,7,-7.859,0,0.0753,0.00383,2.95e-05,0.0637,0.662,92.025,202779,4
if i were a friend,BL√ú EYES,alt z,774610,0.543,0.471,11,-9.904,1,0.0438,0.616,6.77e-05,0.161,0.0775,91.921,152985,3
intimate moments,Isaac Dunbar,alt z,3407685,0.524,0.664,2,-6.214,1,0.0405,0.0106,0,0.126,0.432,129.897,210507,4
is your bedroom ceiling bored? (feat. Cavetown),Sody,alt z,1037545,0.616,0.45,6,-9.832,1,0.114,0.529,1.58e-06,0.0926,0.195,123.851,207510,4
is your bedroom ceiling bored? (feat. Rxseboy) - Fudasca Remix,Sody,alt z,804867,0.521,0.347,6,-12.716,1,0.164,0.463,0,0.091,0.198,123.996,191119,4
just a boy,Alaina Castillo,alt z,2745205,0.51,0.303,7,-5.344,1,0.0562,0.892,0,0.127,0.51,198.149,185682,3
leave,gnash,alt z,695156,0.506,0.381,1,-10.953,0,0.266,0.427,0.00238,0.139,0.0389,92.11,175229,1
lie to me,Tate McRae,alt z,1386569,0.642,0.392,4,-7.846,0,0.0372,0.0151,0,0.352,0.0479,138.065,177440,4
minor,Gracie Abrams,alt z,481518,0.705,0.281,2,-7.991,1,0.0863,0.856,0,0.117,0.211,84.882,160507,4
never knew a heart could break itself,Zach Hood,alt z,2869085,0.579,0.454,9,-7.264,1,0.0427,0.465,0,0.0997,0.461,78.949,155223,4
not ur friend,Jeremy Zucker,alt z,1785833,0.778,0.313,4,-9.288,1,0.421,0.301,0,0.667,0.707,68.936,174520,4
nothing else i could do,ella jane,alt z,1256812,0.788,0.545,3,-7.647,1,0.0487,0.475,0.0138,0.134,0.583,119.948,170000,4
ocean waves,Alaina Castillo,alt z,1196295,0.458,0.521,8,-6.348,0,0.0943,0.417,0,0.368,0.449,89.827,220236,4
porcelain,mxmtoon,alt z,17980,0.569,0.108,9,-15.855,1,0.035,0.883,0,0.112,0.181,110.421,271915,4
r u ok,Tate McRae,alt z,2793375,0.666,0.593,2,-5.905,1,0.0373,0.318,0,0.414,0.329,140.013,185850,4
rubberband,Tate McRae,alt z,3584645,0.64,0.593,10,-6.068,1,0.0431,0.32,0,0.104,0.432,155.08,147713,4
rx,ROLE MODEL,alt z,1400742,0.448,0.119,4,-15.138,1,0.0403,0.736,0,0.145,0.333,140.591,200107,4
say it over (feat. Cautious Clay),Ruel,alt z,470947,0.438,0.315,2,-10.941,0,0.044,0.566,0,0.606,0.151,156.031,238500,4
slower,Tate McRae,alt z,4435273,0.589,0.364,1,-8.079,0,0.0419,0.595,0,0.334,0.21,104.991,187629,4
smiling when i die,Sasha Alex Sloan,alt z,3218959,0.753,0.41,0,-10.636,0,0.132,0.817,0.00219,0.104,0.23,92.999,206437,4
sometimes,Heather Sommer,alt z,4543454,0.679,0.525,9,-8.721,1,0.0594,0.0899,3.53e-05,0.09,0.333,106.871,163738,4
talk is overrated,Jeremy Zucker,alt z,189795,0.776,0.353,4,-8.317,0,0.0687,0.435,0,0.302,0.658,138.035,189800,4
that way - with Jeremy Zucker,Tate McRae,alt z,1376628,0.394,0.398,0,-10.202,1,0.219,0.573,0,0.313,0.361,78.438,174300,3
this is how i learn to say no,EMELINE,alt z,814196,0.378,0.587,10,-7.755,1,0.163,0.232,0,0.455,0.498,181.452,142966,3
this is how you fall in love,Jeremy Zucker,alt z,784377,0.441,0.202,7,-12.499,1,0.0381,0.732,2.6e-05,0.126,0.269,77.971,174587,4
tomorrow tonight,Loote,alt z,14625349,0.32,0.5,3,-7.979,1,0.0994,0.134,0,0.108,0.142,91.361,202600,4
too many feelings,Ruel,alt z,560418,0.754,0.706,5,-6.145,1,0.0923,0.237,3.46e-05,0.097,0.536,81.943,186935,4
up to something,Ruel,alt z,179307,0.691,0.465,3,-8.061,0,0.0502,0.0829,1.58e-06,0.126,0.291,96.02,179307,4
wannabe,renforshort,alt z,2898255,0.769,0.663,1,-5.649,0,0.0395,0.0943,1.12e-06,0.133,0.46,94.966,152470,4
watch you sleep.,girl in red,alt z,720900,0.456,0.221,2,-16.379,1,0.0307,0.932,0.00527,0.0963,0.374,132.997,180226,4
we fell in love in october,girl in red,alt z,184095,0.566,0.366,7,-12.808,1,0.028,0.113,0.181,0.155,0.237,129.96,184154,4
we'll be fine,Luz,alt z,1749814,0.505,0.122,11,-12.599,1,0.0527,0.9,0,0.0893,0.372,102.607,296560,4
when was it over? (feat. Sam Hunt),Sasha Alex Sloan,alt z,2522692,0.626,0.453,7,-9.295,1,0.0306,0.816,1.91e-06,0.0904,0.494,129.958,218093,4
working,Tate McRae,alt z,8255329,0.783,0.435,7,-7.78,1,0.0588,0.282,0,0.0833,0.512,106.974,210220,4
you broke me first,Tate McRae,alt z,2737001,0.667,0.373,4,-9.389,1,0.05,0.785,0,0.0906,0.0823,124.148,169266,4
you heard me,Heather Sommer,alt z,6643044,0.665,0.582,6,-7.011,0,0.0324,0.163,0,0.108,0.344,137.027,178686,4
you should see me in a crown,Besomorph,alt z,2320,0.383,0.711,4,-4.125,0,0.0453,0.334,3.35e-06,0.225,0.196,153.95,179278,4
you were good to me,Jeremy Zucker,alt z,219146,0.561,0.0848,2,-15.099,1,0.0404,0.913,2.62e-05,0.112,0.206,102.128,219147,4
you were good to me - shallou remix,Jeremy Zucker,alt z,229124,0.358,0.435,2,-9.198,1,0.0717,0.173,0.00106,0.0986,0.336,155.908,229205,4
Blessed,Besomorph,alt z,200000,0.505,0.572,1,-9.444,0,0.135,0.0951,0,0.0958,0.073,120.151,200000,4
Boy In The Bubble,Alec Benjamin,alt z,1089885,0.817,0.578,11,-7.579,0,0.0824,0.224,0.00103,0.251,0.851,143.982,181705,4
Boys Who Kiss You In Their Car,Ber,alt z,137288,0.695,0.745,11,-9.968,0,0.0687,0.247,0.000118,0.102,0.664,135.88,164707,4
Break My Heart Again,FINNEAS,alt z,22532056,0.402,0.151,4,-14.228,0,0.04,0.907,0,0.0941,0.489,144.071,238013,4
CHICKEN TENDIES,Clinton Kane,alt z,1263557,0.57,0.689,7,-6.242,1,0.147,0.358,0,0.0819,0.568,100.087,196844,4
Caroline,Boy In Space,alt z,633847,0.604,0.636,1,-7.024,0,0.0362,0.0548,0,0.161,0.529,140.076,158571,3
Cellophane,Ella Vos,alt z,2532249,0.693,0.481,1,-9.169,1,0.0534,0.0884,0.000102,0.144,0.112,119.933,165000,4
Chasing Parties,Sasha Alex Sloan,alt z,188061,0.584,0.261,11,-12.317,1,0.0486,0.72,1.1e-06,0.126,0.504,180.149,162248,4
Coke & Mentos,salem ilese,alt z,640230,0.605,0.663,7,-5.396,1,0.168,0.671,0.0108,0.159,0.75,183.361,127826,4
Cold,Boy In Space,alt z,7065567,0.711,0.412,9,-6.827,1,0.0445,0.184,0,0.0546,0.186,130.013,203538,4
Come Here and Leave Me Alone,Alexander 23,alt z,3265475,0.691,0.388,1,-12.401,0,0.0537,0.767,0.00337,0.0996,0.304,117.001,186130,4
Constellations,Jade LeMac,alt z,1406633,0.58,0.658,1,-6.671,1,0.0389,0.219,0,0.0577,0.159,74.984,200322,4
Coping,Rosie Darling,alt z,1927704,0.432,0.444,6,-7.298,1,0.125,0.605,0,0.104,0.209,82.79,190267,4
Crazier Things,Chelsea Cutler,alt z,6201197,0.635,0.274,2,-13.53,1,0.033,0.813,0,0.162,0.316,93.025,264585,4
Cry with you,Jeremy Zucker,alt z,242368,0.516,0.323,2,-9.688,1,0.0716,0.489,4.82e-06,0.189,0.386,159.861,217040,3
Daisy,Ashnikko,alt z,1909546,0.834,0.663,8,-6.143,1,0.133,0.235,0,0.372,0.774,121.876,146523,4
Dance Alone,Boy In Space,alt z,20433,0.61,0.546,2,-7.822,1,0.0521,0.476,0,0.329,0.364,139.768,199606,4
Dance in the Dark,Au/Ra,alt z,842520,0.754,0.534,9,-8.424,0,0.123,0.0721,0.00615,0.218,0.809,149.146,178187,4
Dancing With Your Ghost,Sasha Alex Sloan,alt z,18038573,0.629,0.328,11,-8.284,1,0.029,0.768,2.5e-05,0.103,0.389,74.953,197732,4
Dandelions,Ruth B.,alt z,577333,0.609,0.692,1,-2.958,1,0.0259,0.0157,0,0.0864,0.454,116.959,233720,3
Dandelions - slowed + reverb,Ruth B.,alt z,9441666,0.573,0.715,8,-3.293,0,0.0256,0.0444,0,0.0898,0.258,101.699,268717,3
Dangerous (feat. blackbear),DeathbyRomy,alt z,126442,0.43,0.626,9,-6.219,0,0.0491,0.0158,0,0.38,0.613,99.702,126479,4
Darkest Hour - from the Amazon Original Series PANIC,Tate McRae,alt z,952635,0.625,0.328,9,-10.603,0,0.0341,0.389,9.27e-05,0.109,0.0902,91.959,161252,4
Dazed & Confused,Ruel,alt z,2934777,0.688,0.5,2,-7.411,1,0.138,0.102,0,0.355,0.418,127.906,189608,3
Dead Dear (Deer),Ber,alt z,166480,0.781,0.396,11,-8.427,1,0.0467,0.52,2.67e-05,0.134,0.749,105.016,166480,4
Dead Girl! (Shake My Head),Au/Ra,alt z,56191,0.703,0.831,5,-5.651,0,0.0637,0.00189,0.118,0.207,0.29,132.001,194791,4
Demons,Alec Benjamin,alt z,3582444,0.708,0.494,5,-7.496,0,0.0365,0.697,0.000115,0.34,0.76,142.921,163172,4
Deniro,Alec Benjamin,alt z,423240,0.463,0.755,2,-5.04,1,0.0727,0.137,0,0.0745,0.649,79.488,141163,4
Devil Doesn‚Äôt Bargain,Alec Benjamin,alt z,488998,0.448,0.606,3,-4.565,1,0.0609,0.577,0,0.217,0.483,121.15,163613,4
Devil You Don't,CXLOE,alt z,1360064,0.602,0.694,2,-5.982,0,0.406,0.473,0,0.184,0.43,101.953,186360,4
Dinosaurs (S4E7),salem ilese,alt z,562806,0.409,0.338,4,-7.951,1,0.0432,0.731,0,0.25,0.273,184.043,144446,3
Dopamine Addict,Alec Benjamin,alt z,723340,0.721,0.772,10,-4.506,0,0.19,0.598,0.000204,0.19,0.483,76.928,144956,4
Downtown (2020),Allie X,alt z,1617789,0.575,0.881,6,-4.282,1,0.109,0.00307,5.97e-05,0.509,0.552,107.957,212226,4
Drugs,UPSAHL,alt z,47060,0.883,0.415,6,-8.571,0,0.174,0.35,0,0.063,0.318,76.986,155867,4
Dumb Love,Mimi Webb,alt z,708305,0.569,0.422,0,-5.856,1,0.0302,0.0296,0,0.0613,0.175,76.96,207068,4
EVIL,AViVA,alt z,1688636,0.634,0.645,9,-6.922,0,0.238,0.0632,0,0.28,0.385,159.926,195598,4
Emerald Eyes,Anson Seabra,alt z,1045205,0.477,0.0489,4,-17.039,1,0.0611,0.929,0,0.0686,0.356,200.082,239700,3
Emotion,Mia Rodriguez,alt z,213809,0.58,0.616,9,-6.297,1,0.0527,0.077,0.000552,0.134,0.392,170.138,213988,4
Empty,Olivia O'Brien,alt z,1936,0.785,0.528,9,-7.729,0,0.0665,0.0715,0,0.132,0.184,118.974,208720,4
Everybody Loves You,Charlotte Lawrence,alt z,409296,0.479,0.231,2,-10.278,1,0.0481,0.753,0,0.37,0.33,112.255,204648,1
Face To Face,Ruel,alt z,590184,0.711,0.634,9,-4.351,1,0.0668,0.139,0,0.103,0.356,90.04,203747,4
Faking It,Sasha Alex Sloan,alt z,751314,0.641,0.37,1,-8.645,0,0.0565,0.32,0,0.206,0.242,81.043,167353,4
Fall,Sasha Alex Sloan,alt z,196277,0.692,0.248,10,-11.304,0,0.0283,0.919,1.28e-05,0.102,0.437,100.111,166372,4
Falling,Besomorph,alt z,149350,0.469,0.777,8,-6.175,0,0.0742,0.0183,0,0.111,0.252,139.967,149571,4
Favorite What If,Ashley Kutcher,alt z,2052046,0.455,0.358,5,-7.309,1,0.0339,0.275,0,0.0822,0.254,90.675,172499,3
Feels Like,Gracie Abrams,alt z,1068237,0.617,0.483,11,-7.359,1,0.0458,0.702,0.000216,0.121,0.176,144.99,152318,4
Feels So Easy,Ber,alt z,4603089,0.607,0.418,6,-10.189,0,0.0659,0.747,5.63e-05,0.116,0.367,110.158,146307,4
First Place,b√ºlow,alt z,471421,0.666,0.642,3,-6.385,1,0.0445,0.293,0,0.0873,0.427,165.076,153545,4
Forever Young,Boy In Space,alt z,1285176,0.556,0.221,7,-10.481,1,0.0314,0.573,0,0.0975,0.384,122.063,211681,4
Frankenstein,Claire Rosinkranz,alt z,3044468,0.826,0.745,2,-6.091,1,0.141,0.13,1.32e-05,0.178,0.883,119.92,202249,4
Free Time,Ruel,alt z,218631,0.637,0.478,11,-5.783,0,0.03,0.101,0,0.103,0.201,99.989,218827,3
Fuck Up the Friendship,Leah Kate,alt z,1245802,0.744,0.736,1,-5.258,0,0.291,0.142,1.1e-05,0.11,0.77,103.993,172758,4
GOOD DIE YOUNG,Elley Duh√©,alt z,1616552,0.499,0.532,8,-7.257,0,0.0406,0.588,0.0125,0.117,0.461,143.921,162104,4
GROWING UP IS _____,Ruel,alt z,19842013,0.674,0.719,0,-5.69,1,0.029,0.0012,0.000118,0.231,0.494,112.542,233587,4
Get St√ºpid,b√ºlow,alt z,4708478,0.843,0.797,11,-4.597,0,0.0419,0.202,0.000117,0.0822,0.613,109.973,172800,4
Ghost,Au/Ra,alt z,2643270,0.667,0.503,0,-8.217,0,0.0526,0.552,0,0.169,0.584,144.015,177630,4
Gold,Kiiara,alt z,225882,0.6,0.412,8,-9.343,1,0.344,0.615,0.0025,0.134,0.408,113.049,225882,5
Gotta Be A Reason,Alec Benjamin,alt z,420706,0.771,0.518,4,-7.582,0,0.0404,0.806,2.48e-05,0.104,0.277,79.997,210354,4
Hammers,Alec Benjamin,alt z,539878,0.665,0.685,7,-5.098,0,0.257,0.557,0.00145,0.107,0.731,176.047,180403,4
Hard Sometimes,Ruel,alt z,5220560,0.407,0.317,10,-7.895,1,0.0429,0.845,2.66e-06,0.139,0.216,81.899,269493,4
Hate Me If It Helps,Alexander 23,alt z,196452,0.529,0.434,2,-8.844,1,0.223,0.302,0,0.111,0.603,161.963,196452,4
Have We Met Before (with Eric Nam),Sarah Barrios,alt z,17595924,0.434,0.271,7,-10.302,1,0.0353,0.856,0,0.109,0.367,167.412,158175,4
Healing,FLETCHER,alt z,1905378,0.572,0.621,2,-7.298,1,0.0336,0.543,2.19e-06,0.124,0.35,159.989,187544,4
Heaven,FINNEAS,alt z,148230,0.526,0.321,2,-6.725,1,0.0426,0.154,0.000278,0.171,0.165,137.961,222664,4
Heavy,Rosie Darling,alt z,333134,0.72,0.397,10,-7.781,1,0.0423,0.392,1.03e-06,0.112,0.336,97.02,166587,4
Help (feat. Rence),Sarah Barrios,alt z,191304,0.592,0.545,5,-9.914,1,0.0852,0.198,0,0.172,0.188,137.764,191304,4
Hi-Lo,AJ Mitchell,alt z,16213,0.491,0.445,4,-8.067,1,0.0688,0.214,0,0.0684,0.124,79.521,177089,4
Hill I Will Die On,Alec Benjamin,alt z,503588,0.642,0.628,7,-5.933,1,0.0293,0.528,0.00191,0.0865,0.789,146.864,167944,4
Hindenburg Lover,Anson Seabra,alt z,302894,0.519,0.241,8,-13.076,1,0.119,0.891,0,0.323,0.208,99.947,302895,4
Hipocrite,Alec Benjamin,alt z,409909,0.808,0.764,7,-4.6,1,0.0667,0.148,0,0.125,0.773,109.95,136802,4
Home for the Summer,Sara Kays,alt z,1023027,0.682,0.529,4,-9.862,1,0.0469,0.782,0.000294,0.102,0.39,126.995,155272,4
Hoops,Julia Wolf,alt z,2545215,0.622,0.557,0,-9.184,1,0.0355,0.272,0,0.098,0.532,156.983,199372,4
House With No Mirrors,Sasha Alex Sloan,alt z,4920383,0.72,0.408,2,-11.725,1,0.0498,0.832,2.61e-06,0.0992,0.341,121.972,227613,4
Hurt Locker,FINNEAS,alt z,206339,0.566,0.462,8,-11.028,0,0.131,0.778,7.39e-05,0.0897,0.234,77.195,206339,4
I Blame The World,Sasha Alex Sloan,alt z,4484934,0.579,0.783,8,-6.4,1,0.0453,0.00979,0.244,0.116,0.69,165.057,197267,4
I Built A Friend (2020),Alec Benjamin,alt z,1435927,0.6,0.282,9,-8.284,1,0.0302,0.883,2.67e-06,0.163,0.424,100.035,176694,4
I Do,Astrid S,alt z,1100546,0.666,0.524,10,-9.404,1,0.0459,0.505,0,0.124,0.215,110.015,155822,4
I Don't Want You Back,AJ Mitchell,alt z,88064,0.613,0.347,5,-6.486,1,0.034,0.591,0,0.0959,0.25,109.764,224144,4
I GUESS I'M IN LOVE,Clinton Kane,alt z,4161070,0.422,0.34,0,-6.577,1,0.0351,0.877,1.77e-05,0.149,0.223,77.213,204094,4
IDK You Yet,Alexander 23,alt z,1913446,0.648,0.308,1,-11.729,1,0.04,0.886,0.0774,0.124,0.198,76.997,184638,1
If By Chance - slowed + reverb,Ruth B.,alt z,223,0.204,0.166,6,-14.502,1,0.0324,0.81,2.87e-06,0.129,0.181,92.762,384770,4
If I Killed Someone For You,Alec Benjamin,alt z,370244,0.514,0.605,7,-5.363,1,0.0337,0.774,2.91e-06,0.121,0.409,120.894,185123,4
If We Have Each Other,Alec Benjamin,alt z,1089132,0.656,0.577,10,-5.566,0,0.0802,0.698,0,0.296,0.861,173.094,181522,4
If the World Was Ending (feat. Julia Michaels),JP Saxe,alt z,1671825,0.464,0.473,1,-10.086,1,0.129,0.866,0,0.109,0.604,75.801,208687,4
Intro,Sasha Alex Sloan,alt z,47324,0.589,0.102,8,-18.015,1,0.147,0.894,0,0.24,0.544,117.166,45587,5
Is It Just Me?,Sasha Alex Sloan,alt z,215040,0.682,0.363,2,-10.837,1,0.0261,0.699,3e-05,0.363,0.203,94.978,154275,4
Is It Just Me? (feat. Charlie Puth),Sasha Alex Sloan,alt z,5633626,0.682,0.363,2,-10.837,1,0.0261,0.699,3e-05,0.363,0.203,94.978,154275,4
It's Ok If You Forget Me,Astrid S,alt z,1859312,0.562,0.379,6,-7.625,1,0.231,0.526,0,0.151,0.258,171.848,204989,4
I‚Äôll Still Have Me,Cyn,alt z,877068,0.604,0.277,2,-8.249,1,0.0286,0.915,1.82e-05,0.113,0.22,82.922,219268,4
Jesus in LA,Alec Benjamin,alt z,182669,0.787,0.558,0,-5.237,1,0.0414,0.664,0,0.347,0.706,94.049,171539,4
Joke's On You,Charlotte Lawrence,alt z,779651,0.476,0.652,2,-4.546,0,0.104,0.23,0,0.136,0.47,190.118,184659,3
Just Like You,Alec Benjamin,alt z,291839,0.747,0.482,0,-5.614,1,0.033,0.618,0,0.128,0.536,91.991,167642,4
KING,Rosa Linn,alt z,3638360,0.598,0.555,0,-7.407,1,0.0295,0.508,0.0277,0.304,0.353,152.101,203089,4
Keep On,Sasha Alex Sloan,alt z,179836,0.762,0.585,8,-8.819,1,0.102,0.478,0,0.113,0.303,140.005,180240,4
Keep Your Head Up Princess,Anson Seabra,alt z,396440,0.689,0.143,6,-17.374,1,0.264,0.97,0,0.109,0.528,85.398,198220,4
Kids Of The Night,Elley Duh√©,alt z,284316,0.684,0.729,1,-3.8,1,0.0407,0.0231,0.000628,0.124,0.49,159.975,185787,4
Kissin' In The Cold,JP Saxe,alt z,2373039,0.528,0.343,0,-7.62,1,0.036,0.777,0,0.162,0.342,64.879,224084,4
LOVE ME HARD,Elley Duh√©,alt z,2414255,0.554,0.862,3,-4.672,1,0.0361,0.000924,0.000142,0.422,0.557,139.937,218630,4
LOVE SUX,Marisa Maino,alt z,1426466,0.321,0.705,7,-5.41,1,0.0938,0.169,0,0.0514,0.302,62.014,184923,4
La Di Da,Lennon Stella,alt z,421803,0.689,0.679,7,-5.893,1,0.0517,0.195,0.00111,0.224,0.475,149.972,209773,4
Let Me Down Slowly (feat. Alessia Cara),Alec Benjamin,alt z,169174,0.655,0.569,1,-5.018,0,0.0349,0.716,7.4e-06,0.135,0.44,150.267,169175,4
Let's Fall in Love for the Night,FINNEAS,alt z,2119693,0.737,0.408,5,-7.941,1,0.104,0.802,0,0.171,0.374,127.918,190348,4
Lie,Sasha Alex Sloan,alt z,454796,0.718,0.483,8,-6.596,1,0.0381,0.387,0.000208,0.124,0.29,103.997,209132,4
Like Strangers Do,AJ Mitchell,alt z,6530737,0.633,0.242,3,-8.523,0,0.0761,0.515,0,0.0839,0.694,98.219,160791,4
Line By Line (feat. Maren Morris),JP Saxe,alt z,206029,0.645,0.486,0,-7.299,1,0.0425,0.274,0,0.135,0.453,72.536,208187,4
Live Laugh Love,Sasha Alex Sloan,alt z,363428,0.625,0.54,11,-9.059,1,0.0271,0.113,0.162,0.107,0.492,165.909,182400,4
Lost,b√ºlow,alt z,713628,0.71,0.258,3,-10.632,1,0.034,0.84,0.000323,0.0998,0.337,112.922,237876,4
Lost Boy,Ruth B.,alt z,275280,0.71,0.0565,7,-15.099,1,0.0534,0.965,0,0.0889,0.348,123.994,275280,4
Love is Pain,FINNEAS,alt z,672834,0.609,0.141,9,-15.33,1,0.0394,0.927,0.000104,0.0923,0.107,78.233,224279,4
Lunatic,UPSAHL,alt z,1131824,0.716,0.703,9,-4.997,0,0.0764,0.218,2.81e-06,0.0926,0.846,124.099,141227,4
MIDDLE OF THE NIGHT,Elley Duh√©,alt z,804897,0.41,0.611,4,-8.271,0,0.0467,0.0228,0,0.116,0.0899,185.727,184448,3
Mad at Disney,salem ilese,alt z,827865,0.738,0.621,0,-7.313,1,0.0486,0.424,7.39e-06,0.692,0.715,113.968,136839,4
Make Us Never Happen,shy martin,alt z,171890,0.61,0.489,10,-8.541,0,0.127,0.308,0,0.165,0.331,105.016,171890,4
Match In The Rain,Alec Benjamin,alt z,477018,0.777,0.716,10,-7.342,0,0.256,0.734,8.3e-05,0.116,0.829,120.052,159007,4
Meant To Be,Ber,alt z,6526383,0.5,0.156,1,-11.472,1,0.0469,0.87,0,0.125,0.405,173.794,163227,4
Medieval,FINNEAS,alt z,171863,0.797,0.537,9,-5.937,1,0.039,0.754,5.49e-05,0.107,0.754,115.069,171863,4
Medusa,Kailee Morgue,alt z,5165408,0.914,0.427,3,-7.766,0,0.0537,0.567,0.013,0.0774,0.635,120.01,203027,4
Memory Lane,Haley Joelle,alt z,154000,0.488,0.103,1,-12.009,1,0.0522,0.933,0,0.107,0.326,120.141,154000,4
Mess It Up,Gracie Abrams,alt z,3483493,0.765,0.582,0,-4.528,1,0.12,0.245,8.21e-05,0.154,0.36,132.992,171280,4
Mess It Up,Savannah Sgro,alt z,330071,0.673,0.7,3,-6.988,1,0.0958,0.193,0,0.208,0.511,127.01,164897,4
Mind Is A Prison,Alec Benjamin,alt z,1082220,0.656,0.645,5,-5.442,0,0.0397,0.504,0,0.18,0.669,75.473,161697,4
Moody,Savannah Sgro,alt z,8018007,0.667,0.461,5,-8.452,1,0.0352,0.192,6.42e-05,0.0723,0.259,135.915,189082,4
Moral of the Story,Ashe,alt z,201083,0.569,0.403,10,-8.618,1,0.0439,0.593,4.49e-06,0.102,0.269,119.819,201017,4
Moral of the Story (feat. Niall Horan),Ashe,alt z,622846,0.579,0.37,10,-8.9,1,0.0383,0.496,0,0.221,0.216,119.799,198515,4
More Than a Friend,girli,alt z,1710760,0.689,0.594,0,-7.645,1,0.0584,0.0301,0,0.102,0.653,137.112,175693,4
Must Have Been The Wind,Alec Benjamin,alt z,177805,0.653,0.644,7,-6.204,1,0.0572,0.784,0.000202,0.161,0.363,88.968,177806,4
NATURE,Elley Duh√©,alt z,763318,0.725,0.67,11,-8.058,0,0.278,0.0183,0.00276,0.157,0.362,123.937,186820,4
Nancy Got A Haircut,Alec Benjamin,alt z,353001,0.813,0.755,1,-4.459,0,0.121,0.207,0,0.313,0.752,103.991,118038,4
Narcissist,Lauren Spencer Smith,alt z,2013,0.58,0.485,3,-5.438,1,0.0312,0.696,0,0.0959,0.158,113.797,172878,4
Nineteen,Dylan,alt z,3280937,0.471,0.744,0,-5.8,1,0.0523,0.00352,0,0.687,0.219,95.004,218885,4
No More Friends (with Oli Sykes of Bring Me The Horizon),Olivia O'Brien,alt z,1604077,0.626,0.635,7,-7.845,0,0.163,0.0346,0,0.0953,0.581,149.824,193376,4
Normal,Sasha Alex Sloan,alt z,192224,0.749,0.419,5,-9.41,1,0.0719,0.528,7.85e-06,0.113,0.279,120.166,192200,4
Normal - stripped,Sasha Alex Sloan,alt z,197810,0.68,0.413,5,-9.644,1,0.0464,0.776,1.91e-05,0.0979,0.276,114.931,197687,4
Not Sad Anymore,Clara Mae,alt z,6800028,0.675,0.523,1,-7.598,1,0.0444,0.761,3.17e-06,0.109,0.376,94.025,195564,4
Nothing's the Same,Alexander 23,alt z,7540,0.736,0.308,11,-11.543,1,0.0421,0.492,0.00248,0.179,0.439,132.767,175135,4
Nuance,Alec Benjamin,alt z,518396,0.61,0.54,6,-6.032,1,0.0459,0.682,0,0.117,0.683,95.062,172854,4
Numb Little Bug,Em Beihold,alt z,2824506,0.742,0.527,8,-6.892,0,0.0769,0.327,0,0.25,0.638,84.974,169238,4
Oh My God,Alec Benjamin,alt z,388564,0.696,0.565,5,-7.241,0,0.0598,0.652,2.12e-06,0.121,0.6,156.109,187728,4
Older,Alec Benjamin,alt z,3328624,0.539,0.489,2,-8.456,1,0.0635,0.59,0,0.197,0.515,84.211,164396,4
Older,Sasha Alex Sloan,alt z,752367,0.628,0.298,11,-9.539,1,0.0713,0.732,0,0.116,0.166,63.762,184893,4
One More Weekend,Maude Latour,alt z,1768979,0.627,0.565,3,-6.922,1,0.122,0.537,0,0.214,0.514,131.083,142830,3
One Wrong Turn,Alec Benjamin,alt z,467622,0.524,0.727,7,-5.194,0,0.0492,0.419,1.53e-06,0.094,0.484,107.647,166140,4
Only A Lifetime,FINNEAS,alt z,31842036,0.598,0.115,2,-13.856,1,0.0461,0.95,0,0.106,0.229,103.402,256759,4
Outrunning Karma,Alec Benjamin,alt z,377700,0.416,0.649,11,-5.271,0,0.0385,0.655,2.82e-06,0.12,0.474,112.482,188851,3
Pacify Her,Melanie Martinez,alt z,88940,0.576,0.593,9,-6.024,0,0.0306,0.0467,0.000767,0.237,0.373,157.993,220013,4
Painful Truth,Em Beihold,alt z,4650933,0.731,0.452,9,-8.116,0,0.0608,0.699,1.38e-06,0.0827,0.396,120.032,208867,4
Painkiller,Ruel,alt z,3674175,0.683,0.42,5,-6.51,1,0.0542,0.0875,0,0.225,0.469,128.621,213507,4
Pancakes for Dinner,Lizzy McAlpine,alt z,6843329,0.753,0.266,11,-11.453,1,0.0478,0.759,0,0.11,0.321,142.026,235035,4
Panic Room,Au/Ra,alt z,2360514,0.495,0.426,8,-9.434,1,0.0736,0.152,5.65e-06,0.099,0.0636,97.91,237773,4
Paper Planes,Elina,alt z,2035385,0.529,0.351,1,-12.484,1,0.0368,0.543,0,0.0851,0.529,147.815,199981,4
Peaches Etude,FINNEAS,alt z,135517,0.199,0.0877,2,-18.146,1,0.0643,0.964,0.932,0.106,0.123,61.901,135518,3
Picking Flowers,Boy In Space,alt z,2087654,0.612,0.289,0,-9.508,1,0.0279,0.737,0,0.0903,0.378,89.93,180973,4
Pink Ferrari,Zach Hood,alt z,952285,0.495,0.909,3,-4.223,1,0.0683,0.062,0,0.367,0.553,158.006,149815,4
Pinky Promise,Ellise,alt z,3831246,0.716,0.536,4,-8.701,1,0.412,0.253,6.83e-06,0.106,0.392,139.82,200647,4
Playground (from the series Arcane League of Legends),Bea Miller,alt z,6645669,0.514,0.703,8,-6.859,1,0.0298,0.0107,7.62e-05,0.13,0.356,157.399,230526,4
Pretty,Astrid S,alt z,2378853,0.633,0.829,9,-6.304,1,0.0496,0.0653,0,0.0907,0.333,95.966,175777,4
Ready Yet,Sasha Alex Sloan,alt z,30134,0.569,0.38,0,-10.289,1,0.143,0.745,0,0.159,0.421,117.953,218320,4
Ready Yet - San Holo Remix,Sasha Alex Sloan,alt z,3360201,0.701,0.577,0,-8.534,1,0.0828,0.563,0.000103,0.116,0.461,121.045,218747,4
Real Thing,Ruel,alt z,384547,0.671,0.583,4,-6.551,0,0.0737,0.154,0,0.24,0.43,125.916,192413,4
Remember Me,Boy In Space,alt z,4297338,0.663,0.559,9,-7.568,0,0.0339,0.0825,0,0.111,0.359,99.966,179400,4
Remember That Night?,Sara Kays,alt z,3634283,0.679,0.61,7,-10.936,0,0.0305,0.585,9.51e-05,0.156,0.554,123.978,227186,4
Revolver,b√ºlow,alt z,1328520,0.614,0.833,0,-4.333,1,0.0708,0.108,1.37e-06,0.18,0.811,171.048,168927,4
Run Into You,Clara Mae,alt z,2265568,0.588,0.559,6,-6.418,1,0.0696,0.274,0,0.0756,0.257,125.538,175474,4
Runaway,Sasha Alex Sloan,alt z,6535,0.674,0.413,5,-8.051,1,0.0351,0.715,6.64e-05,0.104,0.206,139.976,218947,4
Rx,Charlotte Lawrence,alt z,684829,0.651,0.303,0,-10.607,0,0.0494,0.607,0,0.107,0.343,62.929,171218,4
SNAP,Rosa Linn,alt z,42767,0.565,0.636,0,-8.198,1,0.0638,0.107,9.9e-06,0.447,0.525,170.01,179551,4
Same Effect,Ber,alt z,162373,0.533,0.181,8,-10.258,1,0.0453,0.891,1.11e-05,0.149,0.259,129.83,162373,3
Say,Ruel,alt z,455382,0.617,0.315,3,-7.998,1,0.0326,0.771,0,0.0809,0.447,119.822,227434,3
Sh*t People,Avery Lynch,alt z,1500935,0.678,0.508,1,-7.161,1,0.35,0.413,3.36e-05,0.327,0.394,172.026,196744,4
Shadow Of Mine,Alec Benjamin,alt z,810462,0.57,0.473,6,-7.504,0,0.0677,0.512,2.14e-06,0.1,0.632,162.082,165765,3
She Said,FLETCHER,alt z,1868963,0.649,0.758,10,-5.647,0,0.0581,0.0364,4.12e-05,0.36,0.737,120.001,167811,4
Sick of Losing Soulmates,dodie,alt z,1072386,0.492,0.236,2,-17.224,1,0.0359,0.723,0.159,0.351,0.151,75.102,267378,4
Side Effects,Carlie Hanson,alt z,3116968,0.569,0.726,4,-5.343,1,0.178,0.1,0,0.244,0.373,185.946,188664,4
Six Feet Apart,Alec Benjamin,alt z,1389391,0.492,0.378,5,-7.117,1,0.0304,0.811,0,0.136,0.497,110.907,173705,4
Slow,shy martin,alt z,1474026,0.636,0.243,2,-9.509,1,0.04,0.815,0,0.111,0.239,142.016,163547,4
Slow Dance (feat. Ava Max),AJ Mitchell,alt z,65182,0.732,0.85,1,-5.999,1,0.0444,0.114,2.02e-06,0.0388,0.372,124.024,193548,4
Slow Motion,Charlotte Lawrence,alt z,8644154,0.665,0.61,0,-7.655,0,0.0436,0.423,0,0.127,0.473,127.971,183850,4
Slow Nights,Besomorph,alt z,152184,0.674,0.491,3,-10.853,0,0.36,0.464,1.77e-05,0.106,0.492,126.038,152381,4
So Sick (feat. blackbear) [Martin Jensen Remix],Kiiara,alt z,2724227,0.803,0.491,6,-7.196,1,0.0821,0.121,9.69e-06,0.0689,0.589,121.984,165492,4
Social Stamina,ROSIE,alt z,557792,0.698,0.197,3,-8.799,1,0.0334,0.875,0,0.0799,0.324,109.794,154560,4
Someone Else's Star,FINNEAS,alt z,209173,0.617,0.195,0,-11.93,1,0.0467,0.865,3.52e-05,0.0964,0.097,114.894,209174,4
Speakers,Alec Benjamin,alt z,639644,0.416,0.55,6,-5.78,1,0.0493,0.802,0,0.319,0.529,99.383,159966,4
Stan - Recorded at Spotify Studios NYC,Alec Benjamin,alt z,5676,0.693,0.549,6,-8.964,0,0.418,0.625,0,0.122,0.645,82.152,202482,4
Steve,Alec Benjamin,alt z,2111398,0.348,0.353,10,-9.012,1,0.0334,0.845,0,0.181,0.866,80.558,173487,3
Stop,AJ Mitchell,alt z,2656915,0.723,0.545,0,-6.694,0,0.0334,0.0337,0,0.0901,0.328,104.014,177041,4
Such A Boy,Astrid S,alt z,2252661,0.668,0.776,6,-5.167,0,0.111,0.0481,2.2e-06,0.0798,0.461,95.003,210680,4
Summer Feelings (feat. Charlie Puth) - From 'SCOOB!' The Album,Lennon Stella,alt z,961604,0.696,0.686,5,-6.113,0,0.0309,0.262,0,0.174,0.7,115.982,160289,4
Summer Fling,Nina Nesbitt,alt z,3070927,0.611,0.903,0,-5.719,0,0.0311,0.0344,0.0186,0.107,0.377,126.01,228571,4
Sweet Little Lies,b√ºlow,alt z,2919977,0.648,0.727,0,-3.791,1,0.142,0.229,0,0.17,0.689,160.024,175067,4
TWISTED,AViVA,alt z,2697856,0.656,0.68,9,-5.967,0,0.224,0.668,0.000379,0.124,0.519,170.061,158335,4
Thank God,Sasha Alex Sloan,alt z,259148,0.592,0.237,11,-9.06,1,0.042,0.801,0.000246,0.0928,0.212,185.658,202293,3
Thank You,Sasha Alex Sloan,alt z,311543,0.341,0.519,7,-7.007,1,0.0615,0.223,0,0.271,0.221,189.764,190280,3
The 90s,FINNEAS,alt z,1489849,0.796,0.334,5,-11.626,1,0.172,0.387,0,0.206,0.278,135.01,203258,4
The Book of You & I,Alec Benjamin,alt z,415074,0.507,0.387,10,-6.237,1,0.0324,0.909,0,0.113,0.485,102.987,207538,4
The First One,Astrid S,alt z,113940,0.538,0.541,7,-8.304,1,0.16,0.39,0,0.103,0.183,159.419,188650,4
The Only,Sasha Alex Sloan,alt z,702327,0.682,0.26,4,-11.008,0,0.0495,0.745,0,0.137,0.0502,138.034,213959,4
The Way You Felt,Alec Benjamin,alt z,3239229,0.872,0.52,0,-6.928,1,0.0618,0.715,0,0.0982,0.736,131.918,183243,4
Therapist,Jeremy Zucker,alt z,485758,0.657,0.757,4,-6.196,1,0.032,0.0307,4.93e-06,0.098,0.906,139.958,154013,4
Thoughts,Sasha Alex Sloan,alt z,1215632,0.685,0.464,7,-9.931,1,0.0579,0.138,3.97e-05,0.111,0.0559,90.011,185713,4
Till Forever Falls Apart,Ashe,alt z,3892548,0.346,0.501,2,-6.939,1,0.0364,0.421,0,0.0657,0.299,99.855,222927,4
Tongue In The Bag,XYL√ò,alt z,18089,0.628,0.642,4,-6.264,0,0.182,0.594,0,0.221,0.568,132.101,231818,4
Too Sad To Cry,Sasha Alex Sloan,alt z,49206551,0.515,0.27,10,-9.935,1,0.0357,0.842,0,0.114,0.234,120.483,208987,4
Traffic Lights,Sara Kays,alt z,6631512,0.52,0.531,11,-7.63,1,0.0428,0.633,0,0.101,0.309,121.839,204878,4
Traitor,Elley Duh√©,alt z,3041329,0.609,0.43,8,-8.242,1,0.0547,0.249,1.13e-06,0.0996,0.401,172.482,177507,3
Unsaid,Ruel,alt z,226913,0.532,0.433,11,-6.964,1,0.0933,0.385,0,0.355,0.267,77.04,227040,4
Us,Clara Mae,alt z,176907,0.573,0.584,4,-6.574,1,0.047,0.315,1.19e-06,0.109,0.0805,114.841,177069,4
Used to Be,AJ Mitchell,alt z,2153742,0.471,0.474,5,-6.355,1,0.0382,0.723,0,0.0964,0.262,120.656,174793,4
Veronica,Leah Kate,alt z,1566224,0.876,0.786,0,-4.518,0,0.081,0.373,0.00545,0.145,0.889,109.986,156163,4
Version Of Me,Sasha Alex Sloan,alt z,364132,0.699,0.493,11,-10.386,1,0.0699,0.537,0,0.258,0.08,94.99,181971,4
Villain,Julia Wolf,alt z,2554458,0.731,0.59,2,-7.191,1,0.108,0.473,3.39e-05,0.107,0.569,161.072,176132,4
WTF,Sasha Alex Sloan,alt z,27597,0.63,0.781,1,-7.819,1,0.0406,0.152,0.000247,0.289,0.188,100.052,182773,4
WYD Now?,Sadie Jean,alt z,289332,0.378,0.334,1,-10.993,1,0.304,0.776,0,0.115,0.496,181.296,144667,4
Walked Through Hell,Anson Seabra,alt z,4581309,0.508,0.404,10,-11.092,1,0.0788,0.664,0,0.104,0.129,81.713,216865,4
Wanna Be Missed,Hayley Kiyoko,alt z,2736031,0.588,0.653,9,-5.645,0,0.0373,0.127,0,0.423,0.18,104.897,195773,3
Waste of Emotion,ELIO,alt z,3579980,0.698,0.725,2,-7.403,1,0.0431,0.0127,0.122,0.288,0.0765,104.99,177772,4
Water Fountain,Alec Benjamin,alt z,2188930,0.723,0.504,8,-5.572,1,0.0392,0.388,7.4e-05,0.087,0.551,133.975,218893,4
Ways Of Love,Bahari,alt z,559039,0.601,0.513,0,-8.492,0,0.0378,0.421,8.42e-05,0.0868,0.391,121.78,206622,4
Weddings & Funerals,Royal & the Serpent,alt z,3141985,0.507,0.581,6,-5.339,0,0.143,0.139,0,0.54,0.423,96.64,176598,4
Welcome to Wonderland,Anson Seabra,alt z,5930833,0.703,0.179,4,-10.906,1,0.0366,0.949,0,0.102,0.346,97.427,199131,3
What A Shame,Leyla Blue,alt z,1427522,0.699,0.463,0,-7.828,1,0.475,0.315,0,0.0803,0.565,143.99,177200,4
What They'll Say About Us,FINNEAS,alt z,1186434,0.538,0.318,7,-13.036,0,0.0417,0.88,7.28e-05,0.116,0.0897,144.988,181210,4
When,dodie,alt z,446216,0.309,0.0925,8,-15.885,1,0.0356,0.971,0.00212,0.102,0.245,89.829,223108,3
Where the Sidewalk Ends,gnash,alt z,1634732,0.847,0.346,6,-11.778,1,0.444,0.704,0,0.128,0.687,122.028,164262,4
Why Do You Love Me,Charlotte Lawrence,alt z,2900463,0.838,0.305,8,-6.165,0,0.0824,0.28,0.000116,0.203,0.718,120.065,171908,4
Words Ain't Enough,Tessa Violet,alt z,746490,0.789,0.212,3,-11.85,1,0.0493,0.85,3.08e-05,0.107,0.253,110.479,124365,3
YES MOM,Tessa Violet,alt z,162360,0.78,0.672,8,-4.398,1,0.0328,0.143,7.27e-05,0.125,0.541,97.054,162360,4
Younger,Ruel,alt z,5272303,0.745,0.477,11,-7.706,0,0.088,0.202,0,0.12,0.454,136.055,222320,4
(L)only Child,salem ilese,alt z,2237969,0.645,0.611,8,-5.925,0,0.137,0.29,2.05e-05,0.237,0.645,157.475,144468,3
13 Missed Calls,Zach Hood,alt z,3248068,0.639,0.724,7,-6.346,1,0.0664,0.452,0,0.159,0.522,129.712,209538,3
18,Jeremy Zucker,alt z,150773,0.783,0.599,4,-5.688,1,0.0441,0.0445,0,0.108,0.611,113.97,150773,4
4am,girl in red,alt z,18702,0.418,0.392,9,-13.771,1,0.0383,0.663,0.335,0.204,0.295,168.902,110862,4
608,Carlie Hanson,alt z,2208366,0.614,0.511,11,-8.758,0,0.0294,0.673,0.00176,0.339,0.486,148.024,204760,3
7UP,Boy In Space,alt z,4569846,0.618,0.47,0,-7.379,1,0.0271,0.0169,0,0.111,0.228,135.034,203555,4
85%,Loote,alt z,463954,0.574,0.651,7,-7.585,1,0.046,0.346,0,0.149,0.368,140.017,174107,4
911,Ellise,alt z,3234388,0.765,0.53,10,-7.18,0,0.0833,0.509,4.15e-06,0.117,0.529,130.104,188387,4
:( (sad face),Bahari,alt z,1700511,0.661,0.552,8,-8.015,0,0.0278,0.242,0,0.0953,0.408,110.072,188182,4
A Little Bit Yours,JP Saxe,alt z,99339,0.598,0.295,1,-8.553,1,0.0276,0.735,0,0.107,0.314,87.025,225680,4
A Little More,Catie Turner,alt z,6158627,0.792,0.484,4,-9.897,1,0.192,0.477,0,0.106,0.245,96.939,224528,4
Adult,Sasha Alex Sloan,alt z,367079,0.607,0.849,8,-6.389,1,0.0444,0.174,2.03e-05,0.0964,0.487,89.988,184253,4
Again,Sasha Alex Sloan,alt z,397451,0.62,0.553,2,-10.228,0,0.0517,0.778,0.00191,0.0916,0.632,148.978,194375,4
All Love,FLETCHER,alt z,2190329,0.665,0.488,4,-7.177,1,0.0981,0.272,0.000261,0.181,0.477,142.087,193600,4
Annabelle's Homework,Alec Benjamin,alt z,3225244,0.676,0.634,8,-5.377,1,0.0385,0.701,1.63e-06,0.223,0.33,86.004,192501,4
Apple Pie,Lizzy McAlpine,alt z,3555818,0.518,0.208,10,-12.273,1,0.0363,0.855,5.15e-06,0.12,0.42,179.836,259167,4
Are you happy?,shy martin,alt z,787707,0.632,0.578,9,-7.657,0,0.0905,0.714,0,0.42,0.297,139.324,157556,4
Army,Besomorph,alt z,1640994,0.523,0.699,6,-3.84,0,0.0293,0.108,0.000607,0.205,0.132,74.983,203500,4
Around My Neck,FINNEAS,alt z,27636,0.965,0.303,1,-10.49,1,0.0561,0.0524,0.00405,0.12,0.414,107.048,175528,4
As It Was - Spotify Singles,Sasha Alex Sloan,alt z,69619,0.529,0.174,9,-13.751,1,0.0373,0.845,0,0.0567,0.311,136.112,206187,4
Assassin,Au/Ra,alt z,1571376,0.49,0.644,10,-9.074,0,0.349,0.0631,2.87e-06,0.384,0.409,193.99,189341,4
Backseat Rider,Sara Kays,alt z,6047174,0.569,0.538,2,-9.003,1,0.0323,0.593,0,0.23,0.552,104.05,208091,4
Bad For Me,Ber,alt z,158520,0.589,0.256,3,-11.446,1,0.0369,0.949,8.61e-06,0.248,0.63,79.93,158520,4
Bedroom Ceiling - Ouse Remix,Sody,alt z,7135830,0.44,0.441,6,-8.398,1,0.0748,0.792,0,0.105,0.343,122.666,205048,4
Believer,Cyn,alt z,2121375,0.724,0.665,1,-5.312,0,0.0687,0.722,0,0.194,0.751,112.992,203653,4
Bipolar,Bahari,alt z,4613799,0.607,0.453,1,-8.129,1,0.0373,0.459,2.4e-05,0.0928,0.345,76.865,159653,4
Bitch (I Said It),Sody,alt z,2312901,0.755,0.529,0,-6.066,0,0.0986,0.0834,2.77e-05,0.27,0.228,112.035,191463,4
afterthoughts,renforshort,alt z,1402568,0.51,0.229,6,-11.394,1,0.0352,0.86,3.03e-05,0.118,0.107,93.309,175321,4
all my ghosts,Lizzy McAlpine,alt z,10733257,0.638,0.293,3,-11.703,1,0.0478,0.342,0.000624,0.448,0.488,155.083,197032,4
all the kids are depressed,Jeremy Zucker,alt z,3278108,0.773,0.437,9,-8.281,1,0.0963,0.836,2.42e-05,0.544,0.707,103.861,169973,4
as long as you care,Ruel,alt z,699904,0.55,0.591,1,-6.833,1,0.0377,0.00692,0,0.11,0.308,78.68,193189,4
at least i look cool,Sasha Alex Sloan,alt z,195895,0.828,0.349,6,-9.96,0,0.17,0.647,1.57e-05,0.105,0.282,130.074,171695,4
avalanche,Christian French,alt z,5049390,0.636,0.864,11,-3.919,1,0.0491,0.0314,0,0.102,0.892,160.009,199512,4
bad ones,Tate McRae,alt z,2892026,0.692,0.431,6,-11.884,1,0.0335,0.305,1.39e-05,0.132,0.327,138.925,183133,4
blind,ROLE MODEL,alt z,1239805,0.765,0.663,0,-5.223,1,0.0652,0.141,0.000297,0.0924,0.686,150.091,153293,4
butterfly,Sody,alt z,30000,0.588,0.625,0,-9.502,1,0.212,0.69,4.38e-06,0.0799,0.116,121.809,189013,4
buzzkill,MOTHICA,alt z,139800,0.638,0.755,8,-5.614,0,0.0682,0.362,3.09e-06,0.329,0.739,169.953,140111,4
can I call you back?,shy martin,alt z,153058,0.647,0.319,9,-9.987,1,0.0367,0.827,0,0.133,0.267,126.243,153059,4
comethru,Jeremy Zucker,alt z,834797,0.795,0.178,0,-11.991,1,0.0574,0.607,0,0.623,0.608,93.982,181613,4
courage,Ruel,alt z,209827,0.589,0.446,7,-5.501,1,0.0285,0.0263,0,0.0869,0.292,81.983,209827,4
distance,Ruel,alt z,179214,0.562,0.329,3,-8.556,0,0.162,0.502,0,0.562,0.502,148.524,179213,4
erase me,Lizzy McAlpine,alt z,336211,0.415,0.45,6,-8.529,0,0.0599,0.578,2.82e-05,0.155,0.305,93.17,214468,4
erase me (feat. Jacob Collier),Lizzy McAlpine,alt z,5016936,0.415,0.45,6,-8.529,0,0.0599,0.578,2.82e-05,0.155,0.305,93.17,214468,4
fall apart (with glaive),renforshort,alt z,559079,0.57,0.746,10,-6.464,1,0.104,0.144,7.31e-06,0.0706,0.27,158.061,156225,4
feel like shit,Tate McRae,alt z,34162,0.519,0.383,7,-7.174,1,0.0495,0.572,0,0.124,0.157,144.565,203480,4
feel something,Bea Miller,alt z,958366,0.74,0.415,0,-8.914,1,0.0707,0.242,0.000156,0.319,0.156,136.029,180161,4
flowers & sex,EMELINE,alt z,2764932,0.548,0.363,5,-7.766,1,0.433,0.047,0,0.066,0.484,170.407,148588,4
girls girls girls,FLETCHER,alt z,2095845,0.649,0.478,0,-8.834,1,0.156,0.658,0,0.131,0.468,139.859,161247,4
golden years,Christian French,alt z,509232,0.626,0.573,1,-7.825,1,0.115,0.41,0,0.219,0.68,149.993,169745,4
head first,Christian French,alt z,9940,0.909,0.392,6,-6.221,0,0.0652,0.278,1.77e-06,0.106,0.61,127.052,154961,4
hornylovesickmess,girl in red,alt z,1101013,0.543,0.465,8,-8.914,1,0.0554,0.337,0.000543,0.142,0.158,143.121,175695,4
hurts 2 hate somebody (with Chase Atlantic & No Rome),ELIO,alt z,6334026,0.623,0.683,7,-3.512,1,0.0437,0.0995,0,0.372,0.747,90.021,186665,4
i can't breathe,Bea Miller,alt z,213986,0.347,0.209,11,-11.152,1,0.0273,0.893,0.00287,0.138,0.0735,82.878,213987,4
i don't want to watch the world end with someone else,Clinton Kane,alt z,2567940,0.535,0.359,2,-9.343,1,0.0607,0.771,0,0.111,0.488,154.163,184505,4
i think too much,Christian French,alt z,2827372,0.675,0.695,7,-7.859,0,0.0753,0.00383,2.95e-05,0.0637,0.662,92.025,202779,4
if i were a friend,BL√ú EYES,alt z,774610,0.543,0.471,11,-9.904,1,0.0438,0.616,6.77e-05,0.161,0.0775,91.921,152985,3
intimate moments,Isaac Dunbar,alt z,3407685,0.524,0.664,2,-6.214,1,0.0405,0.0106,0,0.126,0.432,129.897,210507,4
is your bedroom ceiling bored? (feat. Cavetown),Sody,alt z,1037545,0.616,0.45,6,-9.832,1,0.114,0.529,1.58e-06,0.0926,0.195,123.851,207510,4
is your bedroom ceiling bored? (feat. Rxseboy) - Fudasca Remix,Sody,alt z,804867,0.521,0.347,6,-12.716,1,0.164,0.463,0,0.091,0.198,123.996,191119,4
just a boy,Alaina Castillo,alt z,2745205,0.51,0.303,7,-5.344,1,0.0562,0.892,0,0.127,0.51,198.149,185682,3
leave,gnash,alt z,695156,0.506,0.381,1,-10.953,0,0.266,0.427,0.00238,0.139,0.0389,92.11,175229,1
lie to me,Tate McRae,alt z,1386569,0.642,0.392,4,-7.846,0,0.0372,0.0151,0,0.352,0.0479,138.065,177440,4
minor,Gracie Abrams,alt z,481518,0.705,0.281,2,-7.991,1,0.0863,0.856,0,0.117,0.211,84.882,160507,4
never knew a heart could break itself,Zach Hood,alt z,2869085,0.579,0.454,9,-7.264,1,0.0427,0.465,0,0.0997,0.461,78.949,155223,4
not ur friend,Jeremy Zucker,alt z,1785833,0.778,0.313,4,-9.288,1,0.421,0.301,0,0.667,0.707,68.936,174520,4
nothing else i could do,ella jane,alt z,1256812,0.788,0.545,3,-7.647,1,0.0487,0.475,0.0138,0.134,0.583,119.948,170000,4
ocean waves,Alaina Castillo,alt z,1196295,0.458,0.521,8,-6.348,0,0.0943,0.417,0,0.368,0.449,89.827,220236,4
porcelain,mxmtoon,alt z,17980,0.569,0.108,9,-15.855,1,0.035,0.883,0,0.112,0.181,110.421,271915,4
r u ok,Tate McRae,alt z,2793375,0.666,0.593,2,-5.905,1,0.0373,0.318,0,0.414,0.329,140.013,185850,4
rubberband,Tate McRae,alt z,3584645,0.64,0.593,10,-6.068,1,0.0431,0.32,0,0.104,0.432,155.08,147713,4
rx,ROLE MODEL,alt z,1400742,0.448,0.119,4,-15.138,1,0.0403,0.736,0,0.145,0.333,140.591,200107,4
say it over (feat. Cautious Clay),Ruel,alt z,470947,0.438,0.315,2,-10.941,0,0.044,0.566,0,0.606,0.151,156.031,238500,4
slower,Tate McRae,alt z,4435273,0.589,0.364,1,-8.079,0,0.0419,0.595,0,0.334,0.21,104.991,187629,4
smiling when i die,Sasha Alex Sloan,alt z,3218959,0.753,0.41,0,-10.636,0,0.132,0.817,0.00219,0.104,0.23,92.999,206437,4
sometimes,Heather Sommer,alt z,4543454,0.679,0.525,9,-8.721,1,0.0594,0.0899,3.53e-05,0.09,0.333,106.871,163738,4
talk is overrated,Jeremy Zucker,alt z,189795,0.776,0.353,4,-8.317,0,0.0687,0.435,0,0.302,0.658,138.035,189800,4
that way - with Jeremy Zucker,Tate McRae,alt z,1376628,0.394,0.398,0,-10.202,1,0.219,0.573,0,0.313,0.361,78.438,174300,3
this is how i learn to say no,EMELINE,alt z,814196,0.378,0.587,10,-7.755,1,0.163,0.232,0,0.455,0.498,181.452,142966,3
this is how you fall in love,Jeremy Zucker,alt z,784377,0.441,0.202,7,-12.499,1,0.0381,0.732,2.6e-05,0.126,0.269,77.971,174587,4
tomorrow tonight,Loote,alt z,14625349,0.32,0.5,3,-7.979,1,0.0994,0.134,0,0.108,0.142,91.361,202600,4
too many feelings,Ruel,alt z,560418,0.754,0.706,5,-6.145,1,0.0923,0.237,3.46e-05,0.097,0.536,81.943,186935,4
up to something,Ruel,alt z,179307,0.691,0.465,3,-8.061,0,0.0502,0.0829,1.58e-06,0.126,0.291,96.02,179307,4
wannabe,renforshort,alt z,2898255,0.769,0.663,1,-5.649,0,0.0395,0.0943,1.12e-06,0.133,0.46,94.966,152470,4
watch you sleep.,girl in red,alt z,720900,0.456,0.221,2,-16.379,1,0.0307,0.932,0.00527,0.0963,0.374,132.997,180226,4
we fell in love in october,girl in red,alt z,184095,0.566,0.366,7,-12.808,1,0.028,0.113,0.181,0.155,0.237,129.96,184154,4
we'll be fine,Luz,alt z,1749814,0.505,0.122,11,-12.599,1,0.0527,0.9,0,0.0893,0.372,102.607,296560,4
when was it over? (feat. Sam Hunt),Sasha Alex Sloan,alt z,2522692,0.626,0.453,7,-9.295,1,0.0306,0.816,1.91e-06,0.0904,0.494,129.958,218093,4
working,Tate McRae,alt z,8255329,0.783,0.435,7,-7.78,1,0.0588,0.282,0,0.0833,0.512,106.974,210220,4
you broke me first,Tate McRae,alt z,2737001,0.667,0.373,4,-9.389,1,0.05,0.785,0,0.0906,0.0823,124.148,169266,4
you heard me,Heather Sommer,alt z,6643044,0.665,0.582,6,-7.011,0,0.0324,0.163,0,0.108,0.344,137.027,178686,4
you should see me in a crown,Besomorph,alt z,2320,0.383,0.711,4,-4.125,0,0.0453,0.334,3.35e-06,0.225,0.196,153.95,179278,4
you were good to me,Jeremy Zucker,alt z,219146,0.561,0.0848,2,-15.099,1,0.0404,0.913,2.62e-05,0.112,0.206,102.128,219147,4
you were good to me - shallou remix,Jeremy Zucker,alt z,229124,0.358,0.435,2,-9.198,1,0.0717,0.173,0.00106,0.0986,0.336,155.908,229205,4
Blessed,Besomorph,alt z,200000,0.505,0.572,1,-9.444,0,0.135,0.0951,0,0.0958,0.073,120.151,200000,4
Boy In The Bubble,Alec Benjamin,alt z,1089885,0.817,0.578,11,-7.579,0,0.0824,0.224,0.00103,0.251,0.851,143.982,181705,4
Boys Who Kiss You In Their Car,Ber,alt z,137288,0.695,0.745,11,-9.968,0,0.0687,0.247,0.000118,0.102,0.664,135.88,164707,4
Break My Heart Again,FINNEAS,alt z,22532056,0.402,0.151,4,-14.228,0,0.04,0.907,0,0.0941,0.489,144.071,238013,4
CHICKEN TENDIES,Clinton Kane,alt z,1263557,0.57,0.689,7,-6.242,1,0.147,0.358,0,0.0819,0.568,100.087,196844,4
Caroline,Boy In Space,alt z,633847,0.604,0.636,1,-7.024,0,0.0362,0.0548,0,0.161,0.529,140.076,158571,3
Cellophane,Ella Vos,alt z,2532249,0.693,0.481,1,-9.169,1,0.0534,0.0884,0.000102,0.144,0.112,119.933,165000,4
Chasing Parties,Sasha Alex Sloan,alt z,188061,0.584,0.261,11,-12.317,1,0.0486,0.72,1.1e-06,0.126,0.504,180.149,162248,4
Coke & Mentos,salem ilese,alt z,640230,0.605,0.663,7,-5.396,1,0.168,0.671,0.0108,0.159,0.75,183.361,127826,4
Cold,Boy In Space,alt z,7065567,0.711,0.412,9,-6.827,1,0.0445,0.184,0,0.0546,0.186,130.013,203538,4
Come Here and Leave Me Alone,Alexander 23,alt z,3265475,0.691,0.388,1,-12.401,0,0.0537,0.767,0.00337,0.0996,0.304,117.001,186130,4
Constellations,Jade LeMac,alt z,1406633,0.58,0.658,1,-6.671,1,0.0389,0.219,0,0.0577,0.159,74.984,200322,4
Coping,Rosie Darling,alt z,1927704,0.432,0.444,6,-7.298,1,0.125,0.605,0,0.104,0.209,82.79,190267,4
Crazier Things,Chelsea Cutler,alt z,6201197,0.635,0.274,2,-13.53,1,0.033,0.813,0,0.162,0.316,93.025,264585,4
Cry with you,Jeremy Zucker,alt z,242368,0.516,0.323,2,-9.688,1,0.0716,0.489,4.82e-06,0.189,0.386,159.861,217040,3
Daisy,Ashnikko,alt z,1909546,0.834,0.663,8,-6.143,1,0.133,0.235,0,0.372,0.774,121.876,146523,4
Dance Alone,Boy In Space,alt z,20433,0.61,0.546,2,-7.822,1,0.0521,0.476,0,0.329,0.364,139.768,199606,4
Dance in the Dark,Au/Ra,alt z,842520,0.754,0.534,9,-8.424,0,0.123,0.0721,0.00615,0.218,0.809,149.146,178187,4
Dancing With Your Ghost,Sasha Alex Sloan,alt z,18038573,0.629,0.328,11,-8.284,1,0.029,0.768,2.5e-05,0.103,0.389,74.953,197732,4
Dandelions,Ruth B.,alt z,577333,0.609,0.692,1,-2.958,1,0.0259,0.0157,0,0.0864,0.454,116.959,233720,3
Dandelions - slowed + reverb,Ruth B.,alt z,9441666,0.573,0.715,8,-3.293,0,0.0256,0.0444,0,0.0898,0.258,101.699,268717,3
Dangerous (feat. blackbear),DeathbyRomy,alt z,126442,0.43,0.626,9,-6.219,0,0.0491,0.0158,0,0.38,0.613,99.702,126479,4
Darkest Hour - from the Amazon Original Series PANIC,Tate McRae,alt z,952635,0.625,0.328,9,-10.603,0,0.0341,0.389,9.27e-05,0.109,0.0902,91.959,161252,4
Dazed & Confused,Ruel,alt z,2934777,0.688,0.5,2,-7.411,1,0.138,0.102,0,0.355,0.418,127.906,189608,3
Dead Dear (Deer),Ber,alt z,166480,0.781,0.396,11,-8.427,1,0.0467,0.52,2.67e-05,0.134,0.749,105.016,166480,4
Dead Girl! (Shake My Head),Au/Ra,alt z,56191,0.703,0.831,5,-5.651,0,0.0637,0.00189,0.118,0.207,0.29,132.001,194791,4
Demons,Alec Benjamin,alt z,3582444,0.708,0.494,5,-7.496,0,0.0365,0.697,0.000115,0.34,0.76,142.921,163172,4
Deniro,Alec Benjamin,alt z,423240,0.463,0.755,2,-5.04,1,0.0727,0.137,0,0.0745,0.649,79.488,141163,4
Devil Doesn‚Äôt Bargain,Alec Benjamin,alt z,488998,0.448,0.606,3,-4.565,1,0.0609,0.577,0,0.217,0.483,121.15,163613,4
Devil You Don't,CXLOE,alt z,1360064,0.602,0.694,2,-5.982,0,0.406,0.473,0,0.184,0.43,101.953,186360,4
Dinosaurs (S4E7),salem ilese,alt z,562806,0.409,0.338,4,-7.951,1,0.0432,0.731,0,0.25,0.273,184.043,144446,3
Dopamine Addict,Alec Benjamin,alt z,723340,0.721,0.772,10,-4.506,0,0.19,0.598,0.000204,0.19,0.483,76.928,144956,4
Downtown (2020),Allie X,alt z,1617789,0.575,0.881,6,-4.282,1,0.109,0.00307,5.97e-05,0.509,0.552,107.957,212226,4
Drugs,UPSAHL,alt z,47060,0.883,0.415,6,-8.571,0,0.174,0.35,0,0.063,0.318,76.986,155867,4
Dumb Love,Mimi Webb,alt z,708305,0.569,0.422,0,-5.856,1,0.0302,0.0296,0,0.0613,0.175,76.96,207068,4
EVIL,AViVA,alt z,1688636,0.634,0.645,9,-6.922,0,0.238,0.0632,0,0.28,0.385,159.926,195598,4
Emerald Eyes,Anson Seabra,alt z,1045205,0.477,0.0489,4,-17.039,1,0.0611,0.929,0,0.0686,0.356,200.082,239700,3
Emotion,Mia Rodriguez,alt z,213809,0.58,0.616,9,-6.297,1,0.0527,0.077,0.000552,0.134,0.392,170.138,213988,4
Empty,Olivia O'Brien,alt z,1936,0.785,0.528,9,-7.729,0,0.0665,0.0715,0,0.132,0.184,118.974,208720,4
Everybody Loves You,Charlotte Lawrence,alt z,409296,0.479,0.231,2,-10.278,1,0.0481,0.753,0,0.37,0.33,112.255,204648,1
Face To Face,Ruel,alt z,590184,0.711,0.634,9,-4.351,1,0.0668,0.139,0,0.103,0.356,90.04,203747,4
Faking It,Sasha Alex Sloan,alt z,751314,0.641,0.37,1,-8.645,0,0.0565,0.32,0,0.206,0.242,81.043,167353,4
Fall,Sasha Alex Sloan,alt z,196277,0.692,0.248,10,-11.304,0,0.0283,0.919,1.28e-05,0.102,0.437,100.111,166372,4
Falling,Besomorph,alt z,149350,0.469,0.777,8,-6.175,0,0.0742,0.0183,0,0.111,0.252,139.967,149571,4
Favorite What If,Ashley Kutcher,alt z,2052046,0.455,0.358,5,-7.309,1,0.0339,0.275,0,0.0822,0.254,90.675,172499,3
Feels Like,Gracie Abrams,alt z,1068237,0.617,0.483,11,-7.359,1,0.0458,0.702,0.000216,0.121,0.176,144.99,152318,4
Feels So Easy,Ber,alt z,4603089,0.607,0.418,6,-10.189,0,0.0659,0.747,5.63e-05,0.116,0.367,110.158,146307,4
First Place,b√ºlow,alt z,471421,0.666,0.642,3,-6.385,1,0.0445,0.293,0,0.0873,0.427,165.076,153545,4
Forever Young,Boy In Space,alt z,1285176,0.556,0.221,7,-10.481,1,0.0314,0.573,0,0.0975,0.384,122.063,211681,4
Frankenstein,Claire Rosinkranz,alt z,3044468,0.826,0.745,2,-6.091,1,0.141,0.13,1.32e-05,0.178,0.883,119.92,202249,4
Free Time,Ruel,alt z,218631,0.637,0.478,11,-5.783,0,0.03,0.101,0,0.103,0.201,99.989,218827,3
Fuck Up the Friendship,Leah Kate,alt z,1245802,0.744,0.736,1,-5.258,0,0.291,0.142,1.1e-05,0.11,0.77,103.993,172758,4
GOOD DIE YOUNG,Elley Duh√©,alt z,1616552,0.499,0.532,8,-7.257,0,0.0406,0.588,0.0125,0.117,0.461,143.921,162104,4
GROWING UP IS _____,Ruel,alt z,19842013,0.674,0.719,0,-5.69,1,0.029,0.0012,0.000118,0.231,0.494,112.542,233587,4
Get St√ºpid,b√ºlow,alt z,4708478,0.843,0.797,11,-4.597,0,0.0419,0.202,0.000117,0.0822,0.613,109.973,172800,4
Ghost,Au/Ra,alt z,2643270,0.667,0.503,0,-8.217,0,0.0526,0.552,0,0.169,0.584,144.015,177630,4
Gold,Kiiara,alt z,225882,0.6,0.412,8,-9.343,1,0.344,0.615,0.0025,0.134,0.408,113.049,225882,5
Gotta Be A Reason,Alec Benjamin,alt z,420706,0.771,0.518,4,-7.582,0,0.0404,0.806,2.48e-05,0.104,0.277,79.997,210354,4
Hammers,Alec Benjamin,alt z,539878,0.665,0.685,7,-5.098,0,0.257,0.557,0.00145,0.107,0.731,176.047,180403,4
Hard Sometimes,Ruel,alt z,5220560,0.407,0.317,10,-7.895,1,0.0429,0.845,2.66e-06,0.139,0.216,81.899,269493,4
Hate Me If It Helps,Alexander 23,alt z,196452,0.529,0.434,2,-8.844,1,0.223,0.302,0,0.111,0.603,161.963,196452,4
Have We Met Before (with Eric Nam),Sarah Barrios,alt z,17595924,0.434,0.271,7,-10.302,1,0.0353,0.856,0,0.109,0.367,167.412,158175,4
Healing,FLETCHER,alt z,1905378,0.572,0.621,2,-7.298,1,0.0336,0.543,2.19e-06,0.124,0.35,159.989,187544,4
Heaven,FINNEAS,alt z,148230,0.526,0.321,2,-6.725,1,0.0426,0.154,0.000278,0.171,0.165,137.961,222664,4
Heavy,Rosie Darling,alt z,333134,0.72,0.397,10,-7.781,1,0.0423,0.392,1.03e-06,0.112,0.336,97.02,166587,4
Help (feat. Rence),Sarah Barrios,alt z,191304,0.592,0.545,5,-9.914,1,0.0852,0.198,0,0.172,0.188,137.764,191304,4
Hi-Lo,AJ Mitchell,alt z,16213,0.491,0.445,4,-8.067,1,0.0688,0.214,0,0.0684,0.124,79.521,177089,4
Hill I Will Die On,Alec Benjamin,alt z,503588,0.642,0.628,7,-5.933,1,0.0293,0.528,0.00191,0.0865,0.789,146.864,167944,4
Hindenburg Lover,Anson Seabra,alt z,302894,0.519,0.241,8,-13.076,1,0.119,0.891,0,0.323,0.208,99.947,302895,4
Hipocrite,Alec Benjamin,alt z,409909,0.808,0.764,7,-4.6,1,0.0667,0.148,0,0.125,0.773,109.95,136802,4
Home for the Summer,Sara Kays,alt z,1023027,0.682,0.529,4,-9.862,1,0.0469,0.782,0.000294,0.102,0.39,126.995,155272,4
Hoops,Julia Wolf,alt z,2545215,0.622,0.557,0,-9.184,1,0.0355,0.272,0,0.098,0.532,156.983,199372,4
House With No Mirrors,Sasha Alex Sloan,alt z,4920383,0.72,0.408,2,-11.725,1,0.0498,0.832,2.61e-06,0.0992,0.341,121.972,227613,4
Hurt Locker,FINNEAS,alt z,206339,0.566,0.462,8,-11.028,0,0.131,0.778,7.39e-05,0.0897,0.234,77.195,206339,4
I Blame The World,Sasha Alex Sloan,alt z,4484934,0.579,0.783,8,-6.4,1,0.0453,0.00979,0.244,0.116,0.69,165.057,197267,4
I Built A Friend (2020),Alec Benjamin,alt z,1435927,0.6,0.282,9,-8.284,1,0.0302,0.883,2.67e-06,0.163,0.424,100.035,176694,4
I Do,Astrid S,alt z,1100546,0.666,0.524,10,-9.404,1,0.0459,0.505,0,0.124,0.215,110.015,155822,4
I Don't Want You Back,AJ Mitchell,alt z,88064,0.613,0.347,5,-6.486,1,0.034,0.591,0,0.0959,0.25,109.764,224144,4
I GUESS I'M IN LOVE,Clinton Kane,alt z,4161070,0.422,0.34,0,-6.577,1,0.0351,0.877,1.77e-05,0.149,0.223,77.213,204094,4
IDK You Yet,Alexander 23,alt z,1913446,0.648,0.308,1,-11.729,1,0.04,0.886,0.0774,0.124,0.198,76.997,184638,1
If By Chance - slowed + reverb,Ruth B.,alt z,223,0.204,0.166,6,-14.502,1,0.0324,0.81,2.87e-06,0.129,0.181,92.762,384770,4
If I Killed Someone For You,Alec Benjamin,alt z,370244,0.514,0.605,7,-5.363,1,0.0337,0.774,2.91e-06,0.121,0.409,120.894,185123,4
If We Have Each Other,Alec Benjamin,alt z,1089132,0.656,0.577,10,-5.566,0,0.0802,0.698,0,0.296,0.861,173.094,181522,4
If the World Was Ending (feat. Julia Michaels),JP Saxe,alt z,1671825,0.464,0.473,1,-10.086,1,0.129,0.866,0,0.109,0.604,75.801,208687,4
Intro,Sasha Alex Sloan,alt z,47324,0.589,0.102,8,-18.015,1,0.147,0.894,0,0.24,0.544,117.166,45587,5
Is It Just Me?,Sasha Alex Sloan,alt z,215040,0.682,0.363,2,-10.837,1,0.0261,0.699,3e-05,0.363,0.203,94.978,154275,4
Is It Just Me? (feat. Charlie Puth),Sasha Alex Sloan,alt z,5633626,0.682,0.363,2,-10.837,1,0.0261,0.699,3e-05,0.363,0.203,94.978,154275,4
It's Ok If You Forget Me,Astrid S,alt z,1859312,0.562,0.379,6,-7.625,1,0.231,0.526,0,0.151,0.258,171.848,204989,4
I‚Äôll Still Have Me,Cyn,alt z,877068,0.604,0.277,2,-8.249,1,0.0286,0.915,1.82e-05,0.113,0.22,82.922,219268,4
Jesus in LA,Alec Benjamin,alt z,182669,0.787,0.558,0,-5.237,1,0.0414,0.664,0,0.347,0.706,94.049,171539,4
Joke's On You,Charlotte Lawrence,alt z,779651,0.476,0.652,2,-4.546,0,0.104,0.23,0,0.136,0.47,190.118,184659,3
Just Like You,Alec Benjamin,alt z,291839,0.747,0.482,0,-5.614,1,0.033,0.618,0,0.128,0.536,91.991,167642,4
KING,Rosa Linn,alt z,3638360,0.598,0.555,0,-7.407,1,0.0295,0.508,0.0277,0.304,0.353,152.101,203089,4
Keep On,Sasha Alex Sloan,alt z,179836,0.762,0.585,8,-8.819,1,0.102,0.478,0,0.113,0.303,140.005,180240,4
Keep Your Head Up Princess,Anson Seabra,alt z,396440,0.689,0.143,6,-17.374,1,0.264,0.97,0,0.109,0.528,85.398,198220,4
Kids Of The Night,Elley Duh√©,alt z,284316,0.684,0.729,1,-3.8,1,0.0407,0.0231,0.000628,0.124,0.49,159.975,185787,4
Kissin' In The Cold,JP Saxe,alt z,2373039,0.528,0.343,0,-7.62,1,0.036,0.777,0,0.162,0.342,64.879,224084,4
LOVE ME HARD,Elley Duh√©,alt z,2414255,0.554,0.862,3,-4.672,1,0.0361,0.000924,0.000142,0.422,0.557,139.937,218630,4
LOVE SUX,Marisa Maino,alt z,1426466,0.321,0.705,7,-5.41,1,0.0938,0.169,0,0.0514,0.302,62.014,184923,4
La Di Da,Lennon Stella,alt z,421803,0.689,0.679,7,-5.893,1,0.0517,0.195,0.00111,0.224,0.475,149.972,209773,4
Let Me Down Slowly (feat. Alessia Cara),Alec Benjamin,alt z,169174,0.655,0.569,1,-5.018,0,0.0349,0.716,7.4e-06,0.135,0.44,150.267,169175,4
Let's Fall in Love for the Night,FINNEAS,alt z,2119693,0.737,0.408,5,-7.941,1,0.104,0.802,0,0.171,0.374,127.918,190348,4
Lie,Sasha Alex Sloan,alt z,454796,0.718,0.483,8,-6.596,1,0.0381,0.387,0.000208,0.124,0.29,103.997,209132,4
Like Strangers Do,AJ Mitchell,alt z,6530737,0.633,0.242,3,-8.523,0,0.0761,0.515,0,0.0839,0.694,98.219,160791,4
Line By Line (feat. Maren Morris),JP Saxe,alt z,206029,0.645,0.486,0,-7.299,1,0.0425,0.274,0,0.135,0.453,72.536,208187,4
Live Laugh Love,Sasha Alex Sloan,alt z,363428,0.625,0.54,11,-9.059,1,0.0271,0.113,0.162,0.107,0.492,165.909,182400,4
Lost,b√ºlow,alt z,713628,0.71,0.258,3,-10.632,1,0.034,0.84,0.000323,0.0998,0.337,112.922,237876,4
Lost Boy,Ruth B.,alt z,275280,0.71,0.0565,7,-15.099,1,0.0534,0.965,0,0.0889,0.348,123.994,275280,4
Love is Pain,FINNEAS,alt z,672834,0.609,0.141,9,-15.33,1,0.0394,0.927,0.000104,0.0923,0.107,78.233,224279,4
Lunatic,UPSAHL,alt z,1131824,0.716,0.703,9,-4.997,0,0.0764,0.218,2.81e-06,0.0926,0.846,124.099,141227,4
MIDDLE OF THE NIGHT,Elley Duh√©,alt z,804897,0.41,0.611,4,-8.271,0,0.0467,0.0228,0,0.116,0.0899,185.727,184448,3
Mad at Disney,salem ilese,alt z,827865,0.738,0.621,0,-7.313,1,0.0486,0.424,7.39e-06,0.692,0.715,113.968,136839,4
Make Us Never Happen,shy martin,alt z,171890,0.61,0.489,10,-8.541,0,0.127,0.308,0,0.165,0.331,105.016,171890,4
Match In The Rain,Alec Benjamin,alt z,477018,0.777,0.716,10,-7.342,0,0.256,0.734,8.3e-05,0.116,0.829,120.052,159007,4
Meant To Be,Ber,alt z,6526383,0.5,0.156,1,-11.472,1,0.0469,0.87,0,0.125,0.405,173.794,163227,4
Medieval,FINNEAS,alt z,171863,0.797,0.537,9,-5.937,1,0.039,0.754,5.49e-05,0.107,0.754,115.069,171863,4
Medusa,Kailee Morgue,alt z,5165408,0.914,0.427,3,-7.766,0,0.0537,0.567,0.013,0.0774,0.635,120.01,203027,4
Memory Lane,Haley Joelle,alt z,154000,0.488,0.103,1,-12.009,1,0.0522,0.933,0,0.107,0.326,120.141,154000,4
Mess It Up,Gracie Abrams,alt z,3483493,0.765,0.582,0,-4.528,1,0.12,0.245,8.21e-05,0.154,0.36,132.992,171280,4
Mess It Up,Savannah Sgro,alt z,330071,0.673,0.7,3,-6.988,1,0.0958,0.193,0,0.208,0.511,127.01,164897,4
Mind Is A Prison,Alec Benjamin,alt z,1082220,0.656,0.645,5,-5.442,0,0.0397,0.504,0,0.18,0.669,75.473,161697,4
Moody,Savannah Sgro,alt z,8018007,0.667,0.461,5,-8.452,1,0.0352,0.192,6.42e-05,0.0723,0.259,135.915,189082,4
Moral of the Story,Ashe,alt z,201083,0.569,0.403,10,-8.618,1,0.0439,0.593,4.49e-06,0.102,0.269,119.819,201017,4
Moral of the Story (feat. Niall Horan),Ashe,alt z,622846,0.579,0.37,10,-8.9,1,0.0383,0.496,0,0.221,0.216,119.799,198515,4
More Than a Friend,girli,alt z,1710760,0.689,0.594,0,-7.645,1,0.0584,0.0301,0,0.102,0.653,137.112,175693,4
Must Have Been The Wind,Alec Benjamin,alt z,177805,0.653,0.644,7,-6.204,1,0.0572,0.784,0.000202,0.161,0.363,88.968,177806,4
NATURE,Elley Duh√©,alt z,763318,0.725,0.67,11,-8.058,0,0.278,0.0183,0.00276,0.157,0.362,123.937,186820,4
Nancy Got A Haircut,Alec Benjamin,alt z,353001,0.813,0.755,1,-4.459,0,0.121,0.207,0,0.313,0.752,103.991,118038,4
Narcissist,Lauren Spencer Smith,alt z,2013,0.58,0.485,3,-5.438,1,0.0312,0.696,0,0.0959,0.158,113.797,172878,4
Nineteen,Dylan,alt z,3280937,0.471,0.744,0,-5.8,1,0.0523,0.00352,0,0.687,0.219,95.004,218885,4
No More Friends (with Oli Sykes of Bring Me The Horizon),Olivia O'Brien,alt z,1604077,0.626,0.635,7,-7.845,0,0.163,0.0346,0,0.0953,0.581,149.824,193376,4
Normal,Sasha Alex Sloan,alt z,192224,0.749,0.419,5,-9.41,1,0.0719,0.528,7.85e-06,0.113,0.279,120.166,192200,4
Normal - stripped,Sasha Alex Sloan,alt z,197810,0.68,0.413,5,-9.644,1,0.0464,0.776,1.91e-05,0.0979,0.276,114.931,197687,4
Not Sad Anymore,Clara Mae,alt z,6800028,0.675,0.523,1,-7.598,1,0.0444,0.761,3.17e-06,0.109,0.376,94.025,195564,4
Nothing's the Same,Alexander 23,alt z,7540,0.736,0.308,11,-11.543,1,0.0421,0.492,0.00248,0.179,0.439,132.767,175135,4
Nuance,Alec Benjamin,alt z,518396,0.61,0.54,6,-6.032,1,0.0459,0.682,0,0.117,0.683,95.062,172854,4
Numb Little Bug,Em Beihold,alt z,2824506,0.742,0.527,8,-6.892,0,0.0769,0.327,0,0.25,0.638,84.974,169238,4
Oh My God,Alec Benjamin,alt z,388564,0.696,0.565,5,-7.241,0,0.0598,0.652,2.12e-06,0.121,0.6,156.109,187728,4
Older,Alec Benjamin,alt z,3328624,0.539,0.489,2,-8.456,1,0.0635,0.59,0,0.197,0.515,84.211,164396,4
Older,Sasha Alex Sloan,alt z,752367,0.628,0.298,11,-9.539,1,0.0713,0.732,0,0.116,0.166,63.762,184893,4
One More Weekend,Maude Latour,alt z,1768979,0.627,0.565,3,-6.922,1,0.122,0.537,0,0.214,0.514,131.083,142830,3
One Wrong Turn,Alec Benjamin,alt z,467622,0.524,0.727,7,-5.194,0,0.0492,0.419,1.53e-06,0.094,0.484,107.647,166140,4
Only A Lifetime,FINNEAS,alt z,31842036,0.598,0.115,2,-13.856,1,0.0461,0.95,0,0.106,0.229,103.402,256759,4
Outrunning Karma,Alec Benjamin,alt z,377700,0.416,0.649,11,-5.271,0,0.0385,0.655,2.82e-06,0.12,0.474,112.482,188851,3
Pacify Her,Melanie Martinez,alt z,88940,0.576,0.593,9,-6.024,0,0.0306,0.0467,0.000767,0.237,0.373,157.993,220013,4
Painful Truth,Em Beihold,alt z,4650933,0.731,0.452,9,-8.116,0,0.0608,0.699,1.38e-06,0.0827,0.396,120.032,208867,4
Painkiller,Ruel,alt z,3674175,0.683,0.42,5,-6.51,1,0.0542,0.0875,0,0.225,0.469,128.621,213507,4
Pancakes for Dinner,Lizzy McAlpine,alt z,6843329,0.753,0.266,11,-11.453,1,0.0478,0.759,0,0.11,0.321,142.026,235035,4
Panic Room,Au/Ra,alt z,2360514,0.495,0.426,8,-9.434,1,0.0736,0.152,5.65e-06,0.099,0.0636,97.91,237773,4
Paper Planes,Elina,alt z,2035385,0.529,0.351,1,-12.484,1,0.0368,0.543,0,0.0851,0.529,147.815,199981,4
Peaches Etude,FINNEAS,alt z,135517,0.199,0.0877,2,-18.146,1,0.0643,0.964,0.932,0.106,0.123,61.901,135518,3
Picking Flowers,Boy In Space,alt z,2087654,0.612,0.289,0,-9.508,1,0.0279,0.737,0,0.0903,0.378,89.93,180973,4
Pink Ferrari,Zach Hood,alt z,952285,0.495,0.909,3,-4.223,1,0.0683,0.062,0,0.367,0.553,158.006,149815,4
Pinky Promise,Ellise,alt z,3831246,0.716,0.536,4,-8.701,1,0.412,0.253,6.83e-06,0.106,0.392,139.82,200647,4
Playground (from the series Arcane League of Legends),Bea Miller,alt z,6645669,0.514,0.703,8,-6.859,1,0.0298,0.0107,7.62e-05,0.13,0.356,157.399,230526,4
Pretty,Astrid S,alt z,2378853,0.633,0.829,9,-6.304,1,0.0496,0.0653,0,0.0907,0.333,95.966,175777,4
Ready Yet,Sasha Alex Sloan,alt z,30134,0.569,0.38,0,-10.289,1,0.143,0.745,0,0.159,0.421,117.953,218320,4
Ready Yet - San Holo Remix,Sasha Alex Sloan,alt z,3360201,0.701,0.577,0,-8.534,1,0.0828,0.563,0.000103,0.116,0.461,121.045,218747,4
Real Thing,Ruel,alt z,384547,0.671,0.583,4,-6.551,0,0.0737,0.154,0,0.24,0.43,125.916,192413,4
Remember Me,Boy In Space,alt z,4297338,0.663,0.559,9,-7.568,0,0.0339,0.0825,0,0.111,0.359,99.966,179400,4
Remember That Night?,Sara Kays,alt z,3634283,0.679,0.61,7,-10.936,0,0.0305,0.585,9.51e-05,0.156,0.554,123.978,227186,4
Revolver,b√ºlow,alt z,1328520,0.614,0.833,0,-4.333,1,0.0708,0.108,1.37e-06,0.18,0.811,171.048,168927,4
Run Into You,Clara Mae,alt z,2265568,0.588,0.559,6,-6.418,1,0.0696,0.274,0,0.0756,0.257,125.538,175474,4
Runaway,Sasha Alex Sloan,alt z,6535,0.674,0.413,5,-8.051,1,0.0351,0.715,6.64e-05,0.104,0.206,139.976,218947,4
Rx,Charlotte Lawrence,alt z,684829,0.651,0.303,0,-10.607,0,0.0494,0.607,0,0.107,0.343,62.929,171218,4
SNAP,Rosa Linn,alt z,42767,0.565,0.636,0,-8.198,1,0.0638,0.107,9.9e-06,0.447,0.525,170.01,179551,4
Same Effect,Ber,alt z,162373,0.533,0.181,8,-10.258,1,0.0453,0.891,1.11e-05,0.149,0.259,129.83,162373,3
Say,Ruel,alt z,455382,0.617,0.315,3,-7.998,1,0.0326,0.771,0,0.0809,0.447,119.822,227434,3
Sh*t People,Avery Lynch,alt z,1500935,0.678,0.508,1,-7.161,1,0.35,0.413,3.36e-05,0.327,0.394,172.026,196744,4
Shadow Of Mine,Alec Benjamin,alt z,810462,0.57,0.473,6,-7.504,0,0.0677,0.512,2.14e-06,0.1,0.632,162.082,165765,3
She Said,FLETCHER,alt z,1868963,0.649,0.758,10,-5.647,0,0.0581,0.0364,4.12e-05,0.36,0.737,120.001,167811,4
Sick of Losing Soulmates,dodie,alt z,1072386,0.492,0.236,2,-17.224,1,0.0359,0.723,0.159,0.351,0.151,75.102,267378,4
Side Effects,Carlie Hanson,alt z,3116968,0.569,0.726,4,-5.343,1,0.178,0.1,0,0.244,0.373,185.946,188664,4
Six Feet Apart,Alec Benjamin,alt z,1389391,0.492,0.378,5,-7.117,1,0.0304,0.811,0,0.136,0.497,110.907,173705,4
Slow,shy martin,alt z,1474026,0.636,0.243,2,-9.509,1,0.04,0.815,0,0.111,0.239,142.016,163547,4
Slow Dance (feat. Ava Max),AJ Mitchell,alt z,65182,0.732,0.85,1,-5.999,1,0.0444,0.114,2.02e-06,0.0388,0.372,124.024,193548,4
Slow Motion,Charlotte Lawrence,alt z,8644154,0.665,0.61,0,-7.655,0,0.0436,0.423,0,0.127,0.473,127.971,183850,4
Slow Nights,Besomorph,alt z,152184,0.674,0.491,3,-10.853,0,0.36,0.464,1.77e-05,0.106,0.492,126.038,152381,4
So Sick (feat. blackbear) [Martin Jensen Remix],Kiiara,alt z,2724227,0.803,0.491,6,-7.196,1,0.0821,0.121,9.69e-06,0.0689,0.589,121.984,165492,4
Social Stamina,ROSIE,alt z,557792,0.698,0.197,3,-8.799,1,0.0334,0.875,0,0.0799,0.324,109.794,154560,4
Someone Else's Star,FINNEAS,alt z,209173,0.617,0.195,0,-11.93,1,0.0467,0.865,3.52e-05,0.0964,0.097,114.894,209174,4
Speakers,Alec Benjamin,alt z,639644,0.416,0.55,6,-5.78,1,0.0493,0.802,0,0.319,0.529,99.383,159966,4
Stan - Recorded at Spotify Studios NYC,Alec Benjamin,alt z,5676,0.693,0.549,6,-8.964,0,0.418,0.625,0,0.122,0.645,82.152,202482,4
Steve,Alec Benjamin,alt z,2111398,0.348,0.353,10,-9.012,1,0.0334,0.845,0,0.181,0.866,80.558,173487,3
Stop,AJ Mitchell,alt z,2656915,0.723,0.545,0,-6.694,0,0.0334,0.0337,0,0.0901,0.328,104.014,177041,4
Such A Boy,Astrid S,alt z,2252661,0.668,0.776,6,-5.167,0,0.111,0.0481,2.2e-06,0.0798,0.461,95.003,210680,4
Summer Feelings (feat. Charlie Puth) - From 'SCOOB!' The Album,Lennon Stella,alt z,961604,0.696,0.686,5,-6.113,0,0.0309,0.262,0,0.174,0.7,115.982,160289,4
Summer Fling,Nina Nesbitt,alt z,3070927,0.611,0.903,0,-5.719,0,0.0311,0.0344,0.0186,0.107,0.377,126.01,228571,4
Sweet Little Lies,b√ºlow,alt z,2919977,0.648,0.727,0,-3.791,1,0.142,0.229,0,0.17,0.689,160.024,175067,4
TWISTED,AViVA,alt z,2697856,0.656,0.68,9,-5.967,0,0.224,0.668,0.000379,0.124,0.519,170.061,158335,4
Thank God,Sasha Alex Sloan,alt z,259148,0.592,0.237,11,-9.06,1,0.042,0.801,0.000246,0.0928,0.212,185.658,202293,3
Thank You,Sasha Alex Sloan,alt z,311543,0.341,0.519,7,-7.007,1,0.0615,0.223,0,0.271,0.221,189.764,190280,3
The 90s,FINNEAS,alt z,1489849,0.796,0.334,5,-11.626,1,0.172,0.387,0,0.206,0.278,135.01,203258,4
The Book of You & I,Alec Benjamin,alt z,415074,0.507,0.387,10,-6.237,1,0.0324,0.909,0,0.113,0.485,102.987,207538,4
The First One,Astrid S,alt z,113940,0.538,0.541,7,-8.304,1,0.16,0.39,0,0.103,0.183,159.419,188650,4
The Only,Sasha Alex Sloan,alt z,702327,0.682,0.26,4,-11.008,0,0.0495,0.745,0,0.137,0.0502,138.034,213959,4
The Way You Felt,Alec Benjamin,alt z,3239229,0.872,0.52,0,-6.928,1,0.0618,0.715,0,0.0982,0.736,131.918,183243,4
Therapist,Jeremy Zucker,alt z,485758,0.657,0.757,4,-6.196,1,0.032,0.0307,4.93e-06,0.098,0.906,139.958,154013,4
Thoughts,Sasha Alex Sloan,alt z,1215632,0.685,0.464,7,-9.931,1,0.0579,0.138,3.97e-05,0.111,0.0559,90.011,185713,4
Till Forever Falls Apart,Ashe,alt z,3892548,0.346,0.501,2,-6.939,1,0.0364,0.421,0,0.0657,0.299,99.855,222927,4
Tongue In The Bag,XYL√ò,alt z,18089,0.628,0.642,4,-6.264,0,0.182,0.594,0,0.221,0.568,132.101,231818,4
Too Sad To Cry,Sasha Alex Sloan,alt z,49206551,0.515,0.27,10,-9.935,1,0.0357,0.842,0,0.114,0.234,120.483,208987,4
Traffic Lights,Sara Kays,alt z,6631512,0.52,0.531,11,-7.63,1,0.0428,0.633,0,0.101,0.309,121.839,204878,4
Traitor,Elley Duh√©,alt z,3041329,0.609,0.43,8,-8.242,1,0.0547,0.249,1.13e-06,0.0996,0.401,172.482,177507,3
Unsaid,Ruel,alt z,226913,0.532,0.433,11,-6.964,1,0.0933,0.385,0,0.355,0.267,77.04,227040,4
Us,Clara Mae,alt z,176907,0.573,0.584,4,-6.574,1,0.047,0.315,1.19e-06,0.109,0.0805,114.841,177069,4
Used to Be,AJ Mitchell,alt z,2153742,0.471,0.474,5,-6.355,1,0.0382,0.723,0,0.0964,0.262,120.656,174793,4
Veronica,Leah Kate,alt z,1566224,0.876,0.786,0,-4.518,0,0.081,0.373,0.00545,0.145,0.889,109.986,156163,4
Version Of Me,Sasha Alex Sloan,alt z,364132,0.699,0.493,11,-10.386,1,0.0699,0.537,0,0.258,0.08,94.99,181971,4
Villain,Julia Wolf,alt z,2554458,0.731,0.59,2,-7.191,1,0.108,0.473,3.39e-05,0.107,0.569,161.072,176132,4
WTF,Sasha Alex Sloan,alt z,27597,0.63,0.781,1,-7.819,1,0.0406,0.152,0.000247,0.289,0.188,100.052,182773,4
WYD Now?,Sadie Jean,alt z,289332,0.378,0.334,1,-10.993,1,0.304,0.776,0,0.115,0.496,181.296,144667,4
Walked Through Hell,Anson Seabra,alt z,4581309,0.508,0.404,10,-11.092,1,0.0788,0.664,0,0.104,0.129,81.713,216865,4
Wanna Be Missed,Hayley Kiyoko,alt z,2736031,0.588,0.653,9,-5.645,0,0.0373,0.127,0,0.423,0.18,104.897,195773,3
Waste of Emotion,ELIO,alt z,3579980,0.698,0.725,2,-7.403,1,0.0431,0.0127,0.122,0.288,0.0765,104.99,177772,4
Water Fountain,Alec Benjamin,alt z,2188930,0.723,0.504,8,-5.572,1,0.0392,0.388,7.4e-05,0.087,0.551,133.975,218893,4
Ways Of Love,Bahari,alt z,559039,0.601,0.513,0,-8.492,0,0.0378,0.421,8.42e-05,0.0868,0.391,121.78,206622,4
Weddings & Funerals,Royal & the Serpent,alt z,3141985,0.507,0.581,6,-5.339,0,0.143,0.139,0,0.54,0.423,96.64,176598,4
Welcome to Wonderland,Anson Seabra,alt z,5930833,0.703,0.179,4,-10.906,1,0.0366,0.949,0,0.102,0.346,97.427,199131,3
What A Shame,Leyla Blue,alt z,1427522,0.699,0.463,0,-7.828,1,0.475,0.315,0,0.0803,0.565,143.99,177200,4
What They'll Say About Us,FINNEAS,alt z,1186434,0.538,0.318,7,-13.036,0,0.0417,0.88,7.28e-05,0.116,0.0897,144.988,181210,4
When,dodie,alt z,446216,0.309,0.0925,8,-15.885,1,0.0356,0.971,0.00212,0.102,0.245,89.829,223108,3
Where the Sidewalk Ends,gnash,alt z,1634732,0.847,0.346,6,-11.778,1,0.444,0.704,0,0.128,0.687,122.028,164262,4
Why Do You Love Me,Charlotte Lawrence,alt z,2900463,0.838,0.305,8,-6.165,0,0.0824,0.28,0.000116,0.203,0.718,120.065,171908,4
Words Ain't Enough,Tessa Violet,alt z,746490,0.789,0.212,3,-11.85,1,0.0493,0.85,3.08e-05,0.107,0.253,110.479,124365,3
YES MOM,Tessa Violet,alt z,162360,0.78,0.672,8,-4.398,1,0.0328,0.143,7.27e-05,0.125,0.541,97.054,162360,4
Younger,Ruel,alt z,5272303,0.745,0.477,11,-7.706,0,0.088,0.202,0,0.12,0.454,136.055,222320,4
2021,Lauv,pop,195952,0.849,0.489,0,-7.433,1,0.0509,0.683,1.91e-05,0.108,0.345,113.977,195952,4
22,Taylor Swift,pop,595000,0.642,0.695,7,-5.62,1,0.0281,0.000443,1.02e-05,0.0753,0.642,103.984,230960,4
26,Lauv,pop,828121,0.643,0.458,6,-8.636,1,0.0875,0.809,0.00015,0.237,0.506,164.16,159608,4
2AM,SZA,pop,84920,0.504,0.267,9,-13.678,0,0.406,0.438,0,0.141,0.392,83.966,242823,4
2step,Ed Sheeran,pop,4701620,0.763,0.661,4,-5.592,0,0.056,0.169,0,0.117,0.632,95.002,153627,4
2step (feat. Armaan Malik),Ed Sheeran,pop,153124,0.747,0.667,4,-5.181,0,0.0566,0.18,0,0.146,0.508,95,153124,4
2step (feat. Lil Baby),Ed Sheeran,pop,181369,0.693,0.643,4,-5.867,0,0.0828,0.138,0,0.108,0.477,95.055,163450,4
3:15,Bazzi,pop,167018,0.651,0.654,1,-5.481,1,0.0466,0.385,0,0.181,0.539,141.975,167019,4
4u,blackbear,pop,356134,0.776,0.513,5,-6.757,1,0.0872,0.392,0,0.0642,0.813,153.934,158571,4
90210 (feat. G-Eazy),blackbear,pop,223286,0.707,0.707,11,-6.161,0,0.0375,0.0306,0,0.127,0.231,104.039,223296,4
@ my worst,blackbear,pop,5728917,0.615,0.774,4,-5.152,0,0.0551,0.0173,0,0.15,0.336,136.887,191364,4
A+E (feat. Kandaka Moore & Nikki Cislyn),Clean Bandit,pop,246584,0.808,0.519,5,-8.268,0,0.0403,0.00623,0.136,0.119,0.384,114.977,246584,4
ALIEN SUPERSTAR,Beyonc√©,pop,233,0.545,0.641,10,-6.398,0,0.0998,0.00453,6.59e-05,0.171,0.464,121.892,215460,4
Adrenaline,Lauv,pop,80290,0.651,0.688,6,-4.407,1,0.109,0.354,2.57e-06,0.0741,0.616,95.017,206368,4
Afterglow,Ed Sheeran,pop,34603,0.641,0.324,11,-5.851,1,0.0299,0.698,0,0.328,0.273,110.184,185487,4
Alive,Khalid,pop,177310,0.386,0.406,11,-10.419,1,0.0425,0.832,0.0597,0.171,0.205,78.616,177413,4
All 4 Nothing (I'm So In Love),Lauv,pop,7718836,0.72,0.819,1,-4.588,1,0.0362,0.0411,0,0.0606,0.898,131.99,183014,4
All Night Long,Jonas Blue,pop,206666,0.572,0.811,6,-4.874,0,0.066,0.00887,5.65e-06,0.124,0.332,125.946,206667,4
All Your Exes,Julia Michaels,pop,897032,0.603,0.618,1,-5.184,1,0.0319,0.0232,0,0.118,0.323,112.114,209276,3
All of the Stars,Ed Sheeran,pop,234986,0.54,0.557,11,-6.097,1,0.0259,0.00886,0.000182,0.307,0.287,75.035,237147,4
Always Be There,Jonas Blue,pop,396814,0.702,0.759,0,-3.292,1,0.0381,0.16,0,0.062,0.761,123.999,198408,4
Angles,Jonas Blue,pop,17087,0.708,0.872,0,-5.377,0,0.0463,0.0148,0.802,0.0881,0.743,124.996,165120,3
As It Was,Harry Styles,pop,9870828,0.52,0.731,6,-5.338,0,0.0557,0.342,0.00101,0.311,0.662,173.93,167303,4
Attention,Charlie Puth,pop,1882885,0.775,0.613,3,-4.586,0,0.0542,0.109,2.33e-05,0.134,0.797,100.066,208787,4
BOY,Charlie Puth,pop,2028674,0.725,0.77,1,-6.24,1,0.0539,0.149,2.17e-05,0.0641,0.647,93.009,263413,4
Bad Girl,Daya,pop,2186903,0.834,0.662,5,-6.179,1,0.0407,0.522,9.07e-05,0.14,0.718,115.999,166223,4
Bad Girl - JVKE Remix,Daya,pop,531012,0.834,0.662,5,-6.179,1,0.0407,0.522,9.07e-05,0.14,0.718,115.999,166223,4
Bad Habits,Ed Sheeran,pop,1644668,0.807,0.893,11,-3.745,0,0.0347,0.0451,2.79e-05,0.366,0.537,126.011,230747,4
Bad Trip,Lauv,pop,166700,0.643,0.655,6,-5.606,1,0.0242,0.0558,0,0.0731,0.382,130.11,166701,4
Beautiful Mistakes (feat. Megan Thee Stallion),Maroon 5,pop,2063146,0.713,0.676,10,-5.483,1,0.027,0.0377,0,0.154,0.721,99.048,227395,4
Before You Go,Lewis Capaldi,pop,1908,0.459,0.575,3,-4.858,1,0.0573,0.604,0,0.0885,0.183,111.881,215107,4
Believed,Lauv,pop,169900,0.796,0.518,11,-8.09,0,0.0516,0.0766,0,0.444,0.49,149.962,169760,4
Better,Khalid,pop,252446,0.596,0.552,0,-10.278,0,0.097,0.0765,0.334,0.104,0.112,97.949,229320,4
Better Than This,Lauv,pop,214824,0.699,0.701,1,-5.577,1,0.0292,0.0195,7.83e-06,0.113,0.309,90.053,214824,4
Better to Lie (with Jesse & Swae Lee),benny blanco,pop,3580168,0.773,0.617,10,-7.545,0,0.0672,0.0514,8e-06,0.11,0.551,155.026,175341,4
Billboard,Jonas Blue,pop,87513,0.706,0.876,8,-3.587,1,0.167,0.397,0,0.0944,0.44,104.022,172729,4
Billy,Lauv,pop,2300122,0.786,0.323,2,-8.75,1,0.367,0.0478,0,0.0878,0.439,176.793,180293,3
alone in a room full of people,blackbear,pop,154589,0.637,0.853,4,-4.014,1,0.0853,0.2,0,0.311,0.648,162.093,154814,4
august,Taylor Swift,pop,1108,0.532,0.623,5,-9.208,1,0.0331,0.538,7.28e-05,0.0925,0.403,89.937,261923,4
bad day,blackbear,pop,159147,0.592,0.777,9,-5.001,1,0.258,0.0948,0,0.18,0.404,154.939,159193,4
brutal,Olivia Rodrigo,pop,764066,0.672,0.526,4,-6.446,1,0.0599,0.0311,1.37e-06,0.28,0.28,123.999,143747,4
candayapple (feat. Paul Wall & Riff Raff),blackbear,pop,84841,0.53,0.748,10,-3.013,0,0.331,0.287,0,0.414,0.887,120.259,274732,4
cardigan,Taylor Swift,pop,1693584,0.613,0.581,0,-8.588,0,0.0424,0.537,0.000345,0.25,0.551,130.033,239560,4
chateau,blackbear,pop,212777,0.665,0.635,11,-5.763,0,0.0446,0.0516,0,0.367,0.472,97.974,212927,4
clown (with Trevor Daniel),blackbear,pop,148039,0.709,0.774,10,-4.797,1,0.069,0.12,0,0.208,0.393,94.013,148165,4
deadroses,blackbear,pop,184660,0.612,0.536,10,-6.537,0,0.157,0.697,0,0.131,0.603,132.251,184636,4
deja vu,Olivia Rodrigo,pop,1974865,0.442,0.612,2,-7.222,1,0.112,0.584,5.7e-06,0.37,0.178,180.917,215507,4
dirty laundry,blackbear,pop,159913,0.766,0.64,0,-8.899,1,0.0345,0.051,0,0.237,0.67,100.044,165600,4
dirty laundry - slowed,blackbear,pop,167370,0.788,0.664,5,-6.633,0,0.0427,0.0775,2.8e-06,0.252,0.547,96.024,167369,4
do re mi,blackbear,pop,4978349,0.745,0.593,8,-6.35,1,0.0524,0.00522,5.06e-06,0.123,0.17,111.001,212027,3
do re mi - Good Intent Remix,blackbear,pop,196153,0.793,0.615,10,-5.044,0,0.0616,0.442,0,0.0928,0.332,110.978,196216,4
do re mi - Rad Cat Remix,blackbear,pop,34590,0.754,0.433,1,-7.704,1,0.0637,0.216,0,0.0936,0.339,109.954,226909,4
do re mi - Y2K Remix,blackbear,pop,165052,0.723,0.626,10,-6.041,0,0.0447,0.131,0,0.11,0.238,112.074,165250,4
drivers license,Olivia Rodrigo,pop,2550439,0.561,0.431,10,-8.81,1,0.0578,0.768,1.42e-05,0.106,0.137,143.875,242013,4
e.z. (feat. Machine Gun Kelly),blackbear,pop,252088,0.793,0.531,9,-8.501,0,0.127,0.0356,1.02e-05,0.0905,0.337,129.951,252171,4
g2g ttyl (feat. THEY.),blackbear,pop,181752,0.63,0.382,3,-5.535,0,0.0558,0.471,0,0.176,0.555,97.706,181771,5
gfy (with Machine Gun Kelly),blackbear,pop,172771,0.744,0.732,8,-3.036,1,0.0522,0.0264,0,0.352,0.387,121.086,174067,4
ghost town (ft. Sasha Alex Sloan),blackbear,pop,1464696,0.71,0.778,4,-5.336,0,0.0317,0.0466,0,0.0763,0.382,101.024,187802,4
good 4 u,Olivia Rodrigo,pop,1820783,0.563,0.664,9,-5.044,1,0.154,0.335,0,0.0849,0.688,166.928,178147,4
half alive,blackbear,pop,194953,0.704,0.785,8,-3.588,1,0.0381,0.0204,0,0.153,0.765,125.077,195110,4
happiness,Taylor Swift,pop,2654908,0.559,0.334,11,-10.733,1,0.0376,0.87,0,0.114,0.211,122.079,315147,4
hot girl bummer,blackbear,pop,7358310,0.782,0.559,6,-7.106,0,0.0767,0.125,0,0.385,0.685,129.992,188344,1
hotel andrea,blackbear,pop,204215,0.359,0.361,3,-10.194,0,0.0552,0.365,0,0.111,0.28,85.898,227397,4
i dont love me,blackbear,pop,19185,0.666,0.704,1,-5.737,0,0.0366,0.0106,1.11e-05,0.348,0.418,139.972,197149,4
idfc,blackbear,pop,2095784,0.63,0.5,1,-8.755,0,0.0611,0.611,4.04e-05,0.114,0.315,144.871,245172,4
idfc - Tarro Remix,blackbear,pop,3540521,0.58,0.694,1,-5.45,0,0.221,0.481,1.18e-06,0.109,0.389,139.751,248633,4
if I were u (with Lauv),blackbear,pop,6531305,0.666,0.628,8,-5.613,1,0.0623,0.144,0,0.189,0.767,82.992,186468,4
me & ur ghost,blackbear,pop,453865,0.742,0.679,7,-4.594,1,0.0259,0.0488,0,0.0754,0.856,100.041,201398,4
moodz (feat. 24hrs),blackbear,pop,219938,0.754,0.486,8,-8.864,1,0.143,0.199,1.98e-05,0.115,0.151,101.922,220588,4
my bad luv,blackbear,pop,183346,0.64,0.655,9,-4.684,0,0.0414,0.0362,0,0.456,0.389,122.967,183433,4
my heart is lost,blackbear,pop,197793,0.643,0.521,6,-7.966,1,0.0516,0.241,0,0.0896,0.678,159.964,198000,4
n.y.e.,blackbear,pop,169219,0.742,0.639,2,-7.63,0,0.183,0.124,0,0.114,0.356,115.078,169431,3
nervous,blackbear,pop,153937,0.821,0.517,6,-10.488,0,0.0497,0.201,3.74e-06,0.203,0.722,115.087,153913,4
paragraphs,blackbear,pop,169581,0.742,0.46,1,-11.229,1,0.0635,0.243,0,0.102,0.116,99.073,169697,4
playboy shit (feat. Lil Aaron),blackbear,pop,211930,0.656,0.741,11,-4.998,0,0.18,0.0847,0,0.111,0.882,154.937,212129,4
positions,Ariana Grande,pop,16866,0.737,0.802,0,-4.771,1,0.0878,0.468,0,0.0931,0.682,144.015,172325,4
queen of broken hearts,blackbear,pop,1882006,0.717,0.712,0,-6.098,1,0.0765,0.00663,0,0.0756,0.825,97.019,171172,4
rly real,blackbear,pop,172825,0.744,0.407,6,-10.513,1,0.0657,0.103,0,0.128,0.621,100.004,172852,4
slide thru (feat. Jerry Good),blackbear,pop,197821,0.585,0.512,1,-9.764,0,0.527,0.473,1.56e-06,0.131,0.698,121.896,185287,4
smile again,blackbear,pop,298186,0.68,0.423,6,-6.279,1,0.0321,0.597,0,0.371,0.686,85.042,149254,4
sobbing in cabo,blackbear,pop,186939,0.596,0.794,7,-5.366,1,0.0338,0.0193,1.4e-06,0.0997,0.246,97,187024,4
the 1 - KIN Remix,blackbear,pop,150956,0.703,0.408,4,-7.883,0,0.139,0.42,0,0.176,0.313,108.026,151111,4
the 1 - NvrLeft Remix,blackbear,pop,79990,0.585,0.952,2,-1.498,1,0.311,0.0044,1.41e-05,0.117,0.343,150.177,185600,4
the 1 - Rad Cat Remix,blackbear,pop,1295,0.674,0.596,4,-6.038,0,0.0622,0.0101,1.06e-06,0.104,0.184,110.066,198545,4
u love u (with Tate McRae),blackbear,pop,7287914,0.544,0.704,4,-5.678,0,0.0435,0.0156,0,0.164,0.265,80.029,189062,4
up at night (feat. justin bieber),Kehlani,pop,299495,0.563,0.756,0,-3.852,0,0.0579,0.196,0,0.245,0.234,100.012,182227,4
why are girls?,blackbear,pop,187734,0.685,0.783,7,-4.833,1,0.0779,0.16,0,0.182,0.804,101.134,187811,4
wish u the best (feat. Stalking Gia),blackbear,pop,154453,0.802,0.495,2,-6.154,0,0.19,0.0232,0,0.109,0.473,114.99,154452,4
Black And White,Niall Horan,pop,193089,0.443,0.582,2,-6.02,1,0.0482,0.0301,0,0.127,0.239,147.589,193090,4
Blue,Madison Beer,pop,459735,0.64,0.501,7,-7.86,1,0.0624,0.15,0,0.16,0.346,114.031,229882,4
Body,Julia Michaels,pop,180634,0.54,0.409,8,-6.658,1,0.0284,0.781,0,0.104,0.197,95.177,180293,4
Boyfriend,Dove Cameron,pop,1965905,0.345,0.612,7,-6.543,0,0.0608,0.232,0,0.194,0.232,179.773,153000,3
CHANGES,blackbear,pop,139345,0.813,0.295,5,-8.343,1,0.0482,0.104,0,0.095,0.413,100.009,154225,4
Can I Be Him,James Arthur,pop,246659,0.696,0.543,11,-6.164,1,0.0489,0.308,0,0.0939,0.479,107.969,246880,4
Canada (feat. Alessia Cara),Lauv,pop,184008,0.628,0.264,9,-12.783,1,0.0405,0.623,0,0.146,0.346,93.252,184009,4
Castle on the Hill,Ed Sheeran,pop,522306,0.461,0.834,2,-4.868,1,0.0989,0.0232,1.14e-05,0.14,0.471,135.007,261154,4
Celestial,Ed Sheeran,pop,434253,0.574,0.852,2,-1.248,1,0.0397,0.0529,0,0.161,0.501,123.038,209027,4
Chasing Fire,Lauv,pop,205267,0.708,0.562,5,-4.864,1,0.0725,0.0449,0,0.216,0.386,125.963,205267,4
Cheating on You,Charlie Puth,pop,413940,0.749,0.535,4,-6.785,1,0.0336,0.0131,3.65e-05,0.0982,0.601,123.042,196607,4
Classic,MKTO,pop,350852,0.72,0.791,1,-4.689,1,0.124,0.0384,0,0.157,0.756,102.071,175427,4
Coast (feat. Anderson .Paak),Hailee Steinfeld,pop,134416,0.701,0.875,11,-4.1,1,0.0757,0.0262,7.32e-06,0.137,0.84,111.976,166720,4
"Come Back Home - From ""Purple Hearts""",Sofia Carson,pop,125543,0.563,0.532,7,-7.726,1,0.0416,0.236,9.75e-06,0.122,0.429,145.001,176859,4
Comfortable,Lauv,pop,334071,0.605,0.554,9,-5.629,0,0.0948,0.761,0,0.0903,0.546,73.457,165102,4
DEAD TO ME,blackbear,pop,179940,0.709,0.725,7,-5.545,0,0.0759,0.0772,0,0.158,0.226,139.968,180576,4
DOWN,blackbear,pop,139473,0.767,0.696,2,-3.428,1,0.162,0.231,0,0.228,0.715,115.006,217564,4
DRUG DEALER,blackbear,pop,166183,0.594,0.462,1,-8.677,0,0.141,0.00841,0,0.13,0.164,78.805,166219,4
Dancing With A Stranger (with Normani),Sam Smith,pop,604608,0.741,0.52,8,-7.513,1,0.0656,0.447,1.97e-06,0.222,0.347,102.998,171030,4
Dangerously,Charlie Puth,pop,2011023,0.696,0.517,2,-8.379,0,0.0366,0.364,0,0.197,0.23,112.291,199133,3
Dark Horse,Katy Perry,pop,215672,0.647,0.585,6,-6.123,1,0.0512,0.00314,0,0.165,0.353,131.934,215672,4
Dishes - Acoustic,Lauv,pop,282884,0.641,0.161,4,-12.466,1,0.0413,0.89,1.02e-06,0.104,0.45,91.116,141442,4
Does It Feel,Charlie Puth,pop,218511,0.61,0.86,8,-4.6,0,0.127,0.177,0,0.155,0.549,98.995,218667,4
Done for Me (feat. Kehlani),Charlie Puth,pop,395336,0.856,0.632,6,-3.692,0,0.074,0.193,0,0.0688,0.697,112.009,180493,4
Don‚Äôt Wake Me Up,Jonas Blue,pop,227404,0.621,0.747,11,-5.084,1,0.0337,0.222,0.000194,0.147,0.426,124.015,188894,4
Dreams,Bazzi,pop,146980,0.663,0.666,6,-5.441,1,0.125,0.583,3.85e-06,0.222,0.605,159.983,147021,4
Drugs & The Internet,Lauv,pop,2110,0.466,0.551,2,-7.043,1,0.131,0.361,9.32e-05,0.333,0.243,88.794,178560,4
Eastside (with Halsey & Khalid),benny blanco,pop,479541,0.632,0.686,6,-7.665,0,0.243,0.549,0,0.2,0.329,89.949,170770,4
Empty Cups,Charlie Puth,pop,169963,0.77,0.555,4,-6.361,1,0.0754,0.224,1.78e-06,0.0754,0.776,100.035,170947,4
Everything Has Changed,Taylor Swift,pop,245413,0.498,0.61,6,-5.098,1,0.0363,0.271,0,0.223,0.474,79.918,245427,4
Fake,Lauv,pop,1036301,0.703,0.656,6,-5.363,0,0.078,0.139,0,0.0947,0.455,82.964,146375,4
Falling,Harry Styles,pop,456919,0.567,0.267,4,-6.502,1,0.0299,0.839,1.46e-06,0.089,0.0592,110.011,240133,4
Falling Like The Stars,James Arthur,pop,3053,0.552,0.347,6,-9.542,1,0.0303,0.79,2.15e-06,0.111,0.173,113.809,211653,4
Fantasy,Bazzi,pop,2943553,0.699,0.668,5,-4.272,0,0.0336,0.154,3.2e-06,0.362,0.314,144.105,148230,4
Fast Car,Jonas Blue,pop,122866,0.672,0.578,9,-6.621,1,0.0569,0.469,0,0.312,0.548,113.945,212424,4
Feel It Still,Sofia Carson,pop,289258,0.708,0.446,1,-7.993,0,0.0921,0.0498,3.09e-06,0.108,0.473,151.974,144629,4
Feelings,Lauv,pop,1207224,0.7,0.394,9,-8.911,1,0.0328,0.0567,0,0.0801,0.241,103.041,189907,4
First Grade,Lauv,pop,0,0.423,0.196,5,-11.576,1,0.0391,0.897,0,0.103,0.27,117.953,218676,4
For Now,Lauv,pop,189240,0.532,0.227,7,-12.184,1,0.0416,0.776,7.56e-06,0.086,0.107,83.57,189240,4
For You (With Rita Ora),Liam Payne,pop,4213994,0.535,0.8,2,-4.569,0,0.0342,0.0183,0,0.421,0.175,113.023,242828,4
Forever,Lewis Capaldi,pop,2589218,0.646,0.355,1,-7.119,1,0.0263,0.873,0,0.115,0.364,84.988,210863,4
"Free - From Disney's ""The One And Only Ivan""",Charlie Puth,pop,876733,0.513,0.448,1,-6.961,1,0.0305,0.632,0,0.101,0.126,97.07,228821,4
Galway Girl,Ed Sheeran,pop,170826,0.624,0.876,9,-3.374,1,0.1,0.0735,0,0.327,0.781,99.943,170827,4
Girlfriend,Charlie Puth,pop,1218348,0.758,0.583,1,-6.361,1,0.0421,0.18,5.12e-05,0.107,0.797,97.537,177438,4
Girls Like You (feat. Cardi B) - Cardi B Version,Maroon 5,pop,235545,0.851,0.541,0,-6.825,1,0.0505,0.568,0,0.13,0.448,124.959,235545,4
Good Vibes,HRVY,pop,2412420,0.558,0.877,10,-3.392,1,0.145,0.274,0,0.162,0.762,99.988,170280,4
HATE MY GUTS,blackbear,pop,319804,0.786,0.441,8,-7.937,1,0.429,0.127,0,0.118,0.682,95.757,160216,4
HEARTBROKEN,blackbear,pop,133989,0.555,0.588,2,-7.004,1,0.33,0.0399,0,0.259,0.419,139.887,134253,4
HIGH1X,blackbear,pop,194904,0.848,0.384,1,-8.492,1,0.0617,0.0671,0,0.0852,0.481,98.483,169786,4
Happier,Ed Sheeran,pop,1963220,0.522,0.385,0,-7.355,1,0.0288,0.536,0,0.135,0.236,89.792,207520,4
Hard On Yourself,Charlie Puth,pop,208511,0.824,0.783,1,-4.53,0,0.0507,0.22,0,0.234,0.788,114.028,160825,4
Harleys In Hawaii,Katy Perry,pop,3233306,0.721,0.751,10,-6.203,0,0.125,0.162,6.59e-06,0.118,0.738,140.095,185481,4
Hear Me Say,Jonas Blue,pop,205103,0.697,0.836,5,-5.005,1,0.0437,0.133,4.46e-06,0.0754,0.631,121.977,190772,4
Heart Attack,Demi Lovato,pop,2635171,0.504,0.785,8,-4.802,1,0.104,0.0738,0,0.239,0.502,173.968,210840,4
Heartbroken,HRVY,pop,1272928,0.795,0.792,11,-4.747,0,0.118,0.198,5.85e-06,0.119,0.854,103.984,172000,4
Heaven,Bazzi,pop,153391,0.798,0.575,5,-5.487,0,0.0351,0.145,2.23e-06,0.0601,0.685,114.989,153391,4
Heaven,Julia Michaels,pop,1862024,0.552,0.371,7,-9.104,0,0.0359,0.857,0,0.0838,0.245,199.843,191787,3
Hey Ari,Lauv,pop,169082,0.757,0.274,2,-9.776,1,0.0372,0.509,0,0.194,0.53,88.01,168722,4
Holiday,HRVY,pop,411796,0.7,0.724,9,-4.812,1,0.0375,0.0381,1.84e-06,0.139,0.488,128.028,207605,4
How Long,Charlie Puth,pop,1987703,0.845,0.561,1,-5.253,0,0.0778,0.211,3.49e-06,0.0383,0.811,109.974,200853,4
How Long - Jerry Folk Remix,Charlie Puth,pop,2320851,0.817,0.581,11,-6.95,0,0.324,0.255,0.00595,0.1,0.396,114.958,196190,4
I (Don't) Have A Problem,Lauv,pop,147699,0.376,0.247,1,-8.367,0,0.0285,0.646,0.000452,0.37,0.394,184.216,147699,4
I Don't Wanna Know - Live from Spotify Studios NYC,Charlie Puth,pop,1779945,0.431,0.0748,11,-13.615,0,0.0516,0.98,3.24e-06,0.114,0.367,98.188,215882,4
I Don‚Äôt Think That I Like Her,Charlie Puth,pop,114490,0.587,0.548,8,-5.846,0,0.0339,0.396,0,0.109,0.713,186.073,188508,4
I Don‚Äôt Wanna Live Forever (Fifty Shades Darker),ZAYN,pop,246924,0.731,0.445,0,-8.418,1,0.0533,0.0586,1.96e-05,0.14,0.106,117.97,247160,4
I Kissed A Girl,Katy Perry,pop,179467,0.699,0.76,5,-3.173,1,0.0677,0.00223,0,0.132,0.696,129.996,179640,4
I Knew You Were Trouble.,Taylor Swift,pop,234045,0.584,0.557,6,-6.371,1,0.0342,0.0129,0,0.0576,0.767,154.008,219760,4
I Like Me Better,Lauv,pop,634601,0.753,0.505,9,-7.621,1,0.255,0.534,2.58e-06,0.104,0.419,91.972,197437,4
I Like That,Bazzi,pop,1289760,0.665,0.692,6,-5.431,0,0.112,0.172,0,0.191,0.68,74.474,158084,4
I Love You,Alex & Sierra,pop,229464,0.525,0.439,0,-6.596,1,0.0259,0.658,0,0.0636,0.238,84.956,229640,4
I See Love,Jonas Blue,pop,16482,0.736,0.706,2,-3.899,0,0.0438,0.0133,0,0.324,0.758,123.047,173220,4
I Wanna Dance,Jonas Blue,pop,220242,0.818,0.841,5,-6.44,1,0.131,0.109,0.00791,0.186,0.605,125.997,184573,4
I Warned Myself,Charlie Puth,pop,162298,0.488,0.311,10,-11.467,0,0.297,0.562,0.000548,0.161,0.579,184.112,159783,4
I feel 2 much,blackbear,pop,239865,0.612,0.544,9,-7.279,1,0.0666,0.408,0,0.0998,0.694,86.046,240038,4
I feel bad,blackbear,pop,174838,0.637,0.785,9,-3.382,0,0.0512,0.0201,0,0.333,0.923,144.053,175066,4
I felt that,blackbear,pop,404776,0.692,0.727,7,-5.58,1,0.0305,0.00836,1.07e-06,0.131,0.424,99.977,202589,4
I hope your whole life sux,blackbear,pop,179148,0.708,0.644,1,-5.862,0,0.195,0.27,0,0.0686,0.699,133.925,179186,4
I.F.L.Y.,Bazzi,pop,4218837,0.812,0.519,2,-4.823,1,0.0385,0.379,0,0.13,0.554,104.954,165714,4
Impossible,James Arthur,pop,209440,0.376,0.695,0,-4.782,0,0.0933,0.135,0,0.11,0.302,169.533,209440,4
Invisible Things,Lauv,pop,8911,0.744,0.552,7,-7.406,1,0.0926,0.0834,8.02e-06,0.132,0.285,125.194,197307,5
Issues,Julia Michaels,pop,726412,0.728,0.415,8,-6.852,1,0.0639,0.401,0,0.0616,0.455,114.145,176320,4
Issues - Alan Walker Remix,Julia Michaels,pop,480744,0.752,0.774,8,-4.379,1,0.0532,0.142,8.3e-06,0.0993,0.625,113.935,181000,4
Juicy Sweatsuits (feat. Juicy J),blackbear,pop,183876,0.716,0.535,1,-8.01,1,0.42,0.218,0,0.0673,0.572,102.843,183944,4
Julia,Lauv,pop,1315226,0.755,0.625,2,-7.114,1,0.0897,0.49,0,0.157,0.374,147.022,174861,4
Kids Are Born Stars,Lauv,pop,375182,0.802,0.547,8,-7.034,1,0.0518,0.205,0,0.109,0.922,109.966,187026,4
Kiwi,Harry Styles,pop,3564300,0.375,0.93,2,-2.631,1,0.0561,0.00064,0,0.318,0.491,147.124,176387,4
Know Your Worth,Khalid,pop,10225,0.79,0.694,9,-7.726,0,0.0708,0.145,0.00252,0.281,0.508,103.007,181436,4
LOSING YOU,blackbear,pop,204847,0.475,0.39,0,-11.344,0,0.063,0.0654,0.00045,0.16,0.0713,143.88,205005,4
Late Night Talking,Harry Styles,pop,3381132,0.714,0.728,10,-4.595,1,0.0468,0.298,0,0.106,0.901,114.996,177955,4
Left Right Left,Charlie Puth,pop,39920,0.881,0.592,2,-4.898,1,0.0324,0.619,1.32e-05,0.0901,0.719,101.058,154487,4
Left and Right (Feat. Jung Kook of BTS),Charlie Puth,pop,3025182,0.881,0.592,2,-4.898,1,0.0324,0.619,1.32e-05,0.0901,0.719,101.058,154487,4
Left and Right (feat. Jung Kook of BTS) - Galantis Remix,Charlie Puth,pop,145144,0.736,0.809,2,-4.487,1,0.0323,0.15,0.00151,0.0886,0.744,122.023,165269,4
Let It Go,Demi Lovato,pop,94044,0.505,0.624,7,-6.513,1,0.0371,0.0235,0,0.5,0.215,139.849,224387,4
Light Switch,Charlie Puth,pop,35488117,0.689,0.627,6,-5.692,1,0.308,0.105,0.000321,0.0905,0.905,184.008,187704,4
Light Switch - Ti√´sto Remix,Charlie Puth,pop,184116,0.7,0.832,1,-4.969,1,0.0539,0.000421,0.464,0.278,0.533,129.983,170769,4
Little Do You Know,Alex & Sierra,pop,2249065,0.5,0.292,0,-8.554,1,0.0323,0.746,0,0.188,0.37,145.879,185200,4
Live Forever (With Cheat Codes),Liam Payne,pop,114442,0.69,0.676,7,-6.111,1,0.0335,0.213,0,0.123,0.664,100.023,174780,4
Lonely Eyes,Lauv,pop,6017843,0.586,0.503,2,-7.002,1,0.0268,0.0403,0,0.0994,0.385,95.013,196493,4
Lose You To Love Me,Selena Gomez,pop,206282,0.488,0.343,4,-8.985,1,0.0436,0.556,0,0.21,0.0978,102.819,206459,4
Lost,Maroon 5,pop,2240236,0.766,0.706,7,-6.553,0,0.16,0.223,0.00028,0.064,0.766,142.989,172598,4
Lotta Love,Jack & Jack,pop,13633,0.724,0.603,10,-7.968,1,0.0764,0.261,0,0.185,0.486,105,170667,4
Love Like That,Lauv,pop,7576189,0.679,0.481,3,-9.045,1,0.0593,0.208,1.02e-05,0.284,0.486,80.011,184557,4
Love Somebody,Lauv,pop,428055,0.511,0.467,7,-7.799,1,0.144,0.263,0,0.0641,0.373,78.173,142773,1
Love You Like A Love Song,Selena Gomez & The Scene,pop,188454,0.858,0.678,1,-3.87,0,0.0469,0.0761,0,0.0741,0.922,117.009,188453,4
MAKE A MESS,blackbear,pop,159586,0.823,0.455,11,-7.839,0,0.0466,0.00175,1.24e-06,0.0559,0.723,126.96,159734,4
ME BECAUSE OF YOU,HRVY,pop,4323012,0.653,0.866,10,-4.898,1,0.0552,0.0797,1.11e-06,0.17,0.644,121.972,173093,4
Mama,Jonas Blue,pop,1543274,0.738,0.794,11,-4.118,0,0.0416,0.101,0,0.0533,0.566,104.014,184134,4
Mama (feat. Ellie Goulding),Clean Bandit,pop,69604,0.737,0.714,1,-6.138,0,0.0367,0.225,3.79e-06,0.267,0.608,102.046,189973,4
Mama - Syn Cole Remix,Jonas Blue,pop,179887,0.787,0.796,11,-3.551,0,0.0429,0.0286,0,0.0909,0.634,126.032,179888,4
Maps,Maroon 5,pop,189960,0.742,0.713,1,-5.522,0,0.0303,0.0205,0,0.059,0.879,120.032,189960,4
Marvin Gaye (feat. Meghan Trainor),Charlie Puth,pop,190075,0.795,0.616,1,-5.281,0,0.06,0.417,0,0.349,0.815,110.015,190453,4
Me And My Broken Heart,Rixton,pop,4441792,0.545,0.783,5,-4.261,0,0.0345,0.00489,0,0.132,0.551,174.084,193733,4
Mean It,Lauv,pop,1642740,0.747,0.45,7,-8.543,1,0.0919,0.0407,0,0.17,0.329,96.001,232853,4
Memories,Maroon 5,pop,189486,0.775,0.327,11,-7.241,1,0.0557,0.841,0,0.0821,0.595,91.05,189486,4
Million Ways,HRVY,pop,1156500,0.645,0.803,6,-4.819,1,0.034,0.0312,0,0.13,0.471,106.03,169887,4
Mine,Bazzi,pop,40720,0.71,0.789,4,-3.874,1,0.0722,0.0161,2.77e-06,0.451,0.717,142.929,131064,4
Mine (You Can't Find Love in Mollywood),Lauv,pop,412266,0.734,0.498,1,-7.453,0,0.0318,0.229,5.59e-06,0.093,0.382,126.054,206133,4
Miss Me - Demo,Lauv,pop,118920,0.568,0.452,3,-7.258,1,0.117,0.552,0,0.18,0.213,73.701,118920,4
Modern Loneliness,Lauv,pop,515889,0.701,0.507,8,-7.106,1,0.0353,0.14,0,0.108,0.146,82.009,252337,4
Molly In Mexico,Lauv,pop,179848,0.664,0.855,1,-6.069,0,0.0633,0.00439,0.241,0.0959,0.754,143.993,179388,4
Montana,Daya,pop,5343689,0.602,0.405,2,-7.157,1,0.0319,0.903,0,0.133,0.321,137.743,203869,4
Mother,Charlie Puth,pop,2617434,0.407,0.697,11,-5.612,1,0.342,0.375,5.07e-06,0.125,0.632,179.681,162864,3
"Moves Like Jagger - Studio Recording From ""The Voice"" Performance",Maroon 5,pop,201329,0.722,0.758,11,-4.477,0,0.0471,0.0111,0,0.308,0.62,128.047,201160,4
My Gospel,Charlie Puth,pop,1690822,0.7,0.654,6,-7.126,0,0.297,0.27,0,0.0768,0.494,112.039,210867,4
My Oasis (feat. Burna Boy),Sam Smith,pop,1972347,0.691,0.474,10,-8.742,0,0.0583,0.569,0.000626,0.099,0.381,143.783,179917,4
NEVERMIND,HRVY,pop,1222680,0.658,0.529,5,-6.807,1,0.111,0.15,0,0.129,0.59,102.18,176080,4
Naked,James Arthur,pop,17438,0.525,0.61,6,-6.793,1,0.0404,0.084,0,0.0572,0.293,101.875,233400,4
Never Not,Lauv,pop,438837,0.471,0.22,5,-9.243,1,0.037,0.691,0,0.104,0.26,133.714,208000,4
New,Daya,pop,2626608,0.715,0.742,0,-4.331,1,0.0347,0.052,2.47e-05,0.364,0.322,106.971,230880,4
No One Compares To You,Jack & Jack,pop,2285386,0.7,0.748,1,-6.044,1,0.0434,0.127,0,0.0941,0.631,111.939,182920,4
Nobody's Perfect,Hannah Montana,pop,104829,0.594,0.977,10,-4.193,0,0.0647,0.0597,3.49e-06,0.309,0.793,131.98,200827,4
One Call Away,Charlie Puth,pop,388801,0.667,0.613,1,-5.353,1,0.0344,0.403,0,0.115,0.47,91.024,194453,4
One Last Time,Ariana Grande,pop,10378,0.628,0.593,8,-5.036,1,0.0323,0.093,1.65e-06,0.096,0.104,125.026,197267,4
One More Night,Maroon 5,pop,219360,0.718,0.82,5,-3.453,0,0.0323,0.0444,0,0.0846,0.613,92.998,219467,4
Our Song,Anne-Marie,pop,1615923,0.572,0.759,2,-4.312,1,0.0506,0.127,0,0.224,0.519,80.95,163733,4
Ours,Taylor Swift,pop,18819,0.608,0.569,0,-7.227,1,0.0284,0.537,0,0.097,0.238,159.845,237920,4
PINK ROLEX,blackbear,pop,136599,0.651,0.609,0,-9.169,1,0.447,0.255,0,0.452,0.677,136.152,136765,4
Paris,Sabrina Carpenter,pop,242102,0.576,0.671,2,-6.408,0,0.0474,0.0482,0,0.114,0.226,114.839,218080,4
Paris in the Rain,Lauv,pop,4037540,0.406,0.408,3,-9.419,1,0.053,0.771,7.88e-06,0.394,0.525,79.705,204712,4
Patient,Charlie Puth,pop,1546535,0.675,0.604,1,-6.266,1,0.193,0.752,0,0.111,0.456,168.034,190533,4
Perfect Melody,Jonas Blue,pop,1999170,0.815,0.771,8,-6.052,0,0.0392,0.104,0.0027,0.067,0.546,117.941,159850,4
Perfect Strangers,Jonas Blue,pop,433150,0.73,0.861,1,-4.1,1,0.0451,0.39,0,0.213,0.704,117.965,196613,4
Perfect Strangers - Acoustic,Jonas Blue,pop,70683,0.607,0.669,0,-4.443,1,0.0384,0.752,0,0.105,0.578,115.682,191206,4
Personal,HRVY,pop,254977,0.755,0.536,8,-5.605,1,0.12,0.114,0,0.0282,0.882,138.969,198040,4
Prisoner (feat. Dua Lipa),Miley Cyrus,pop,585485,0.781,0.67,3,-3.912,0,0.0452,0.0103,0,0.0761,0.595,127.99,169333,4
Rather Be (feat. Jess Glynne),Clean Bandit,pop,227834,0.799,0.586,11,-6.735,1,0.0377,0.162,2.03e-06,0.193,0.549,120.97,227833,4
Reckless,Madison Beer,pop,5142384,0.386,0.426,3,-6.642,1,0.0363,0.807,0,0.14,0.261,180.104,203385,3
Rise,Jonas Blue,pop,3053767,0.687,0.785,1,-4.65,1,0.0333,0.327,0,0.203,0.655,106.046,194408,4
River,Charlie Puth,pop,1914384,0.775,0.329,4,-6.962,0,0.034,0.838,0,0.108,0.252,100.034,191360,4
Rude,MAGIC!,pop,2820321,0.773,0.758,1,-4.993,1,0.0381,0.0422,0,0.305,0.925,144.033,224840,4
SICK OF IT ALL,blackbear,pop,176418,0.744,0.661,9,-5.575,0,0.113,0.0446,1.03e-05,0.0678,0.606,109.197,176446,5
SWEAR TO GOD,blackbear,pop,299895,0.782,0.495,4,-7.462,0,0.0424,0.499,0,0.116,0.601,130.958,150263,4
Sad Forever,Lauv,pop,407040,0.748,0.486,5,-8.926,1,0.0621,0.457,0,0.0762,0.355,122.025,203520,4
Salt,Ava Max,pop,1271546,0.693,0.835,6,-3.242,1,0.0624,0.131,0,0.073,0.744,128.052,180283,4
Say You Won't Let Go,James Arthur,pop,237694,0.358,0.557,10,-7.398,1,0.059,0.695,0,0.0902,0.494,85.043,211467,4
Selfish,Madison Beer,pop,2618398,0.375,0.461,9,-6.202,1,0.0279,0.627,0,0.386,0.233,75.217,223270,4
Shape of You,Ed Sheeran,pop,166766,0.825,0.652,1,-3.183,0,0.0802,0.581,0,0.0931,0.931,95.977,233713,4
Sims,Lauv,pop,156150,0.637,0.39,2,-8.915,1,0.23,0.675,0,0.0687,0.579,99.831,157371,4
Skin,Sabrina Carpenter,pop,8853,0.557,0.457,7,-5.372,1,0.0335,0.428,0,0.0567,0.328,105.918,177500,4
Skyline,Khalid,pop,13012981,0.733,0.653,11,-6.094,1,0.0391,0.0179,0.0218,0.184,0.752,119.996,182895,5
Smells Like Me,Charlie Puth,pop,218929,0.602,0.565,11,-6.498,1,0.0498,0.329,0,0.0622,0.609,208.038,204079,4
Some Type of Love,Charlie Puth,pop,185579,0.702,0.595,2,-6.005,1,0.0912,0.392,0,0.0753,0.366,90.497,187907,4
Somebody Told Me,Charlie Puth,pop,215907,0.592,0.839,1,-4.944,0,0.0564,0.101,0,0.0528,0.457,168.501,216053,4
Someone You Loved,Lewis Capaldi,pop,321899,0.501,0.405,1,-5.679,1,0.0319,0.751,0,0.105,0.446,109.891,182161,4
Something Stupid (feat. AWA),Jonas Blue,pop,353468,0.705,0.864,0,-5.13,0,0.0344,0.276,0.00037,0.0872,0.626,120.012,176734,4
South of the Border (feat. Camila Cabello & Cardi B),Ed Sheeran,pop,410381,0.857,0.621,9,-6.376,0,0.0825,0.148,0,0.0865,0.668,97.989,204467,4
Star,Bazzi,pop,169872,0.694,0.389,8,-5.41,1,0.0706,0.3,0,0.158,0.409,90.984,169872,4
Stay Together,Lauv,pop,141496,0.892,0.595,9,-7.053,1,0.0811,0.256,1.79e-05,0.116,0.694,155.086,140316,4
Stranger,Lauv,pop,51878099,0.65,0.538,5,-7.511,1,0.0464,0.128,4.95e-06,0.127,0.501,153.179,164689,4
Sugar,Maroon 5,pop,316737,0.748,0.788,1,-7.055,1,0.0334,0.0591,0,0.0863,0.884,120.076,235493,4
Summer Nights,Lauv,pop,61427,0.783,0.825,0,-7.483,0,0.0751,0.0581,6.12e-05,0.0631,0.226,139.956,156050,4
Superhero,Lauv,pop,2263942,0.68,0.34,7,-8.617,1,0.034,0.818,0,0.285,0.418,130.027,179998,4
Supermarket Flowers,Ed Sheeran,pop,2062,0.589,0.242,6,-10.517,1,0.0442,0.914,0,0.0887,0.257,89.749,221107,4
Sweatpants,Lauv,pop,196040,0.722,0.495,10,-8.44,1,0.079,0.048,0,0.154,0.725,159.945,196040,4
Sweet Caroline,Sofia Carson,pop,138989,0.528,0.771,9,-4.107,1,0.046,0.0479,0.00802,0.0437,0.334,156.077,138989,4
Sweet but Psycho,Ava Max,pop,187437,0.72,0.706,1,-4.719,1,0.0473,0.0684,0,0.166,0.62,133.002,187436,4
Symphony (feat. Zara Larsson),Clean Bandit,pop,212531,0.715,0.605,0,-5.128,0,0.0428,0.239,1.41e-05,0.189,0.454,122.956,212733,4
Tattoos Together,Lauv,pop,373226,0.863,0.401,4,-7.49,1,0.0748,0.00569,9.14e-06,0.123,0.606,122.962,186613,4
Tell My Mama,Lauv,pop,166706,0.88,0.497,0,-7.023,1,0.0523,0.191,0,0.108,0.492,139.977,166707,4
That's Hilarious,Charlie Puth,pop,11294404,0.713,0.442,6,-5.909,1,0.0604,0.739,0,0.112,0.546,108.038,144934,4
The Difference,Daya,pop,7911363,0.655,0.727,1,-5.478,0,0.046,0.231,0,0.173,0.56,113.011,210489,4
The Other - Stripped,Lauv,pop,364000,0.396,0.375,7,-6.625,1,0.0342,0.836,0,0.287,0.406,90.158,182000,4
The Story Never Ends,Lauv,pop,925888,0.601,0.126,9,-9.403,1,0.0379,0.913,1.05e-06,0.148,0.348,119.916,229029,4
The Way I Am,Charlie Puth,pop,1918753,0.755,0.769,10,-5.658,0,0.186,0.314,2.38e-06,0.0628,0.642,114.966,186080,4
There's No Way (feat. Julia Michaels),Lauv,pop,4986597,0.755,0.625,2,-7.114,1,0.0897,0.49,0,0.157,0.374,147.022,174861,4
Thinking out Loud,Ed Sheeran,pop,29311,0.781,0.445,2,-6.061,1,0.0295,0.474,0,0.184,0.591,78.998,281560,4
Through It All,Charlie Puth,pop,1446126,0.562,0.383,4,-8.54,1,0.0356,0.762,0,0.0775,0.225,119.113,206453,3
Tick Tock (feat. 24kGoldn),Clean Bandit,pop,863549,0.779,0.705,0,-3.895,1,0.0344,0.369,7.91e-06,0.124,0.946,101.022,178374,4
Till The End - Jonas Blue & Sam Feldt Present Endless Summer,Jonas Blue,pop,188571,0.522,0.918,1,-6.391,0,0.0416,0.00644,0.0023,0.163,0.251,126.053,188571,4
Time After Time,Lauv,pop,190,0.683,0.598,6,-5.322,1,0.188,0.0103,9.84e-05,0.251,0.478,107.971,147253,4
Told You So,HRVY,pop,179073,0.745,0.825,0,-5.413,1,0.0748,0.0697,0,0.168,0.744,99.98,177013,4
Train Wreck,James Arthur,pop,417652,0.311,0.485,6,-5.726,0,0.0365,0.701,0,0.0726,0.225,77.355,208827,4
Unholy (feat. Kim Petras),Sam Smith,pop,1987829,0.714,0.472,2,-7.375,1,0.0864,0.013,4.51e-06,0.266,0.238,131.121,156943,4
Unholy (feat. Kim Petras) - ACRAZE Remix,Sam Smith,pop,3553,0.743,0.893,1,-5.261,1,0.129,0.00284,0.000369,0.113,0.369,130.072,176500,4
Unlearn (with Gracie Abrams),benny blanco,pop,1765907,0.429,0.214,1,-12.261,1,0.242,0.897,0,0.105,0.189,77.849,155361,4
Vibez,ZAYN,pop,163286,0.643,0.671,7,-7.45,1,0.0842,0.241,0.0178,0.12,0.297,96.924,163347,4
WAP (feat. Megan Thee Stallion),Cardi B,pop,10855,0.935,0.454,1,-7.509,1,0.375,0.0194,0,0.0824,0.357,133.073,187541,4
Watermelon Sugar,Harry Styles,pop,3351242,0.548,0.816,0,-4.209,1,0.0465,0.122,0,0.335,0.557,95.39,174000,4
We Don't Talk Anymore (feat. Selena Gomez),Charlie Puth,pop,4622303,0.728,0.563,1,-8.053,0,0.134,0.621,0,0.179,0.352,100.017,217707,4
What A Time (feat. Niall Horan),Julia Michaels,pop,173106,0.516,0.467,0,-6.184,1,0.0302,0.662,0,0.0853,0.386,132.861,173307,4
Who (feat. BTS),Lauv,pop,789738,0.632,0.337,11,-8,0,0.033,0.558,0,0.104,0.0982,141.701,180413,3
Who Says,Selena Gomez & The Scene,pop,390400,0.682,0.927,4,-2.915,1,0.0479,0.0843,0,0.149,0.744,101.019,195613,4
Why,Bazzi,pop,112360,0.676,0.67,8,-6.584,1,0.0374,0.353,0,0.103,0.54,113.01,148260,4
Why,Sabrina Carpenter,pop,185647,0.633,0.557,11,-4.917,0,0.203,0.169,0,0.0671,0.623,89.672,171096,4
You Are The Reason,Calum Scott,pop,1587847,0.329,0.235,10,-7.699,1,0.0303,0.918,0,0.137,0.22,171.006,204326,3
You Deserve Better,James Arthur,pop,137482,0.516,0.56,6,-7.116,0,0.486,0.0322,0,0.15,0.696,98.94,207773,4
Young & Alive,Bazzi,pop,38421,0.716,0.563,3,-5.486,1,0.0426,0.326,0,0.119,0.494,86.005,160465,4
Young Dumb & Broke,Khalid,pop,484456,0.799,0.539,1,-6.351,1,0.0421,0.199,1.66e-05,0.165,0.394,136.948,202547,4
Younger,Jonas Blue,pop,2560215,0.784,0.845,3,-2.793,1,0.0596,0.286,1.59e-05,0.074,0.888,105.981,194721,4
2021,Lauv,pop,195952,0.849,0.489,0,-7.433,1,0.0509,0.683,1.91e-05,0.108,0.345,113.977,195952,4
22,Taylor Swift,pop,595000,0.642,0.695,7,-5.62,1,0.0281,0.000443,1.02e-05,0.0753,0.642,103.984,230960,4
26,Lauv,pop,828121,0.643,0.458,6,-8.636,1,0.0875,0.809,0.00015,0.237,0.506,164.16,159608,4
2AM,SZA,pop,84920,0.504,0.267,9,-13.678,0,0.406,0.438,0,0.141,0.392,83.966,242823,4
2step,Ed Sheeran,pop,4701620,0.763,0.661,4,-5.592,0,0.056,0.169,0,0.117,0.632,95.002,153627,4
2step (feat. Armaan Malik),Ed Sheeran,pop,153124,0.747,0.667,4,-5.181,0,0.0566,0.18,0,0.146,0.508,95,153124,4
2step (feat. Lil Baby),Ed Sheeran,pop,181369,0.693,0.643,4,-5.867,0,0.0828,0.138,0,0.108,0.477,95.055,163450,4
3:15,Bazzi,pop,167018,0.651,0.654,1,-5.481,1,0.0466,0.385,0,0.181,0.539,141.975,167019,4
4u,blackbear,pop,356134,0.776,0.513,5,-6.757,1,0.0872,0.392,0,0.0642,0.813,153.934,158571,4
90210 (feat. G-Eazy),blackbear,pop,223286,0.707,0.707,11,-6.161,0,0.0375,0.0306,0,0.127,0.231,104.039,223296,4
@ my worst,blackbear,pop,5728917,0.615,0.774,4,-5.152,0,0.0551,0.0173,0,0.15,0.336,136.887,191364,4
A+E (feat. Kandaka Moore & Nikki Cislyn),Clean Bandit,pop,246584,0.808,0.519,5,-8.268,0,0.0403,0.00623,0.136,0.119,0.384,114.977,246584,4
ALIEN SUPERSTAR,Beyonc√©,pop,233,0.545,0.641,10,-6.398,0,0.0998,0.00453,6.59e-05,0.171,0.464,121.892,215460,4
Adrenaline,Lauv,pop,80290,0.651,0.688,6,-4.407,1,0.109,0.354,2.57e-06,0.0741,0.616,95.017,206368,4
Afterglow,Ed Sheeran,pop,34603,0.641,0.324,11,-5.851,1,0.0299,0.698,0,0.328,0.273,110.184,185487,4
Alive,Khalid,pop,177310,0.386,0.406,11,-10.419,1,0.0425,0.832,0.0597,0.171,0.205,78.616,177413,4
All 4 Nothing (I'm So In Love),Lauv,pop,7718836,0.72,0.819,1,-4.588,1,0.0362,0.0411,0,0.0606,0.898,131.99,183014,4
All Night Long,Jonas Blue,pop,206666,0.572,0.811,6,-4.874,0,0.066,0.00887,5.65e-06,0.124,0.332,125.946,206667,4
All Your Exes,Julia Michaels,pop,897032,0.603,0.618,1,-5.184,1,0.0319,0.0232,0,0.118,0.323,112.114,209276,3
All of the Stars,Ed Sheeran,pop,234986,0.54,0.557,11,-6.097,1,0.0259,0.00886,0.000182,0.307,0.287,75.035,237147,4
Always Be There,Jonas Blue,pop,396814,0.702,0.759,0,-3.292,1,0.0381,0.16,0,0.062,0.761,123.999,198408,4
Angles,Jonas Blue,pop,17087,0.708,0.872,0,-5.377,0,0.0463,0.0148,0.802,0.0881,0.743,124.996,165120,3
As It Was,Harry Styles,pop,9870828,0.52,0.731,6,-5.338,0,0.0557,0.342,0.00101,0.311,0.662,173.93,167303,4
Attention,Charlie Puth,pop,1882885,0.775,0.613,3,-4.586,0,0.0542,0.109,2.33e-05,0.134,0.797,100.066,208787,4
BOY,Charlie Puth,pop,2028674,0.725,0.77,1,-6.24,1,0.0539,0.149,2.17e-05,0.0641,0.647,93.009,263413,4
Bad Girl,Daya,pop,2186903,0.834,0.662,5,-6.179,1,0.0407,0.522,9.07e-05,0.14,0.718,115.999,166223,4
Bad Girl - JVKE Remix,Daya,pop,531012,0.834,0.662,5,-6.179,1,0.0407,0.522,9.07e-05,0.14,0.718,115.999,166223,4
Bad Habits,Ed Sheeran,pop,1644668,0.807,0.893,11,-3.745,0,0.0347,0.0451,2.79e-05,0.366,0.537,126.011,230747,4
Bad Trip,Lauv,pop,166700,0.643,0.655,6,-5.606,1,0.0242,0.0558,0,0.0731,0.382,130.11,166701,4
Beautiful Mistakes (feat. Megan Thee Stallion),Maroon 5,pop,2063146,0.713,0.676,10,-5.483,1,0.027,0.0377,0,0.154,0.721,99.048,227395,4
Before You Go,Lewis Capaldi,pop,1908,0.459,0.575,3,-4.858,1,0.0573,0.604,0,0.0885,0.183,111.881,215107,4
Believed,Lauv,pop,169900,0.796,0.518,11,-8.09,0,0.0516,0.0766,0,0.444,0.49,149.962,169760,4
Better,Khalid,pop,252446,0.596,0.552,0,-10.278,0,0.097,0.0765,0.334,0.104,0.112,97.949,229320,4
Better Than This,Lauv,pop,214824,0.699,0.701,1,-5.577,1,0.0292,0.0195,7.83e-06,0.113,0.309,90.053,214824,4
Better to Lie (with Jesse & Swae Lee),benny blanco,pop,3580168,0.773,0.617,10,-7.545,0,0.0672,0.0514,8e-06,0.11,0.551,155.026,175341,4
Billboard,Jonas Blue,pop,87513,0.706,0.876,8,-3.587,1,0.167,0.397,0,0.0944,0.44,104.022,172729,4
Billy,Lauv,pop,2300122,0.786,0.323,2,-8.75,1,0.367,0.0478,0,0.0878,0.439,176.793,180293,3
alone in a room full of people,blackbear,pop,154589,0.637,0.853,4,-4.014,1,0.0853,0.2,0,0.311,0.648,162.093,154814,4
august,Taylor Swift,pop,1108,0.532,0.623,5,-9.208,1,0.0331,0.538,7.28e-05,0.0925,0.403,89.937,261923,4
bad day,blackbear,pop,159147,0.592,0.777,9,-5.001,1,0.258,0.0948,0,0.18,0.404,154.939,159193,4
brutal,Olivia Rodrigo,pop,764066,0.672,0.526,4,-6.446,1,0.0599,0.0311,1.37e-06,0.28,0.28,123.999,143747,4
candayapple (feat. Paul Wall & Riff Raff),blackbear,pop,84841,0.53,0.748,10,-3.013,0,0.331,0.287,0,0.414,0.887,120.259,274732,4
cardigan,Taylor Swift,pop,1693584,0.613,0.581,0,-8.588,0,0.0424,0.537,0.000345,0.25,0.551,130.033,239560,4
chateau,blackbear,pop,212777,0.665,0.635,11,-5.763,0,0.0446,0.0516,0,0.367,0.472,97.974,212927,4
clown (with Trevor Daniel),blackbear,pop,148039,0.709,0.774,10,-4.797,1,0.069,0.12,0,0.208,0.393,94.013,148165,4
deadroses,blackbear,pop,184660,0.612,0.536,10,-6.537,0,0.157,0.697,0,0.131,0.603,132.251,184636,4
deja vu,Olivia Rodrigo,pop,1974865,0.442,0.612,2,-7.222,1,0.112,0.584,5.7e-06,0.37,0.178,180.917,215507,4
dirty laundry,blackbear,pop,159913,0.766,0.64,0,-8.899,1,0.0345,0.051,0,0.237,0.67,100.044,165600,4
dirty laundry - slowed,blackbear,pop,167370,0.788,0.664,5,-6.633,0,0.0427,0.0775,2.8e-06,0.252,0.547,96.024,167369,4
do re mi,blackbear,pop,4978349,0.745,0.593,8,-6.35,1,0.0524,0.00522,5.06e-06,0.123,0.17,111.001,212027,3
do re mi - Good Intent Remix,blackbear,pop,196153,0.793,0.615,10,-5.044,0,0.0616,0.442,0,0.0928,0.332,110.978,196216,4
do re mi - Rad Cat Remix,blackbear,pop,34590,0.754,0.433,1,-7.704,1,0.0637,0.216,0,0.0936,0.339,109.954,226909,4
do re mi - Y2K Remix,blackbear,pop,165052,0.723,0.626,10,-6.041,0,0.0447,0.131,0,0.11,0.238,112.074,165250,4
drivers license,Olivia Rodrigo,pop,2550439,0.561,0.431,10,-8.81,1,0.0578,0.768,1.42e-05,0.106,0.137,143.875,242013,4
e.z. (feat. Machine Gun Kelly),blackbear,pop,252088,0.793,0.531,9,-8.501,0,0.127,0.0356,1.02e-05,0.0905,0.337,129.951,252171,4
g2g ttyl (feat. THEY.),blackbear,pop,181752,0.63,0.382,3,-5.535,0,0.0558,0.471,0,0.176,0.555,97.706,181771,5
gfy (with Machine Gun Kelly),blackbear,pop,172771,0.744,0.732,8,-3.036,1,0.0522,0.0264,0,0.352,0.387,121.086,174067,4
ghost town (ft. Sasha Alex Sloan),blackbear,pop,1464696,0.71,0.778,4,-5.336,0,0.0317,0.0466,0,0.0763,0.382,101.024,187802,4
good 4 u,Olivia Rodrigo,pop,1820783,0.563,0.664,9,-5.044,1,0.154,0.335,0,0.0849,0.688,166.928,178147,4
half alive,blackbear,pop,194953,0.704,0.785,8,-3.588,1,0.0381,0.0204,0,0.153,0.765,125.077,195110,4
happiness,Taylor Swift,pop,2654908,0.559,0.334,11,-10.733,1,0.0376,0.87,0,0.114,0.211,122.079,315147,4
hot girl bummer,blackbear,pop,7358310,0.782,0.559,6,-7.106,0,0.0767,0.125,0,0.385,0.685,129.992,188344,1
hotel andrea,blackbear,pop,204215,0.359,0.361,3,-10.194,0,0.0552,0.365,0,0.111,0.28,85.898,227397,4
i dont love me,blackbear,pop,19185,0.666,0.704,1,-5.737,0,0.0366,0.0106,1.11e-05,0.348,0.418,139.972,197149,4
idfc,blackbear,pop,2095784,0.63,0.5,1,-8.755,0,0.0611,0.611,4.04e-05,0.114,0.315,144.871,245172,4
idfc - Tarro Remix,blackbear,pop,3540521,0.58,0.694,1,-5.45,0,0.221,0.481,1.18e-06,0.109,0.389,139.751,248633,4
if I were u (with Lauv),blackbear,pop,6531305,0.666,0.628,8,-5.613,1,0.0623,0.144,0,0.189,0.767,82.992,186468,4
me & ur ghost,blackbear,pop,453865,0.742,0.679,7,-4.594,1,0.0259,0.0488,0,0.0754,0.856,100.041,201398,4
moodz (feat. 24hrs),blackbear,pop,219938,0.754,0.486,8,-8.864,1,0.143,0.199,1.98e-05,0.115,0.151,101.922,220588,4
my bad luv,blackbear,pop,183346,0.64,0.655,9,-4.684,0,0.0414,0.0362,0,0.456,0.389,122.967,183433,4
my heart is lost,blackbear,pop,197793,0.643,0.521,6,-7.966,1,0.0516,0.241,0,0.0896,0.678,159.964,198000,4
n.y.e.,blackbear,pop,169219,0.742,0.639,2,-7.63,0,0.183,0.124,0,0.114,0.356,115.078,169431,3
nervous,blackbear,pop,153937,0.821,0.517,6,-10.488,0,0.0497,0.201,3.74e-06,0.203,0.722,115.087,153913,4
paragraphs,blackbear,pop,169581,0.742,0.46,1,-11.229,1,0.0635,0.243,0,0.102,0.116,99.073,169697,4
playboy shit (feat. Lil Aaron),blackbear,pop,211930,0.656,0.741,11,-4.998,0,0.18,0.0847,0,0.111,0.882,154.937,212129,4
positions,Ariana Grande,pop,16866,0.737,0.802,0,-4.771,1,0.0878,0.468,0,0.0931,0.682,144.015,172325,4
queen of broken hearts,blackbear,pop,1882006,0.717,0.712,0,-6.098,1,0.0765,0.00663,0,0.0756,0.825,97.019,171172,4
rly real,blackbear,pop,172825,0.744,0.407,6,-10.513,1,0.0657,0.103,0,0.128,0.621,100.004,172852,4
slide thru (feat. Jerry Good),blackbear,pop,197821,0.585,0.512,1,-9.764,0,0.527,0.473,1.56e-06,0.131,0.698,121.896,185287,4
smile again,blackbear,pop,298186,0.68,0.423,6,-6.279,1,0.0321,0.597,0,0.371,0.686,85.042,149254,4
sobbing in cabo,blackbear,pop,186939,0.596,0.794,7,-5.366,1,0.0338,0.0193,1.4e-06,0.0997,0.246,97,187024,4
the 1 - KIN Remix,blackbear,pop,150956,0.703,0.408,4,-7.883,0,0.139,0.42,0,0.176,0.313,108.026,151111,4
the 1 - NvrLeft Remix,blackbear,pop,79990,0.585,0.952,2,-1.498,1,0.311,0.0044,1.41e-05,0.117,0.343,150.177,185600,4
the 1 - Rad Cat Remix,blackbear,pop,1295,0.674,0.596,4,-6.038,0,0.0622,0.0101,1.06e-06,0.104,0.184,110.066,198545,4
u love u (with Tate McRae),blackbear,pop,7287914,0.544,0.704,4,-5.678,0,0.0435,0.0156,0,0.164,0.265,80.029,189062,4
up at night (feat. justin bieber),Kehlani,pop,299495,0.563,0.756,0,-3.852,0,0.0579,0.196,0,0.245,0.234,100.012,182227,4
why are girls?,blackbear,pop,187734,0.685,0.783,7,-4.833,1,0.0779,0.16,0,0.182,0.804,101.134,187811,4
wish u the best (feat. Stalking Gia),blackbear,pop,154453,0.802,0.495,2,-6.154,0,0.19,0.0232,0,0.109,0.473,114.99,154452,4
Black And White,Niall Horan,pop,193089,0.443,0.582,2,-6.02,1,0.0482,0.0301,0,0.127,0.239,147.589,193090,4
Blue,Madison Beer,pop,459735,0.64,0.501,7,-7.86,1,0.0624,0.15,0,0.16,0.346,114.031,229882,4
Body,Julia Michaels,pop,180634,0.54,0.409,8,-6.658,1,0.0284,0.781,0,0.104,0.197,95.177,180293,4
Boyfriend,Dove Cameron,pop,1965905,0.345,0.612,7,-6.543,0,0.0608,0.232,0,0.194,0.232,179.773,153000,3
CHANGES,blackbear,pop,139345,0.813,0.295,5,-8.343,1,0.0482,0.104,0,0.095,0.413,100.009,154225,4
Can I Be Him,James Arthur,pop,246659,0.696,0.543,11,-6.164,1,0.0489,0.308,0,0.0939,0.479,107.969,246880,4
Canada (feat. Alessia Cara),Lauv,pop,184008,0.628,0.264,9,-12.783,1,0.0405,0.623,0,0.146,0.346,93.252,184009,4
Castle on the Hill,Ed Sheeran,pop,522306,0.461,0.834,2,-4.868,1,0.0989,0.0232,1.14e-05,0.14,0.471,135.007,261154,4
Celestial,Ed Sheeran,pop,434253,0.574,0.852,2,-1.248,1,0.0397,0.0529,0,0.161,0.501,123.038,209027,4
Chasing Fire,Lauv,pop,205267,0.708,0.562,5,-4.864,1,0.0725,0.0449,0,0.216,0.386,125.963,205267,4
Cheating on You,Charlie Puth,pop,413940,0.749,0.535,4,-6.785,1,0.0336,0.0131,3.65e-05,0.0982,0.601,123.042,196607,4
Classic,MKTO,pop,350852,0.72,0.791,1,-4.689,1,0.124,0.0384,0,0.157,0.756,102.071,175427,4
Coast (feat. Anderson .Paak),Hailee Steinfeld,pop,134416,0.701,0.875,11,-4.1,1,0.0757,0.0262,7.32e-06,0.137,0.84,111.976,166720,4
"Come Back Home - From ""Purple Hearts""",Sofia Carson,pop,125543,0.563,0.532,7,-7.726,1,0.0416,0.236,9.75e-06,0.122,0.429,145.001,176859,4
Comfortable,Lauv,pop,334071,0.605,0.554,9,-5.629,0,0.0948,0.761,0,0.0903,0.546,73.457,165102,4
DEAD TO ME,blackbear,pop,179940,0.709,0.725,7,-5.545,0,0.0759,0.0772,0,0.158,0.226,139.968,180576,4
DOWN,blackbear,pop,139473,0.767,0.696,2,-3.428,1,0.162,0.231,0,0.228,0.715,115.006,217564,4
DRUG DEALER,blackbear,pop,166183,0.594,0.462,1,-8.677,0,0.141,0.00841,0,0.13,0.164,78.805,166219,4
Dancing With A Stranger (with Normani),Sam Smith,pop,604608,0.741,0.52,8,-7.513,1,0.0656,0.447,1.97e-06,0.222,0.347,102.998,171030,4
Dangerously,Charlie Puth,pop,2011023,0.696,0.517,2,-8.379,0,0.0366,0.364,0,0.197,0.23,112.291,199133,3
Dark Horse,Katy Perry,pop,215672,0.647,0.585,6,-6.123,1,0.0512,0.00314,0,0.165,0.353,131.934,215672,4
Dishes - Acoustic,Lauv,pop,282884,0.641,0.161,4,-12.466,1,0.0413,0.89,1.02e-06,0.104,0.45,91.116,141442,4
Does It Feel,Charlie Puth,pop,218511,0.61,0.86,8,-4.6,0,0.127,0.177,0,0.155,0.549,98.995,218667,4
Done for Me (feat. Kehlani),Charlie Puth,pop,395336,0.856,0.632,6,-3.692,0,0.074,0.193,0,0.0688,0.697,112.009,180493,4
Don‚Äôt Wake Me Up,Jonas Blue,pop,227404,0.621,0.747,11,-5.084,1,0.0337,0.222,0.000194,0.147,0.426,124.015,188894,4
Dreams,Bazzi,pop,146980,0.663,0.666,6,-5.441,1,0.125,0.583,3.85e-06,0.222,0.605,159.983,147021,4
Drugs & The Internet,Lauv,pop,2110,0.466,0.551,2,-7.043,1,0.131,0.361,9.32e-05,0.333,0.243,88.794,178560,4
Eastside (with Halsey & Khalid),benny blanco,pop,479541,0.632,0.686,6,-7.665,0,0.243,0.549,0,0.2,0.329,89.949,170770,4
Empty Cups,Charlie Puth,pop,169963,0.77,0.555,4,-6.361,1,0.0754,0.224,1.78e-06,0.0754,0.776,100.035,170947,4
Everything Has Changed,Taylor Swift,pop,245413,0.498,0.61,6,-5.098,1,0.0363,0.271,0,0.223,0.474,79.918,245427,4
Fake,Lauv,pop,1036301,0.703,0.656,6,-5.363,0,0.078,0.139,0,0.0947,0.455,82.964,146375,4
Falling,Harry Styles,pop,456919,0.567,0.267,4,-6.502,1,0.0299,0.839,1.46e-06,0.089,0.0592,110.011,240133,4
Falling Like The Stars,James Arthur,pop,3053,0.552,0.347,6,-9.542,1,0.0303,0.79,2.15e-06,0.111,0.173,113.809,211653,4
Fantasy,Bazzi,pop,2943553,0.699,0.668,5,-4.272,0,0.0336,0.154,3.2e-06,0.362,0.314,144.105,148230,4
Fast Car,Jonas Blue,pop,122866,0.672,0.578,9,-6.621,1,0.0569,0.469,0,0.312,0.548,113.945,212424,4
Feel It Still,Sofia Carson,pop,289258,0.708,0.446,1,-7.993,0,0.0921,0.0498,3.09e-06,0.108,0.473,151.974,144629,4
Feelings,Lauv,pop,1207224,0.7,0.394,9,-8.911,1,0.0328,0.0567,0,0.0801,0.241,103.041,189907,4
First Grade,Lauv,pop,0,0.423,0.196,5,-11.576,1,0.0391,0.897,0,0.103,0.27,117.953,218676,4
For Now,Lauv,pop,189240,0.532,0.227,7,-12.184,1,0.0416,0.776,7.56e-06,0.086,0.107,83.57,189240,4
For You (With Rita Ora),Liam Payne,pop,4213994,0.535,0.8,2,-4.569,0,0.0342,0.0183,0,0.421,0.175,113.023,242828,4
Forever,Lewis Capaldi,pop,2589218,0.646,0.355,1,-7.119,1,0.0263,0.873,0,0.115,0.364,84.988,210863,4
"Free - From Disney's ""The One And Only Ivan""",Charlie Puth,pop,876733,0.513,0.448,1,-6.961,1,0.0305,0.632,0,0.101,0.126,97.07,228821,4
Galway Girl,Ed Sheeran,pop,170826,0.624,0.876,9,-3.374,1,0.1,0.0735,0,0.327,0.781,99.943,170827,4
Girlfriend,Charlie Puth,pop,1218348,0.758,0.583,1,-6.361,1,0.0421,0.18,5.12e-05,0.107,0.797,97.537,177438,4
Girls Like You (feat. Cardi B) - Cardi B Version,Maroon 5,pop,235545,0.851,0.541,0,-6.825,1,0.0505,0.568,0,0.13,0.448,124.959,235545,4
Good Vibes,HRVY,pop,2412420,0.558,0.877,10,-3.392,1,0.145,0.274,0,0.162,0.762,99.988,170280,4
HATE MY GUTS,blackbear,pop,319804,0.786,0.441,8,-7.937,1,0.429,0.127,0,0.118,0.682,95.757,160216,4
HEARTBROKEN,blackbear,pop,133989,0.555,0.588,2,-7.004,1,0.33,0.0399,0,0.259,0.419,139.887,134253,4
HIGH1X,blackbear,pop,194904,0.848,0.384,1,-8.492,1,0.0617,0.0671,0,0.0852,0.481,98.483,169786,4
Happier,Ed Sheeran,pop,1963220,0.522,0.385,0,-7.355,1,0.0288,0.536,0,0.135,0.236,89.792,207520,4
Hard On Yourself,Charlie Puth,pop,208511,0.824,0.783,1,-4.53,0,0.0507,0.22,0,0.234,0.788,114.028,160825,4
Harleys In Hawaii,Katy Perry,pop,3233306,0.721,0.751,10,-6.203,0,0.125,0.162,6.59e-06,0.118,0.738,140.095,185481,4
Hear Me Say,Jonas Blue,pop,205103,0.697,0.836,5,-5.005,1,0.0437,0.133,4.46e-06,0.0754,0.631,121.977,190772,4
Heart Attack,Demi Lovato,pop,2635171,0.504,0.785,8,-4.802,1,0.104,0.0738,0,0.239,0.502,173.968,210840,4
Heartbroken,HRVY,pop,1272928,0.795,0.792,11,-4.747,0,0.118,0.198,5.85e-06,0.119,0.854,103.984,172000,4
Heaven,Bazzi,pop,153391,0.798,0.575,5,-5.487,0,0.0351,0.145,2.23e-06,0.0601,0.685,114.989,153391,4
Heaven,Julia Michaels,pop,1862024,0.552,0.371,7,-9.104,0,0.0359,0.857,0,0.0838,0.245,199.843,191787,3
Hey Ari,Lauv,pop,169082,0.757,0.274,2,-9.776,1,0.0372,0.509,0,0.194,0.53,88.01,168722,4
Holiday,HRVY,pop,411796,0.7,0.724,9,-4.812,1,0.0375,0.0381,1.84e-06,0.139,0.488,128.028,207605,4
How Long,Charlie Puth,pop,1987703,0.845,0.561,1,-5.253,0,0.0778,0.211,3.49e-06,0.0383,0.811,109.974,200853,4
How Long - Jerry Folk Remix,Charlie Puth,pop,2320851,0.817,0.581,11,-6.95,0,0.324,0.255,0.00595,0.1,0.396,114.958,196190,4
I (Don't) Have A Problem,Lauv,pop,147699,0.376,0.247,1,-8.367,0,0.0285,0.646,0.000452,0.37,0.394,184.216,147699,4
I Don't Wanna Know - Live from Spotify Studios NYC,Charlie Puth,pop,1779945,0.431,0.0748,11,-13.615,0,0.0516,0.98,3.24e-06,0.114,0.367,98.188,215882,4
I Don‚Äôt Think That I Like Her,Charlie Puth,pop,114490,0.587,0.548,8,-5.846,0,0.0339,0.396,0,0.109,0.713,186.073,188508,4
I Don‚Äôt Wanna Live Forever (Fifty Shades Darker),ZAYN,pop,246924,0.731,0.445,0,-8.418,1,0.0533,0.0586,1.96e-05,0.14,0.106,117.97,247160,4
I Kissed A Girl,Katy Perry,pop,179467,0.699,0.76,5,-3.173,1,0.0677,0.00223,0,0.132,0.696,129.996,179640,4
I Knew You Were Trouble.,Taylor Swift,pop,234045,0.584,0.557,6,-6.371,1,0.0342,0.0129,0,0.0576,0.767,154.008,219760,4
I Like Me Better,Lauv,pop,634601,0.753,0.505,9,-7.621,1,0.255,0.534,2.58e-06,0.104,0.419,91.972,197437,4
I Like That,Bazzi,pop,1289760,0.665,0.692,6,-5.431,0,0.112,0.172,0,0.191,0.68,74.474,158084,4
I Love You,Alex & Sierra,pop,229464,0.525,0.439,0,-6.596,1,0.0259,0.658,0,0.0636,0.238,84.956,229640,4
I See Love,Jonas Blue,pop,16482,0.736,0.706,2,-3.899,0,0.0438,0.0133,0,0.324,0.758,123.047,173220,4
I Wanna Dance,Jonas Blue,pop,220242,0.818,0.841,5,-6.44,1,0.131,0.109,0.00791,0.186,0.605,125.997,184573,4
I Warned Myself,Charlie Puth,pop,162298,0.488,0.311,10,-11.467,0,0.297,0.562,0.000548,0.161,0.579,184.112,159783,4
I feel 2 much,blackbear,pop,239865,0.612,0.544,9,-7.279,1,0.0666,0.408,0,0.0998,0.694,86.046,240038,4
I feel bad,blackbear,pop,174838,0.637,0.785,9,-3.382,0,0.0512,0.0201,0,0.333,0.923,144.053,175066,4
I felt that,blackbear,pop,404776,0.692,0.727,7,-5.58,1,0.0305,0.00836,1.07e-06,0.131,0.424,99.977,202589,4
I hope your whole life sux,blackbear,pop,179148,0.708,0.644,1,-5.862,0,0.195,0.27,0,0.0686,0.699,133.925,179186,4
I.F.L.Y.,Bazzi,pop,4218837,0.812,0.519,2,-4.823,1,0.0385,0.379,0,0.13,0.554,104.954,165714,4
Impossible,James Arthur,pop,209440,0.376,0.695,0,-4.782,0,0.0933,0.135,0,0.11,0.302,169.533,209440,4
Invisible Things,Lauv,pop,8911,0.744,0.552,7,-7.406,1,0.0926,0.0834,8.02e-06,0.132,0.285,125.194,197307,5
Issues,Julia Michaels,pop,726412,0.728,0.415,8,-6.852,1,0.0639,0.401,0,0.0616,0.455,114.145,176320,4
Issues - Alan Walker Remix,Julia Michaels,pop,480744,0.752,0.774,8,-4.379,1,0.0532,0.142,8.3e-06,0.0993,0.625,113.935,181000,4
Juicy Sweatsuits (feat. Juicy J),blackbear,pop,183876,0.716,0.535,1,-8.01,1,0.42,0.218,0,0.0673,0.572,102.843,183944,4
Julia,Lauv,pop,1315226,0.755,0.625,2,-7.114,1,0.0897,0.49,0,0.157,0.374,147.022,174861,4
Kids Are Born Stars,Lauv,pop,375182,0.802,0.547,8,-7.034,1,0.0518,0.205,0,0.109,0.922,109.966,187026,4
Kiwi,Harry Styles,pop,3564300,0.375,0.93,2,-2.631,1,0.0561,0.00064,0,0.318,0.491,147.124,176387,4
Know Your Worth,Khalid,pop,10225,0.79,0.694,9,-7.726,0,0.0708,0.145,0.00252,0.281,0.508,103.007,181436,4
LOSING YOU,blackbear,pop,204847,0.475,0.39,0,-11.344,0,0.063,0.0654,0.00045,0.16,0.0713,143.88,205005,4
Late Night Talking,Harry Styles,pop,3381132,0.714,0.728,10,-4.595,1,0.0468,0.298,0,0.106,0.901,114.996,177955,4
Left Right Left,Charlie Puth,pop,39920,0.881,0.592,2,-4.898,1,0.0324,0.619,1.32e-05,0.0901,0.719,101.058,154487,4
Left and Right (Feat. Jung Kook of BTS),Charlie Puth,pop,3025182,0.881,0.592,2,-4.898,1,0.0324,0.619,1.32e-05,0.0901,0.719,101.058,154487,4
Left and Right (feat. Jung Kook of BTS) - Galantis Remix,Charlie Puth,pop,145144,0.736,0.809,2,-4.487,1,0.0323,0.15,0.00151,0.0886,0.744,122.023,165269,4
Let It Go,Demi Lovato,pop,94044,0.505,0.624,7,-6.513,1,0.0371,0.0235,0,0.5,0.215,139.849,224387,4
Light Switch,Charlie Puth,pop,35488117,0.689,0.627,6,-5.692,1,0.308,0.105,0.000321,0.0905,0.905,184.008,187704,4
Light Switch - Ti√´sto Remix,Charlie Puth,pop,184116,0.7,0.832,1,-4.969,1,0.0539,0.000421,0.464,0.278,0.533,129.983,170769,4
Little Do You Know,Alex & Sierra,pop,2249065,0.5,0.292,0,-8.554,1,0.0323,0.746,0,0.188,0.37,145.879,185200,4
Live Forever (With Cheat Codes),Liam Payne,pop,114442,0.69,0.676,7,-6.111,1,0.0335,0.213,0,0.123,0.664,100.023,174780,4
Lonely Eyes,Lauv,pop,6017843,0.586,0.503,2,-7.002,1,0.0268,0.0403,0,0.0994,0.385,95.013,196493,4
Lose You To Love Me,Selena Gomez,pop,206282,0.488,0.343,4,-8.985,1,0.0436,0.556,0,0.21,0.0978,102.819,206459,4
Lost,Maroon 5,pop,2240236,0.766,0.706,7,-6.553,0,0.16,0.223,0.00028,0.064,0.766,142.989,172598,4
Lotta Love,Jack & Jack,pop,13633,0.724,0.603,10,-7.968,1,0.0764,0.261,0,0.185,0.486,105,170667,4
Love Like That,Lauv,pop,7576189,0.679,0.481,3,-9.045,1,0.0593,0.208,1.02e-05,0.284,0.486,80.011,184557,4
Love Somebody,Lauv,pop,428055,0.511,0.467,7,-7.799,1,0.144,0.263,0,0.0641,0.373,78.173,142773,1
Love You Like A Love Song,Selena Gomez & The Scene,pop,188454,0.858,0.678,1,-3.87,0,0.0469,0.0761,0,0.0741,0.922,117.009,188453,4
MAKE A MESS,blackbear,pop,159586,0.823,0.455,11,-7.839,0,0.0466,0.00175,1.24e-06,0.0559,0.723,126.96,159734,4
ME BECAUSE OF YOU,HRVY,pop,4323012,0.653,0.866,10,-4.898,1,0.0552,0.0797,1.11e-06,0.17,0.644,121.972,173093,4
Mama,Jonas Blue,pop,1543274,0.738,0.794,11,-4.118,0,0.0416,0.101,0,0.0533,0.566,104.014,184134,4
Mama (feat. Ellie Goulding),Clean Bandit,pop,69604,0.737,0.714,1,-6.138,0,0.0367,0.225,3.79e-06,0.267,0.608,102.046,189973,4
Mama - Syn Cole Remix,Jonas Blue,pop,179887,0.787,0.796,11,-3.551,0,0.0429,0.0286,0,0.0909,0.634,126.032,179888,4
Maps,Maroon 5,pop,189960,0.742,0.713,1,-5.522,0,0.0303,0.0205,0,0.059,0.879,120.032,189960,4
Marvin Gaye (feat. Meghan Trainor),Charlie Puth,pop,190075,0.795,0.616,1,-5.281,0,0.06,0.417,0,0.349,0.815,110.015,190453,4
Me And My Broken Heart,Rixton,pop,4441792,0.545,0.783,5,-4.261,0,0.0345,0.00489,0,0.132,0.551,174.084,193733,4
Mean It,Lauv,pop,1642740,0.747,0.45,7,-8.543,1,0.0919,0.0407,0,0.17,0.329,96.001,232853,4
Memories,Maroon 5,pop,189486,0.775,0.327,11,-7.241,1,0.0557,0.841,0,0.0821,0.595,91.05,189486,4
Million Ways,HRVY,pop,1156500,0.645,0.803,6,-4.819,1,0.034,0.0312,0,0.13,0.471,106.03,169887,4
Mine,Bazzi,pop,40720,0.71,0.789,4,-3.874,1,0.0722,0.0161,2.77e-06,0.451,0.717,142.929,131064,4
Mine (You Can't Find Love in Mollywood),Lauv,pop,412266,0.734,0.498,1,-7.453,0,0.0318,0.229,5.59e-06,0.093,0.382,126.054,206133,4
Miss Me - Demo,Lauv,pop,118920,0.568,0.452,3,-7.258,1,0.117,0.552,0,0.18,0.213,73.701,118920,4
Modern Loneliness,Lauv,pop,515889,0.701,0.507,8,-7.106,1,0.0353,0.14,0,0.108,0.146,82.009,252337,4
Molly In Mexico,Lauv,pop,179848,0.664,0.855,1,-6.069,0,0.0633,0.00439,0.241,0.0959,0.754,143.993,179388,4
Montana,Daya,pop,5343689,0.602,0.405,2,-7.157,1,0.0319,0.903,0,0.133,0.321,137.743,203869,4
Mother,Charlie Puth,pop,2617434,0.407,0.697,11,-5.612,1,0.342,0.375,5.07e-06,0.125,0.632,179.681,162864,3
"Moves Like Jagger - Studio Recording From ""The Voice"" Performance",Maroon 5,pop,201329,0.722,0.758,11,-4.477,0,0.0471,0.0111,0,0.308,0.62,128.047,201160,4
My Gospel,Charlie Puth,pop,1690822,0.7,0.654,6,-7.126,0,0.297,0.27,0,0.0768,0.494,112.039,210867,4
My Oasis (feat. Burna Boy),Sam Smith,pop,1972347,0.691,0.474,10,-8.742,0,0.0583,0.569,0.000626,0.099,0.381,143.783,179917,4
NEVERMIND,HRVY,pop,1222680,0.658,0.529,5,-6.807,1,0.111,0.15,0,0.129,0.59,102.18,176080,4
Naked,James Arthur,pop,17438,0.525,0.61,6,-6.793,1,0.0404,0.084,0,0.0572,0.293,101.875,233400,4
Never Not,Lauv,pop,438837,0.471,0.22,5,-9.243,1,0.037,0.691,0,0.104,0.26,133.714,208000,4
New,Daya,pop,2626608,0.715,0.742,0,-4.331,1,0.0347,0.052,2.47e-05,0.364,0.322,106.971,230880,4
No One Compares To You,Jack & Jack,pop,2285386,0.7,0.748,1,-6.044,1,0.0434,0.127,0,0.0941,0.631,111.939,182920,4
Nobody's Perfect,Hannah Montana,pop,104829,0.594,0.977,10,-4.193,0,0.0647,0.0597,3.49e-06,0.309,0.793,131.98,200827,4
One Call Away,Charlie Puth,pop,388801,0.667,0.613,1,-5.353,1,0.0344,0.403,0,0.115,0.47,91.024,194453,4
One Last Time,Ariana Grande,pop,10378,0.628,0.593,8,-5.036,1,0.0323,0.093,1.65e-06,0.096,0.104,125.026,197267,4
One More Night,Maroon 5,pop,219360,0.718,0.82,5,-3.453,0,0.0323,0.0444,0,0.0846,0.613,92.998,219467,4
Our Song,Anne-Marie,pop,1615923,0.572,0.759,2,-4.312,1,0.0506,0.127,0,0.224,0.519,80.95,163733,4
Ours,Taylor Swift,pop,18819,0.608,0.569,0,-7.227,1,0.0284,0.537,0,0.097,0.238,159.845,237920,4
PINK ROLEX,blackbear,pop,136599,0.651,0.609,0,-9.169,1,0.447,0.255,0,0.452,0.677,136.152,136765,4
Paris,Sabrina Carpenter,pop,242102,0.576,0.671,2,-6.408,0,0.0474,0.0482,0,0.114,0.226,114.839,218080,4
Paris in the Rain,Lauv,pop,4037540,0.406,0.408,3,-9.419,1,0.053,0.771,7.88e-06,0.394,0.525,79.705,204712,4
Patient,Charlie Puth,pop,1546535,0.675,0.604,1,-6.266,1,0.193,0.752,0,0.111,0.456,168.034,190533,4
Perfect Melody,Jonas Blue,pop,1999170,0.815,0.771,8,-6.052,0,0.0392,0.104,0.0027,0.067,0.546,117.941,159850,4
Perfect Strangers,Jonas Blue,pop,433150,0.73,0.861,1,-4.1,1,0.0451,0.39,0,0.213,0.704,117.965,196613,4
Perfect Strangers - Acoustic,Jonas Blue,pop,70683,0.607,0.669,0,-4.443,1,0.0384,0.752,0,0.105,0.578,115.682,191206,4
Personal,HRVY,pop,254977,0.755,0.536,8,-5.605,1,0.12,0.114,0,0.0282,0.882,138.969,198040,4
Prisoner (feat. Dua Lipa),Miley Cyrus,pop,585485,0.781,0.67,3,-3.912,0,0.0452,0.0103,0,0.0761,0.595,127.99,169333,4
Rather Be (feat. Jess Glynne),Clean Bandit,pop,227834,0.799,0.586,11,-6.735,1,0.0377,0.162,2.03e-06,0.193,0.549,120.97,227833,4
Reckless,Madison Beer,pop,5142384,0.386,0.426,3,-6.642,1,0.0363,0.807,0,0.14,0.261,180.104,203385,3
Rise,Jonas Blue,pop,3053767,0.687,0.785,1,-4.65,1,0.0333,0.327,0,0.203,0.655,106.046,194408,4
River,Charlie Puth,pop,1914384,0.775,0.329,4,-6.962,0,0.034,0.838,0,0.108,0.252,100.034,191360,4
Rude,MAGIC!,pop,2820321,0.773,0.758,1,-4.993,1,0.0381,0.0422,0,0.305,0.925,144.033,224840,4
SICK OF IT ALL,blackbear,pop,176418,0.744,0.661,9,-5.575,0,0.113,0.0446,1.03e-05,0.0678,0.606,109.197,176446,5
SWEAR TO GOD,blackbear,pop,299895,0.782,0.495,4,-7.462,0,0.0424,0.499,0,0.116,0.601,130.958,150263,4
Sad Forever,Lauv,pop,407040,0.748,0.486,5,-8.926,1,0.0621,0.457,0,0.0762,0.355,122.025,203520,4
Salt,Ava Max,pop,1271546,0.693,0.835,6,-3.242,1,0.0624,0.131,0,0.073,0.744,128.052,180283,4
Say You Won't Let Go,James Arthur,pop,237694,0.358,0.557,10,-7.398,1,0.059,0.695,0,0.0902,0.494,85.043,211467,4
Selfish,Madison Beer,pop,2618398,0.375,0.461,9,-6.202,1,0.0279,0.627,0,0.386,0.233,75.217,223270,4
Shape of You,Ed Sheeran,pop,166766,0.825,0.652,1,-3.183,0,0.0802,0.581,0,0.0931,0.931,95.977,233713,4
Sims,Lauv,pop,156150,0.637,0.39,2,-8.915,1,0.23,0.675,0,0.0687,0.579,99.831,157371,4
Skin,Sabrina Carpenter,pop,8853,0.557,0.457,7,-5.372,1,0.0335,0.428,0,0.0567,0.328,105.918,177500,4
Skyline,Khalid,pop,13012981,0.733,0.653,11,-6.094,1,0.0391,0.0179,0.0218,0.184,0.752,119.996,182895,5
Smells Like Me,Charlie Puth,pop,218929,0.602,0.565,11,-6.498,1,0.0498,0.329,0,0.0622,0.609,208.038,204079,4
Some Type of Love,Charlie Puth,pop,185579,0.702,0.595,2,-6.005,1,0.0912,0.392,0,0.0753,0.366,90.497,187907,4
Somebody Told Me,Charlie Puth,pop,215907,0.592,0.839,1,-4.944,0,0.0564,0.101,0,0.0528,0.457,168.501,216053,4
Someone You Loved,Lewis Capaldi,pop,321899,0.501,0.405,1,-5.679,1,0.0319,0.751,0,0.105,0.446,109.891,182161,4
Something Stupid (feat. AWA),Jonas Blue,pop,353468,0.705,0.864,0,-5.13,0,0.0344,0.276,0.00037,0.0872,0.626,120.012,176734,4
South of the Border (feat. Camila Cabello & Cardi B),Ed Sheeran,pop,410381,0.857,0.621,9,-6.376,0,0.0825,0.148,0,0.0865,0.668,97.989,204467,4
Star,Bazzi,pop,169872,0.694,0.389,8,-5.41,1,0.0706,0.3,0,0.158,0.409,90.984,169872,4
Stay Together,Lauv,pop,141496,0.892,0.595,9,-7.053,1,0.0811,0.256,1.79e-05,0.116,0.694,155.086,140316,4
Stranger,Lauv,pop,51878099,0.65,0.538,5,-7.511,1,0.0464,0.128,4.95e-06,0.127,0.501,153.179,164689,4
Sugar,Maroon 5,pop,316737,0.748,0.788,1,-7.055,1,0.0334,0.0591,0,0.0863,0.884,120.076,235493,4
Summer Nights,Lauv,pop,61427,0.783,0.825,0,-7.483,0,0.0751,0.0581,6.12e-05,0.0631,0.226,139.956,156050,4
Superhero,Lauv,pop,2263942,0.68,0.34,7,-8.617,1,0.034,0.818,0,0.285,0.418,130.027,179998,4
Supermarket Flowers,Ed Sheeran,pop,2062,0.589,0.242,6,-10.517,1,0.0442,0.914,0,0.0887,0.257,89.749,221107,4
Sweatpants,Lauv,pop,196040,0.722,0.495,10,-8.44,1,0.079,0.048,0,0.154,0.725,159.945,196040,4
Sweet Caroline,Sofia Carson,pop,138989,0.528,0.771,9,-4.107,1,0.046,0.0479,0.00802,0.0437,0.334,156.077,138989,4
Sweet but Psycho,Ava Max,pop,187437,0.72,0.706,1,-4.719,1,0.0473,0.0684,0,0.166,0.62,133.002,187436,4
Symphony (feat. Zara Larsson),Clean Bandit,pop,212531,0.715,0.605,0,-5.128,0,0.0428,0.239,1.41e-05,0.189,0.454,122.956,212733,4
Tattoos Together,Lauv,pop,373226,0.863,0.401,4,-7.49,1,0.0748,0.00569,9.14e-06,0.123,0.606,122.962,186613,4
Tell My Mama,Lauv,pop,166706,0.88,0.497,0,-7.023,1,0.0523,0.191,0,0.108,0.492,139.977,166707,4
That's Hilarious,Charlie Puth,pop,11294404,0.713,0.442,6,-5.909,1,0.0604,0.739,0,0.112,0.546,108.038,144934,4
The Difference,Daya,pop,7911363,0.655,0.727,1,-5.478,0,0.046,0.231,0,0.173,0.56,113.011,210489,4
The Other - Stripped,Lauv,pop,364000,0.396,0.375,7,-6.625,1,0.0342,0.836,0,0.287,0.406,90.158,182000,4
The Story Never Ends,Lauv,pop,925888,0.601,0.126,9,-9.403,1,0.0379,0.913,1.05e-06,0.148,0.348,119.916,229029,4
The Way I Am,Charlie Puth,pop,1918753,0.755,0.769,10,-5.658,0,0.186,0.314,2.38e-06,0.0628,0.642,114.966,186080,4
There's No Way (feat. Julia Michaels),Lauv,pop,4986597,0.755,0.625,2,-7.114,1,0.0897,0.49,0,0.157,0.374,147.022,174861,4
Thinking out Loud,Ed Sheeran,pop,29311,0.781,0.445,2,-6.061,1,0.0295,0.474,0,0.184,0.591,78.998,281560,4
Through It All,Charlie Puth,pop,1446126,0.562,0.383,4,-8.54,1,0.0356,0.762,0,0.0775,0.225,119.113,206453,3
Tick Tock (feat. 24kGoldn),Clean Bandit,pop,863549,0.779,0.705,0,-3.895,1,0.0344,0.369,7.91e-06,0.124,0.946,101.022,178374,4
Till The End - Jonas Blue & Sam Feldt Present Endless Summer,Jonas Blue,pop,188571,0.522,0.918,1,-6.391,0,0.0416,0.00644,0.0023,0.163,0.251,126.053,188571,4
Time After Time,Lauv,pop,190,0.683,0.598,6,-5.322,1,0.188,0.0103,9.84e-05,0.251,0.478,107.971,147253,4
Told You So,HRVY,pop,179073,0.745,0.825,0,-5.413,1,0.0748,0.0697,0,0.168,0.744,99.98,177013,4
Train Wreck,James Arthur,pop,417652,0.311,0.485,6,-5.726,0,0.0365,0.701,0,0.0726,0.225,77.355,208827,4
Unholy (feat. Kim Petras),Sam Smith,pop,1987829,0.714,0.472,2,-7.375,1,0.0864,0.013,4.51e-06,0.266,0.238,131.121,156943,4
Unholy (feat. Kim Petras) - ACRAZE Remix,Sam Smith,pop,3553,0.743,0.893,1,-5.261,1,0.129,0.00284,0.000369,0.113,0.369,130.072,176500,4
Unlearn (with Gracie Abrams),benny blanco,pop,1765907,0.429,0.214,1,-12.261,1,0.242,0.897,0,0.105,0.189,77.849,155361,4
Vibez,ZAYN,pop,163286,0.643,0.671,7,-7.45,1,0.0842,0.241,0.0178,0.12,0.297,96.924,163347,4
WAP (feat. Megan Thee Stallion),Cardi B,pop,10855,0.935,0.454,1,-7.509,1,0.375,0.0194,0,0.0824,0.357,133.073,187541,4
Watermelon Sugar,Harry Styles,pop,3351242,0.548,0.816,0,-4.209,1,0.0465,0.122,0,0.335,0.557,95.39,174000,4
We Don't Talk Anymore (feat. Selena Gomez),Charlie Puth,pop,4622303,0.728,0.563,1,-8.053,0,0.134,0.621,0,0.179,0.352,100.017,217707,4
What A Time (feat. Niall Horan),Julia Michaels,pop,173106,0.516,0.467,0,-6.184,1,0.0302,0.662,0,0.0853,0.386,132.861,173307,4
Who (feat. BTS),Lauv,pop,789738,0.632,0.337,11,-8,0,0.033,0.558,0,0.104,0.0982,141.701,180413,3
Who Says,Selena Gomez & The Scene,pop,390400,0.682,0.927,4,-2.915,1,0.0479,0.0843,0,0.149,0.744,101.019,195613,4
Why,Bazzi,pop,112360,0.676,0.67,8,-6.584,1,0.0374,0.353,0,0.103,0.54,113.01,148260,4
Why,Sabrina Carpenter,pop,185647,0.633,0.557,11,-4.917,0,0.203,0.169,0,0.0671,0.623,89.672,171096,4
You Are The Reason,Calum Scott,pop,1587847,0.329,0.235,10,-7.699,1,0.0303,0.918,0,0.137,0.22,171.006,204326,3
You Deserve Better,James Arthur,pop,137482,0.516,0.56,6,-7.116,0,0.486,0.0322,0,0.15,0.696,98.94,207773,4
Young & Alive,Bazzi,pop,38421,0.716,0.563,3,-5.486,1,0.0426,0.326,0,0.119,0.494,86.005,160465,4
Young Dumb & Broke,Khalid,pop,484456,0.799,0.539,1,-6.351,1,0.0421,0.199,1.66e-05,0.165,0.394,136.948,202547,4
Younger,Jonas Blue,pop,2560215,0.784,0.845,3,-2.793,1,0.0596,0.286,1.59e-05,0.074,0.888,105.981,194721,4
5 Taara,Diljit Dosanjh,filmi,7408,0.687,0.855,4,-2.837,0,0.109,0.13,0,0.311,0.659,167.947,178421,4
Aap Ki Kashish,Himesh Reshammiya,filmi,333653,0.69,0.78,8,-7.412,0,0.0489,0.117,0,0.0696,0.718,110.963,333653,4
Aasan Nahin Yahan,Arijit Singh,filmi,58231,0.549,0.437,10,-7.169,0,0.0263,0.766,0.000407,0.133,0.236,93.976,214470,4
Aashayein,KK,filmi,210952,0.561,0.709,9,-10.247,1,0.0484,0.232,0,0.0992,0.509,115.006,260142,4
Aashayein - Slow Version,KK,filmi,85681,0.417,0.134,9,-12.096,1,0.0321,0.979,9.61e-05,0.101,0.381,83.176,72292,4
Aashiqui 2 Mashup,Arijit Singh,filmi,2166765,0.616,0.757,8,-5.877,0,0.0337,0.393,0.00267,0.165,0.538,96.976,302658,4
Aasman Ke,KK,filmi,173573,0.558,0.746,7,-6.338,0,0.0389,0.0852,0.000302,0.258,0.342,120.096,257280,4
Ab Mujhe Raat Din,Sonu Nigam,filmi,10264,0.68,0.524,5,-12.536,1,0.0306,0.161,0.0015,0.101,0.577,100.054,385253,4
Abhi Abhi,KK,filmi,342664,0.566,0.634,2,-5.551,1,0.0443,0.145,0.000716,0.0814,0.36,143.89,342669,4
Abhi Mujh Mein Kahin,Ajay-Atul,filmi,745640,0.334,0.387,2,-9.483,1,0.0332,0.755,3.94e-05,0.113,0.42,129.959,364787,1
Adiyogi (The Source of Yoga),Kailash Kher,filmi,18983,0.611,0.512,11,-12.533,0,0.0361,0.3,0.000851,0.219,0.263,99.987,393220,1
Afghan Jalebi (Film Version),Pritam,filmi,225637,0.84,0.884,0,-3.217,1,0.334,0.427,0,0.0885,0.972,118.007,224207,4
Agar Tum Saath Ho,Alka Yagnik,filmi,341076,0.654,0.408,3,-12.787,1,0.0695,0.743,0.0145,0.278,0.424,95.957,261060,4
Agent Vinod (Theme),Pritam,filmi,27455,0.658,0.852,0,-3.07,1,0.044,0.000223,0.863,0.101,0.409,140.024,277950,4
Ajab Si,KK,filmi,1512907,0.697,0.438,8,-8.411,1,0.0289,0.397,0,0.293,0.58,117.954,241668,4
Ajnabi Hawaayein,Shreya Ghoshal,filmi,182582,0.557,0.58,6,-6.566,0,0.0429,0.589,0.000245,0.124,0.453,80.051,281658,4
Allah Hafiz,Pritam,filmi,242085,0.683,0.975,7,-3.48,1,0.068,0.0719,0.000384,0.325,0.745,103.026,270470,4
Allah Maaf Kare,Pritam,filmi,230164,0.664,0.792,6,-5.294,1,0.0283,0.184,0.000417,0.106,0.86,139.961,230165,4
Alvida,Pritam,filmi,2747,0.287,0.654,2,-5.57,1,0.0374,0.593,7.3e-06,0.11,0.241,84.015,338587,4
Ambarsariya,Sona Mohapatra,filmi,45832,0.649,0.458,4,-7.632,0,0.0446,0.574,0,0.113,0.748,180.071,248182,4
Anisuthide,Sonu Nigam,filmi,4204,0.744,0.708,0,-6.073,0,0.0312,0.458,0.000486,0.207,0.486,120.017,276428,4
Anjaana Anjaani,Vishal Dadlani,filmi,85784,0.526,0.639,0,-6.614,1,0.0322,0.49,1.46e-05,0.099,0.214,77.053,354079,4
Ashutosh Shashamk Shekhar,Sonu Nigam,filmi,3161,0.76,0.546,5,-8.048,1,0.0395,0.815,0,0.29,0.968,116.969,352667,1
Baarish,Mohammed Irfan,filmi,374793,0.443,0.447,7,-7.895,0,0.0356,0.768,0,0.2,0.215,127.395,374938,4
Badtameez Dil,Pritam,filmi,45891,0.806,0.932,2,-2.228,0,0.0684,0.24,0,0.216,0.792,106.021,252760,4
Balam Pichkari,Pritam,filmi,6521,0.732,0.944,0,-4.115,1,0.09,0.209,0,0.401,0.957,120.02,288903,4
Banjaara,Mohammed Irfan,filmi,362646,0.657,0.489,1,-6.829,0,0.0306,0.713,0,0.124,0.399,116,336567,4
Beete Lamhein,KK,filmi,234721,0.257,0.583,7,-8.185,1,0.0429,0.603,0.000289,0.146,0.217,160.127,298272,4
Bhagwaan Hai Kahan Re Tu,Sonu Nigam,filmi,311053,0.472,0.398,4,-8.962,1,0.0432,0.425,1.71e-05,0.117,0.261,124.171,311053,3
Big Band Mix,Sonu Nigam,filmi,619496,0.677,0.848,5,-4.584,1,0.0313,0.0219,0.000327,0.255,0.843,138.956,361053,4
Zara Sa,Pritam,filmi,1973602,0.468,0.91,11,-3.057,0,0.051,0.12,0.000304,0.271,0.694,163.842,303680,4
Zaroorat,Mustafa Zahid,filmi,834483,0.354,0.712,3,-6.109,0,0.0589,0.358,4.19e-05,0.274,0.238,93.345,368852,4
Zinda,Amit Trivedi,filmi,241912,0.688,0.701,3,-7.505,1,0.0298,0.06,0.0301,0.271,0.385,110.019,232505,4
Zinda,Shankar-Ehsaan-Loy,filmi,211120,0.603,0.708,4,-7.047,0,0.0379,0.000173,3.36e-06,0.158,0.611,105.046,211120,4
Zindagi Do Pal Ki,KK,filmi,4125,0.678,0.771,6,-2.849,1,0.0266,0.0277,0.00253,0.149,0.462,105.976,253200,4
Blue Eyes,Yo Yo Honey Singh,filmi,4724,0.77,0.51,10,-5.469,0,0.192,0.137,0.000106,0.0346,0.533,188.067,220944,4
Bulleya,Pritam,filmi,44450,0.552,0.769,2,-4.504,0,0.0465,0.497,0,0.112,0.702,86.957,348966,4
Chaar Kadam,Shaan,filmi,535158,0.388,0.532,8,-6.352,1,0.0414,0.456,0,0.167,0.444,179.642,242668,3
Chaka Chak,A.R. Rahman,filmi,67693,0.816,0.747,10,-6.86,0,0.206,0.064,1.07e-05,0.0806,0.842,82.019,269781,4
Chedkhaniyaan,Shankar-Ehsaan-Loy,filmi,198260,0.771,0.659,7,-6.1,1,0.0674,0.216,0,0.102,0.587,92.008,198261,4
Cheliya,KK,filmi,12702,0.574,0.911,11,-6.709,0,0.0888,0.262,0,0.366,0.756,135.494,319725,4
Chittiyaan Kalaiyaan,Meet Bros Anjjan,filmi,246100,0.793,0.887,7,-5.285,1,0.0954,0.0962,6.39e-05,0.623,0.602,100.007,246100,4
Chori Kiya Re Jiya,Sonu Nigam,filmi,286720,0.507,0.585,9,-5.367,1,0.0288,0.475,0,0.317,0.449,132.741,286720,4
Dard - E - Disco,Sukhwinder Singh,filmi,268573,0.837,0.839,11,-5.548,1,0.0468,0.0381,0.000193,0.301,0.679,107.025,268713,4
Dard - E - Disco (Remix By Dj Aqeel),Sukhwinder Singh,filmi,104486,0.694,0.959,7,-5.635,1,0.06,0.0408,0.0825,0.0763,0.77,124.995,276673,4
Dard Dilo Ke,Himesh Reshammiya,filmi,122198,0.509,0.617,7,-2.233,0,0.0249,0.304,7.8e-05,0.164,0.339,86.025,304049,4
Dard Dilo Ke,Shahid Mallya,filmi,28080,0.587,0.415,7,-7.086,0,0.027,0.67,1.61e-06,0.142,0.3,86.066,304274,4
Dastaan - E - Om Shanti Om,Shaan,filmi,3942714,0.552,0.598,9,-6.052,0,0.0362,0.479,0,0.0806,0.354,135.951,426499,4
Deewangi Deewangi,Shaan,filmi,1927352,0.725,0.918,9,-4.875,1,0.0447,0.0289,5.13e-06,0.602,0.927,107.975,352388,4
Deva Shree Ganesha,Ajay-Atul,filmi,166384,0.34,0.96,1,-5.427,1,0.0802,0.238,4.32e-06,0.0378,0.475,150.04,356827,4
Dhoom Taana,Shreya Ghoshal,filmi,80551,0.8,0.881,0,-6.077,1,0.0502,0.127,0.00011,0.0976,0.81,107.998,373357,4
Dil Dooba,Sonu Nigam,filmi,554206,0.814,0.909,0,-6.875,1,0.0753,0.319,0,0.345,0.961,100.004,230947,4
Dil Ibaadat,Pritam,filmi,60013,0.59,0.859,2,-5.005,0,0.0416,0.633,0,0.286,0.634,149.966,329387,4
Dil Kyun Yeh Mera,KK,filmi,55992,0.486,0.382,6,-6.183,1,0.0286,0.613,8.56e-05,0.149,0.164,125.918,333200,3
Dil Na Diya,Kunal Ganjawala,filmi,1347893,0.733,0.933,7,-4.583,1,0.105,0.0576,0.0691,0.0615,0.696,132.992,354253,4
Dilko Tumse Pyar Hua,Roop Kumar Rathod,filmi,331467,0.664,0.384,9,-16.858,0,0.0751,0.629,0,0.146,0.688,149.945,331468,4
Dilnashin Dilnashin,KK,filmi,181421,0.735,0.938,1,-7.142,1,0.0571,0.00942,7.91e-05,0.057,0.792,110.999,392267,4
Dus Bahane,Shaan,filmi,206792,0.833,0.917,7,-5.498,1,0.0597,0.175,1.92e-06,0.109,0.874,110.001,206947,4
Echo (with KSHMR),Armaan Malik,filmi,1172119,0.344,0.873,10,-3.387,1,0.221,0.0932,0,0.153,0.307,170.041,192353,4
Egirey Mabbulona,KK,filmi,173083,0.669,0.577,5,-7.063,0,0.0406,0.0347,0.00175,0.373,0.479,124.857,234173,4
Feel My Love,KK,filmi,44459,0.746,0.697,7,-7.693,0,0.0422,0.0144,0.000746,0.167,0.542,99.974,299893,4
G.O.A.T.,Diljit Dosanjh,filmi,32508,0.544,0.917,1,-3.403,0,0.259,0.00313,0,0.26,0.686,176.068,223636,4
Gamanisu,Sonu Nigam,filmi,457,0.364,0.403,4,-6.765,1,0.0298,0.742,3.39e-06,0.0978,0.25,119.854,287253,4
Genda Phool,Rekha Bhardwaj,filmi,42093,0.734,0.355,10,-10.605,0,0.083,0.296,0.000135,0.124,0.584,193.922,168240,4
Haan Tu Hain,Pritam,filmi,10731,0.415,0.904,2,-3.586,0,0.104,0.718,0,0.0739,0.729,83.648,324880,4
Hale Dil,Harshit Saxena,filmi,4315354,0.494,0.899,11,-5.081,0,0.165,0.599,3.43e-05,0.111,0.559,79.895,346627,4
Har Ek Friend Kamina Hota Hai,Sonu Nigam,filmi,57295,0.562,0.896,7,-4.811,1,0.146,0.0982,0,0.148,0.753,130.158,235924,4
Hookah Bar,Himesh Reshammiya,filmi,775423,0.73,0.656,11,-5.07,1,0.0294,0.00797,0.00271,0.108,0.743,131.04,254351,4
Hum Jee Lenge,Mustafa Zahid,filmi,2077677,0.608,0.55,5,-7.86,0,0.031,0.708,0,0.0833,0.514,81.987,275920,4
Ishq Bina,Anuradha Sriram,filmi,258117,0.669,0.357,7,-16.269,1,0.0625,0.198,3.22e-06,0.0446,0.501,88.022,465133,4
Ishq Hua,Salim‚ÄìSulaiman,filmi,11178,0.405,0.745,2,-7.914,0,0.108,0.657,0.00552,0.117,0.751,87.452,263027,4
Isq Risk,Sohail Sen,filmi,295079,0.846,0.634,10,-7.753,0,0.0432,0.122,0,0.146,0.944,104.964,295079,4
Issey Kehte Hain Hip Hop,Yo Yo Honey Singh,filmi,101525,0.911,0.608,4,-5.438,0,0.249,0.283,1.34e-06,0.113,0.652,100.013,194168,4
It's the Time to Disco,Shankar-Ehsaan-Loy,filmi,322925,0.902,0.772,6,-8.29,0,0.0383,0.0452,0.000129,0.12,0.808,131.992,333093,4
Jaane Kyun,Vishal-Shekhar,filmi,277986,0.778,0.812,4,-8.561,0,0.046,0.0573,8.28e-06,0.243,0.791,99.962,277987,4
Jaane Ye Kya Hua,KK,filmi,84575,0.604,0.347,7,-8.023,1,0.0245,0.737,2.14e-05,0.118,0.271,100.96,242463,4
Jab Mila Tu,Vishal-Shekhar,filmi,251853,0.626,0.561,9,-6.644,0,0.0304,0.0482,0,0.304,0.794,167.916,251853,4
Jab Se Tere Naina,Monty Sharma,filmi,284573,0.599,0.653,0,-7.576,0,0.122,0.362,0,0.144,0.678,79.968,284573,4
Jab Tak,Armaan Malik,filmi,8900,0.299,0.447,3,-7.862,0,0.0383,0.858,0.000314,0.097,0.321,121.723,174039,4
Jiyein Kyun,Pritam,filmi,104636,0.393,0.609,4,-5.954,1,0.0415,0.0558,2.22e-06,0.107,0.347,71.377,264963,4
Kabhi Alvida Naa Kehna,Shankar-Ehsaan-Loy,filmi,483920,0.365,0.407,5,-10.352,1,0.0424,0.752,0.00129,0.212,0.464,149.161,483920,4
Kabhi Kabhi Aditi,Rashid Ali,filmi,2321,0.791,0.558,7,-7.155,0,0.0661,0.276,0,0.0859,0.872,95.077,218836,4
Kabira (Encore),Pritam,filmi,269850,0.611,0.612,2,-7.978,1,0.114,0.441,0,0.18,0.898,171.841,270439,4
Kahin To,Rashid Ali,filmi,90867,0.61,0.492,10,-7.55,1,0.0261,0.334,6.3e-06,0.0979,0.165,90.984,303206,4
Kaise Mein Kahun Tujhse,KK,filmi,64604,0.613,0.108,9,-15.73,0,0.0289,0.573,0,0.0565,0.779,85.941,64773,4
Kal Ho Naa Ho,Shankar-Ehsaan-Loy,filmi,396492,0.532,0.529,0,-8.402,1,0.0352,0.334,0.000144,0.078,0.295,81.989,321240,4
Kal Ki Hi Baat Hai,Pritam,filmi,239891,0.562,0.368,1,-9.198,1,0.027,0.973,0.000164,0.105,0.25,107.914,240534,4
Kan Kanna Salige,Sonu Nigam,filmi,1403,0.832,0.658,9,-6.333,0,0.0303,0.101,0.00121,0.284,0.666,120.044,272175,4
Kar Ja Re Ya Mar Ja Re,Sachin-Jigar,filmi,169979,0.478,0.767,6,-9.569,1,0.136,0.0158,1.96e-05,0.352,0.227,104.977,170347,4
Kaun Tujhe,Palak Muchhal,filmi,1992065,0.531,0.431,2,-8.937,0,0.037,0.868,2.47e-05,0.127,0.19,107.99,241449,4
Khoon Choos Le,Sachin-Jigar,filmi,58719,0.684,0.721,5,-7.116,1,0.0924,0.36,0,0.168,0.568,128.059,198760,4
Khuda Jaane,Vishal-Shekhar,filmi,723337,0.382,0.632,8,-6.393,1,0.0411,0.391,0.000486,0.0922,0.716,78.936,333584,4
Khwab Dekhe Sexy Lady,Pritam,filmi,463824,0.818,0.829,8,-7.145,0,0.0978,0.303,8.53e-05,0.277,0.967,108.999,279357,4
Kisi Disco Mein Jaaye,Alka Yagnik,filmi,132121,0.622,0.939,7,-9.091,0,0.0587,0.602,0.0181,0.158,0.961,170.058,327000,4
Koi Tumsa Nahin,Sonu Nigam,filmi,1426638,0.663,0.762,5,-4.095,1,0.0326,0.17,1.06e-05,0.107,0.553,140.022,375347,4
Kun Faya Kun,A.R. Rahman,filmi,68960,0.362,0.378,1,-11.008,1,0.0329,0.679,0,0.091,0.575,87.549,470500,4
Kya Karoon?,Shankar-Ehsaan-Loy,filmi,318980,0.594,0.548,9,-7.588,0,0.0267,0.611,0.00146,0.117,0.374,98.014,236160,4
Kya Mujhe Pyar Hai,KK,filmi,534036,0.644,0.818,6,-5.924,0,0.0549,0.431,2.62e-05,0.0806,0.789,118.477,266653,4
Labon Ko,Pritam,filmi,340834,0.63,0.837,9,-4.635,0,0.0387,0.329,0.00271,0.159,0.473,107.997,341028,4
Laung Da Lashkara,Mahalakshmi Iyer,filmi,64465,0.841,0.74,9,-8.432,1,0.13,0.05,2.22e-06,0.128,0.626,109.033,304467,4
Lover,Diljit Dosanjh,filmi,2860714,0.827,0.587,9,-5.531,0,0.113,0.203,0,0.0727,0.774,119.936,190000,4
Lungi Dance,Yo Yo Honey Singh,filmi,275207,0.684,0.958,1,-4.793,1,0.264,0.314,1.94e-06,0.618,0.817,163.95,275399,4
Maahi Ve,Shankar-Ehsaan-Loy,filmi,917251,0.815,0.833,7,-6.117,0,0.0769,0.0297,2e-05,0.33,0.563,99.989,366853,4
Maana Ke Hum Yaar Nahin,Sachin-Jigar,filmi,11294,0.537,0.367,8,-9.362,1,0.0241,0.815,0,0.132,0.348,90.953,264614,4
Main Agar Kahoon,Sonu Nigam,filmi,2730408,0.533,0.436,5,-7.521,0,0.0276,0.234,3.17e-06,0.46,0.371,146.868,308158,3
Main Hoon Na,Sonu Nigam,filmi,495370,0.48,0.681,5,-8.002,1,0.163,0.284,0,0.125,0.74,88.003,361067,4
Maine Dil Se Kaha,KK,filmi,3379203,0.6,0.5,0,-9.115,1,0.0252,0.384,3.81e-05,0.0907,0.258,110.006,312787,4
Make Some Noise For The Desi Boyz,Pritam,filmi,159464,0.692,0.954,2,-3.93,0,0.0915,0.0188,0,0.151,0.89,141.98,244068,4
Maleyali Jotheyali,Sonu Nigam,filmi,23693,0.688,0.616,1,-7.602,0,0.0274,0.38,1.18e-06,0.364,0.68,106.995,264098,4
Mast Magan,Arijit Singh,filmi,4988,0.659,0.774,7,-7.014,1,0.0372,0.606,0.000333,0.185,0.883,82.995,280161,4
Mat Aazma Re,Pritam,filmi,251453,0.467,0.859,0,-2.946,0,0.0409,0.661,0,0.0522,0.673,89.842,251480,4
Maula Mere Maula,Roop Kumar Rathod,filmi,624513,0.548,0.737,0,-7.865,1,0.0386,0.458,0.00806,0.091,0.412,119.961,364330,4
Mere Dholna,Pritam,filmi,885637,0.68,0.973,8,-2.881,1,0.122,0.414,0,0.216,0.727,115.061,404432,4
Mere Dholna (Arijit Version),Pritam,filmi,386599,0.681,0.917,8,-5.295,1,0.0573,0.343,0,0.663,0.772,116.03,364286,4
Mere Yaaraa,Arijit Singh,filmi,214,0.324,0.539,2,-8.076,1,0.038,0.713,3.15e-05,0.118,0.486,120.526,285164,4
Meri Duniya Hai,Sonu Nigam,filmi,278106,0.634,0.54,0,-10.506,1,0.0297,0.491,5.53e-05,0.115,0.81,121.061,278107,4
Meri Maa,Pritam,filmi,317807,0.575,0.306,11,-10.536,1,0.0476,0.885,0,0.109,0.338,82.011,213833,4
Minchagi Neenu,Sonu Nigam,filmi,3243,0.676,0.624,1,-8.264,0,0.0575,0.387,4.84e-05,0.206,0.574,115.975,266954,4
Mitwa,Shankar-Ehsaan-Loy,filmi,382973,0.63,0.63,4,-7.525,1,0.0364,0.295,1.26e-05,0.0934,0.517,107.103,382973,4
Mo Bopalo,Sonu Nigam,filmi,3116,0.454,0.41,11,-14.576,1,0.0686,0.762,0,0.485,0.841,100.179,220868,3
Moh Moh Ke Dhaage (Male),Anu Malik,filmi,322899,0.634,0.344,2,-11.011,1,0.0288,0.741,6.09e-05,0.111,0.409,128,322900,4
Mujhe Raat Din Bas,Sonu Nigam,filmi,36337,0.614,0.469,5,-13.124,1,0.0338,0.4,3.93e-06,0.102,0.657,118.169,311333,4
Mungaru Maleye,Sonu Nigam,filmi,1351,0.537,0.507,7,-8.084,1,0.0342,0.61,0,0.289,0.316,130.16,289933,4
My Heart,KK,filmi,33668,0.842,0.93,9,-8.328,0,0.0949,0.209,1.42e-05,0.104,0.77,130,298393,4
Naam,Tulsi Kumar,filmi,256231,0.455,0.733,11,-5.64,1,0.0683,0.304,0,0.158,0.696,94.903,282528,4
Nandighosh,Sonu Nigam,filmi,72471,0.459,0.721,6,-3.589,1,0.044,0.626,0,0.108,0.798,176.055,277203,4
Naughty Naughty,Anushka Manchanda,filmi,6238,0.82,0.806,8,-5.722,0,0.0554,0.027,1.51e-05,0.429,0.595,119.995,221402,4
Nee Sanihake Bandre,Sonu Nigam,filmi,41560,0.688,0.616,1,-7.602,0,0.0274,0.38,1.18e-06,0.364,0.68,106.995,264098,4
Ninnidale,Sonu Nigam,filmi,826,0.746,0.56,3,-9.417,1,0.0451,0.176,2.55e-06,0.109,0.784,102.015,289358,4
O O Jaane Jaana,Kamaal Khan,filmi,291600,0.781,0.766,7,-8.728,1,0.0564,0.122,0.000104,0.121,0.798,106.193,345240,4
O Re Piya,Salim‚ÄìSulaiman,filmi,379768,0.586,0.532,11,-8.837,0,0.0328,0.779,0.000565,0.124,0.494,99.994,379768,4
Offo,Aditi Singh Sharma,filmi,213771,0.799,0.609,3,-6.729,1,0.0448,0.0158,0,0.0642,0.758,130.031,213942,4
Pal,Arijit Singh,filmi,257265,0.411,0.729,9,-4.738,0,0.0983,0.132,0,0.177,0.498,96.053,270676,3
Pappu Can't Dance,Benny Dayal,filmi,118360,0.668,0.746,1,-7.592,1,0.0603,0.00335,0.00031,0.0773,0.485,119.696,264986,4
Param Sundari,A.R. Rahman,filmi,558523,0.815,0.761,4,-7.162,0,0.144,0.192,0,0.0272,0.82,121.999,200219,4
Paravashanadenu,Sonu Nigam,filmi,2628,0.635,0.299,1,-13.585,0,0.0384,0.72,5.69e-05,0.132,0.402,83.983,235833,4
Party All Night,Yo Yo Honey Singh,filmi,291248,0.854,0.738,6,-5.388,0,0.231,0.203,0,0.298,0.804,129.989,282793,4
Party On My Mind,KK,filmi,222072,0.715,0.864,11,-5.013,0,0.0751,0.0188,0,0.719,0.57,122.016,222133,4
Peaches (feat. Anne-Marie),Diljit Dosanjh,filmi,116024,0.633,0.567,4,-7.296,0,0.113,0.386,0,0.069,0.353,85.297,189882,4
Phir Milenge Chalte Chalte,Sonu Nigam,filmi,902491,0.778,0.737,0,-7.073,1,0.195,0.178,6.83e-06,0.0632,0.9,125.031,394162,4
Piya Aaye Na,Tulsi Kumar,filmi,286115,0.5,0.588,4,-7.66,0,0.0362,0.641,4.52e-05,0.327,0.35,81.973,286120,4
Psycho Re,Sachin-Jigar,filmi,0,0.671,0.67,9,-9.544,1,0.396,0.447,1.1e-05,0.0638,0.7,106.54,241053,3
Pungi,Pritam,filmi,495568,0.939,0.933,10,-2.688,1,0.0819,0.235,1.04e-06,0.0293,0.708,122.994,247827,4
Pyaar Ke Pal,KK,filmi,74945,0.599,0.135,4,-12.376,1,0.0308,0.845,2.43e-05,0.11,0.168,122.107,359373,3
Pyaar Ki Ek Kahani,Sonu Nigam,filmi,786439,0.698,0.844,6,-4.661,1,0.0645,0.308,5.38e-05,0.0707,0.82,79.973,388707,4
Raabta (Night In A Motel),Pritam,filmi,203940,0.706,0.37,4,-10.488,1,0.0282,0.709,0,0.148,0.385,110.973,207754,4
Rafta Rafta,KK,filmi,271863,0.766,0.663,2,-6.422,0,0.0304,0.265,0,0.132,0.643,114.968,271959,4
Rait Zara Si,A.R. Rahman,filmi,7302,0.563,0.495,2,-10.272,1,0.0362,0.781,0,0.0837,0.244,125.998,291462,4
Rehnuma,Shreya Ghoshal,filmi,261646,0.582,0.62,9,-9.689,0,0.0364,0.613,0.00141,0.106,0.549,89.992,261647,4
Romantic Mashup 2,Mithoon,filmi,34435,0.508,0.761,8,-5.118,0,0.0422,0.0933,2e-06,0.268,0.339,100.011,325172,4
Roopasi,Sonu Nigam,filmi,820,0.626,0.522,8,-8.369,1,0.0307,0.841,0.00129,0.358,0.377,110.986,256483,4
Rozana,Shreya Ghoshal,filmi,821018,0.434,0.378,8,-8.7,1,0.029,0.766,0.000136,0.115,0.291,92.982,274202,4
Saathiya,A.R. Rahman,filmi,11809,0.462,0.457,1,-15.251,0,0.106,0.186,0,0.334,0.535,175.94,357433,4
Sach Keh Raha Hai - LoFi Flip,KK,filmi,93243,0.65,0.479,2,-4.431,1,0.0281,0.622,0.00298,0.135,0.173,113.99,235005,4
Sadda Dil Vi Tu (Ga Ga Ga Ganpati),Sachin-Jigar,filmi,152705,0.682,0.704,0,-9.445,1,0.227,0.163,0,0.297,0.618,139.985,327040,4
Sajde,Pritam,filmi,257936,0.693,0.638,11,-6.715,1,0.0498,0.354,3.32e-06,0.0972,0.747,90.005,305583,4
Salaam-E-Ishq,Sonu Nigam,filmi,7746,0.765,0.796,8,-7.095,1,0.0537,0.0362,5.12e-05,0.249,0.76,103.033,424573,4
Saware,Pritam,filmi,188781,0.499,0.683,6,-6.373,0,0.0334,0.703,0.00161,0.0749,0.295,134.95,321613,4
Senorita,Farhan Akhtar,filmi,299647,0.701,0.681,9,-6.442,1,0.0466,0.134,0,0.064,0.81,122.539,229576,4
Shambhu Sutaya,Sachin-Jigar,filmi,57946,0.431,0.813,5,-6.939,0,0.233,0.2,0,0.115,0.269,95.026,283040,4
Sheila Ki Jawani,Sunidhi Chauhan,filmi,170382,0.803,0.859,6,-4.405,0,0.185,0.305,6.18e-05,0.553,0.631,101.007,281707,4
Shirt Da Button,Sonu Nigam,filmi,2531,0.658,0.767,0,-5.477,1,0.151,0.451,0,0.551,0.762,89.985,408063,4
Shubhaarambh,Amit Trivedi,filmi,503163,0.484,0.545,10,-6.607,1,0.0485,0.2,0,0.188,0.575,114.989,232533,4
Shukran Allah,Salim‚ÄìSulaiman,filmi,291424,0.432,0.695,1,-8.022,1,0.111,0.732,0.0014,0.274,0.513,116.153,290053,3
Socha Hai,Farhan Akhtar,filmi,136870,0.593,0.773,2,-5.591,1,0.0339,0.722,0,0.117,0.561,133.975,246132,4
Soni De Nakhre,Wajid,filmi,3702524,0.829,0.852,6,-5.4,1,0.0477,0.00698,0.000278,0.055,0.912,131.989,261013,4
Soniye,KK,filmi,102303,0.615,0.76,2,-8.082,1,0.0761,0.0701,3.95e-05,0.12,0.743,171.951,296720,4
Sorry Sorry,Sachin-Jigar,filmi,197339,0.789,0.797,0,-8.557,1,0.0478,0.0561,0.0186,0.129,0.692,126.996,197427,4
Such Keh Raha Hai,KK,filmi,7046,0.797,0.306,11,-14.176,0,0.0487,0.337,0,0.169,0.519,124.003,328880,4
Sun Zara,Sonu Nigam,filmi,707,0.584,0.655,5,-10.764,1,0.0773,0.461,0,0.0595,0.816,74.435,366760,4
Suna Suna,Shreya Ghoshal,filmi,35641,0.331,0.424,2,-9.242,1,0.0459,0.481,2.68e-05,0.0893,0.146,80.602,444369,4
Sunn Raha Hai (Female),Shreya Ghoshal,filmi,314700,0.482,0.595,9,-5.336,0,0.0289,0.703,0.000203,0.136,0.482,82.066,314700,4
Tadap Tadap,KK,filmi,7595,0.468,0.462,2,-10.661,1,0.127,0.514,4.14e-06,0.162,0.161,160.307,397773,3
Tainu Leke,Sonu Nigam,filmi,57382,0.796,0.94,7,-6.858,1,0.0804,0.17,0.000168,0.249,0.699,117.008,273578,4
Tanhayee,Sonu Nigam,filmi,15784,0.638,0.413,8,-10.56,1,0.0602,0.104,0,0.107,0.145,96.986,369547,4
Tera Surroor (Remix By Dj Akbar Sami),Himesh Reshammiya,filmi,413620,0.609,0.953,11,-6.17,1,0.0344,0.000436,0.849,0.262,0.89,126.982,298120,4
Tere Dil Ka Rishta,Sonu Nigam,filmi,3079,0.554,0.509,10,-9.258,1,0.0356,0.259,3.2e-06,0.138,0.551,87.992,349547,4
Tere Naal,Tulsi Kumar,filmi,198344,0.315,0.491,11,-7,1,0.0311,0.748,0,0.128,0.245,109.966,198345,4
Teri Yaadon Mein,KK,filmi,723,0.576,0.735,11,-5.811,0,0.0352,0.0233,0.00118,0.188,0.301,105.058,287213,4
Thangaali,Sonu Nigam,filmi,1423,0.673,0.453,0,-6.273,1,0.0468,0.809,8.17e-06,0.112,0.703,161.918,277638,3
The Humma Song,A.R. Rahman,filmi,135331,0.721,0.65,0,-6.95,0,0.135,0.0115,0.00014,0.34,0.392,130.487,179658,5
To Aagare Kichhi Dhoopa,Sonu Nigam,filmi,5070,0.59,0.439,11,-11.853,0,0.0735,0.854,0,0.107,0.692,152.19,454200,4
Tu Hi Meri Shab Hai,KK,filmi,7556088,0.571,0.734,9,-6.059,0,0.0402,0.463,0.000691,0.128,0.552,118.881,389693,4
Tu Jo Mila,KK,filmi,12812,0.576,0.591,0,-7.725,1,0.0332,0.795,6.85e-05,0.266,0.478,124.013,242864,4
Tu Tu Hai Wohi - The Unwind Mix,Jonita Gandhi,filmi,40360,0.609,0.278,11,-14.16,0,0.0358,0.82,0.000514,0.103,0.312,125.883,316013,4
Tujh Mein Rab Dikhta Hai,Roop Kumar Rathod,filmi,350734,0.56,0.604,8,-8.732,1,0.0866,0.315,1.12e-06,0.176,0.75,84.784,281574,4
Tujhe Bhula Diya,Mohit Chauhan,filmi,1471345,0.644,0.423,11,-8.702,0,0.0324,0.464,0,0.11,0.509,131.903,279429,4
Tujhe Sochta Hoon,Pritam,filmi,508530,0.579,0.712,0,-6.119,0,0.0308,0.259,0.000253,0.18,0.486,80.998,313933,4
Tujhko Jo Paaya,Pritam,filmi,402559,0.598,0.236,9,-9.733,1,0.0363,0.845,0,0.109,0.413,149.839,184827,4
Tum Ho,Mohit Chauhan,filmi,40760,0.356,0.47,5,-8.929,1,0.0278,0.518,1e-05,0.0807,0.167,93.895,316500,4
Tum Ho Mera Pyar,KK,filmi,1224504,0.56,0.702,1,-9.343,0,0.0366,0.173,0,0.125,0.562,149.934,305500,4
Tum Mile,Pritam,filmi,740870,0.271,0.726,7,-6.504,1,0.0527,0.586,0,0.353,0.532,87.425,277500,4
Tum Tak,A.R. Rahman,filmi,304241,0.72,0.621,2,-9.773,1,0.0491,0.676,0,0.0679,0.566,114.987,304467,4
Tumhi Dekho Naa,Shankar-Ehsaan-Loy,filmi,349915,0.525,0.448,2,-10.365,0,0.0391,0.572,1.51e-05,0.107,0.356,81.131,347453,4
Tumse Hi Tumse,Shekhar Ravjiani,filmi,21815,0.7,0.526,0,-6.246,1,0.0355,0.0981,0.471,0.102,0.774,92.015,261559,4
Tumse Milke Dil Ka,Sonu Nigam,filmi,1800471,0.853,0.745,9,-8.636,0,0.109,0.0642,1.87e-06,0.0274,0.882,107.985,359253,4
U.P Wala Thumka,Sonu Nigam,filmi,6668,0.798,0.931,8,-7.695,1,0.0745,0.57,0,0.576,0.89,120.178,295960,4
Ucha Lamba Kad,Anand Raj Anand,filmi,7782,0.716,0.832,10,-6.131,1,0.062,0.0189,1.17e-06,0.305,0.742,89.982,279373,4
Uff Teri Adaa,Shankar Mahadevan,filmi,714,0.647,0.792,2,-9.815,1,0.0373,0.00536,5.82e-05,0.054,0.306,132.032,304089,4
Vele,Vishal-Shekhar,filmi,230546,0.833,0.754,2,-7.555,1,0.0513,0.0166,0,0.246,0.65,108.001,230547,4
Where's the Party Tonight,Shankar-Ehsaan-Loy,filmi,22661,0.764,0.863,2,-5.414,0,0.0416,0.00269,0,0.27,0.92,132.021,378160,4
Woh Kisna Hai,Sukhwinder Singh,filmi,382259,0.649,0.525,10,-11.94,1,0.0665,0.245,1.2e-05,0.17,0.494,101.987,357187,4
Yaar Bina Chain Kanha Ray,Bappi Lahiri,filmi,273551,0.82,0.517,4,-10.995,1,0.0425,0.615,0.00081,0.494,0.961,131.212,273551,4
Yaaron,KK,filmi,100976,0.64,0.498,5,-8.241,1,0.0289,0.733,7.33e-06,0.136,0.207,113.895,268867,4
Yeh Jo Halka Halka Suroor Hai,Nusrat Fateh Ali Khan,filmi,484305,0.52,0.591,3,-13.536,1,0.06,0.397,0,0.632,0.831,136.768,1394312,4
5 Taara,Diljit Dosanjh,filmi,7408,0.687,0.855,4,-2.837,0,0.109,0.13,0,0.311,0.659,167.947,178421,4
Aap Ki Kashish,Himesh Reshammiya,filmi,333653,0.69,0.78,8,-7.412,0,0.0489,0.117,0,0.0696,0.718,110.963,333653,4
Aasan Nahin Yahan,Arijit Singh,filmi,58231,0.549,0.437,10,-7.169,0,0.0263,0.766,0.000407,0.133,0.236,93.976,214470,4
Aashayein,KK,filmi,210952,0.561,0.709,9,-10.247,1,0.0484,0.232,0,0.0992,0.509,115.006,260142,4
Aashayein - Slow Version,KK,filmi,85681,0.417,0.134,9,-12.096,1,0.0321,0.979,9.61e-05,0.101,0.381,83.176,72292,4
Aashiqui 2 Mashup,Arijit Singh,filmi,2166765,0.616,0.757,8,-5.877,0,0.0337,0.393,0.00267,0.165,0.538,96.976,302658,4
Aasman Ke,KK,filmi,173573,0.558,0.746,7,-6.338,0,0.0389,0.0852,0.000302,0.258,0.342,120.096,257280,4
Ab Mujhe Raat Din,Sonu Nigam,filmi,10264,0.68,0.524,5,-12.536,1,0.0306,0.161,0.0015,0.101,0.577,100.054,385253,4
Abhi Abhi,KK,filmi,342664,0.566,0.634,2,-5.551,1,0.0443,0.145,0.000716,0.0814,0.36,143.89,342669,4
Abhi Mujh Mein Kahin,Ajay-Atul,filmi,745640,0.334,0.387,2,-9.483,1,0.0332,0.755,3.94e-05,0.113,0.42,129.959,364787,1
Adiyogi (The Source of Yoga),Kailash Kher,filmi,18983,0.611,0.512,11,-12.533,0,0.0361,0.3,0.000851,0.219,0.263,99.987,393220,1
Afghan Jalebi (Film Version),Pritam,filmi,225637,0.84,0.884,0,-3.217,1,0.334,0.427,0,0.0885,0.972,118.007,224207,4
Agar Tum Saath Ho,Alka Yagnik,filmi,341076,0.654,0.408,3,-12.787,1,0.0695,0.743,0.0145,0.278,0.424,95.957,261060,4
Agent Vinod (Theme),Pritam,filmi,27455,0.658,0.852,0,-3.07,1,0.044,0.000223,0.863,0.101,0.409,140.024,277950,4
Ajab Si,KK,filmi,1512907,0.697,0.438,8,-8.411,1,0.0289,0.397,0,0.293,0.58,117.954,241668,4
Ajnabi Hawaayein,Shreya Ghoshal,filmi,182582,0.557,0.58,6,-6.566,0,0.0429,0.589,0.000245,0.124,0.453,80.051,281658,4
Allah Hafiz,Pritam,filmi,242085,0.683,0.975,7,-3.48,1,0.068,0.0719,0.000384,0.325,0.745,103.026,270470,4
Allah Maaf Kare,Pritam,filmi,230164,0.664,0.792,6,-5.294,1,0.0283,0.184,0.000417,0.106,0.86,139.961,230165,4
Alvida,Pritam,filmi,2747,0.287,0.654,2,-5.57,1,0.0374,0.593,7.3e-06,0.11,0.241,84.015,338587,4
Ambarsariya,Sona Mohapatra,filmi,45832,0.649,0.458,4,-7.632,0,0.0446,0.574,0,0.113,0.748,180.071,248182,4
Anisuthide,Sonu Nigam,filmi,4204,0.744,0.708,0,-6.073,0,0.0312,0.458,0.000486,0.207,0.486,120.017,276428,4
Anjaana Anjaani,Vishal Dadlani,filmi,85784,0.526,0.639,0,-6.614,1,0.0322,0.49,1.46e-05,0.099,0.214,77.053,354079,4
Ashutosh Shashamk Shekhar,Sonu Nigam,filmi,3161,0.76,0.546,5,-8.048,1,0.0395,0.815,0,0.29,0.968,116.969,352667,1
Baarish,Mohammed Irfan,filmi,374793,0.443,0.447,7,-7.895,0,0.0356,0.768,0,0.2,0.215,127.395,374938,4
Badtameez Dil,Pritam,filmi,45891,0.806,0.932,2,-2.228,0,0.0684,0.24,0,0.216,0.792,106.021,252760,4
Balam Pichkari,Pritam,filmi,6521,0.732,0.944,0,-4.115,1,0.09,0.209,0,0.401,0.957,120.02,288903,4
Banjaara,Mohammed Irfan,filmi,362646,0.657,0.489,1,-6.829,0,0.0306,0.713,0,0.124,0.399,116,336567,4
Beete Lamhein,KK,filmi,234721,0.257,0.583,7,-8.185,1,0.0429,0.603,0.000289,0.146,0.217,160.127,298272,4
Bhagwaan Hai Kahan Re Tu,Sonu Nigam,filmi,311053,0.472,0.398,4,-8.962,1,0.0432,0.425,1.71e-05,0.117,0.261,124.171,311053,3
Big Band Mix,Sonu Nigam,filmi,619496,0.677,0.848,5,-4.584,1,0.0313,0.0219,0.000327,0.255,0.843,138.956,361053,4
Zara Sa,Pritam,filmi,1973602,0.468,0.91,11,-3.057,0,0.051,0.12,0.000304,0.271,0.694,163.842,303680,4
Zaroorat,Mustafa Zahid,filmi,834483,0.354,0.712,3,-6.109,0,0.0589,0.358,4.19e-05,0.274,0.238,93.345,368852,4
Zinda,Amit Trivedi,filmi,241912,0.688,0.701,3,-7.505,1,0.0298,0.06,0.0301,0.271,0.385,110.019,232505,4
Zinda,Shankar-Ehsaan-Loy,filmi,211120,0.603,0.708,4,-7.047,0,0.0379,0.000173,3.36e-06,0.158,0.611,105.046,211120,4
Zindagi Do Pal Ki,KK,filmi,4125,0.678,0.771,6,-2.849,1,0.0266,0.0277,0.00253,0.149,0.462,105.976,253200,4
Blue Eyes,Yo Yo Honey Singh,filmi,4724,0.77,0.51,10,-5.469,0,0.192,0.137,0.000106,0.0346,0.533,188.067,220944,4
Bulleya,Pritam,filmi,44450,0.552,0.769,2,-4.504,0,0.0465,0.497,0,0.112,0.702,86.957,348966,4
Chaar Kadam,Shaan,filmi,535158,0.388,0.532,8,-6.352,1,0.0414,0.456,0,0.167,0.444,179.642,242668,3
Chaka Chak,A.R. Rahman,filmi,67693,0.816,0.747,10,-6.86,0,0.206,0.064,1.07e-05,0.0806,0.842,82.019,269781,4
Chedkhaniyaan,Shankar-Ehsaan-Loy,filmi,198260,0.771,0.659,7,-6.1,1,0.0674,0.216,0,0.102,0.587,92.008,198261,4
Cheliya,KK,filmi,12702,0.574,0.911,11,-6.709,0,0.0888,0.262,0,0.366,0.756,135.494,319725,4
Chittiyaan Kalaiyaan,Meet Bros Anjjan,filmi,246100,0.793,0.887,7,-5.285,1,0.0954,0.0962,6.39e-05,0.623,0.602,100.007,246100,4
Chori Kiya Re Jiya,Sonu Nigam,filmi,286720,0.507,0.585,9,-5.367,1,0.0288,0.475,0,0.317,0.449,132.741,286720,4
Dard - E - Disco,Sukhwinder Singh,filmi,268573,0.837,0.839,11,-5.548,1,0.0468,0.0381,0.000193,0.301,0.679,107.025,268713,4
Dard - E - Disco (Remix By Dj Aqeel),Sukhwinder Singh,filmi,104486,0.694,0.959,7,-5.635,1,0.06,0.0408,0.0825,0.0763,0.77,124.995,276673,4
Dard Dilo Ke,Himesh Reshammiya,filmi,122198,0.509,0.617,7,-2.233,0,0.0249,0.304,7.8e-05,0.164,0.339,86.025,304049,4
Dard Dilo Ke,Shahid Mallya,filmi,28080,0.587,0.415,7,-7.086,0,0.027,0.67,1.61e-06,0.142,0.3,86.066,304274,4
Dastaan - E - Om Shanti Om,Shaan,filmi,3942714,0.552,0.598,9,-6.052,0,0.0362,0.479,0,0.0806,0.354,135.951,426499,4
Deewangi Deewangi,Shaan,filmi,1927352,0.725,0.918,9,-4.875,1,0.0447,0.0289,5.13e-06,0.602,0.927,107.975,352388,4
Deva Shree Ganesha,Ajay-Atul,filmi,166384,0.34,0.96,1,-5.427,1,0.0802,0.238,4.32e-06,0.0378,0.475,150.04,356827,4
Dhoom Taana,Shreya Ghoshal,filmi,80551,0.8,0.881,0,-6.077,1,0.0502,0.127,0.00011,0.0976,0.81,107.998,373357,4
Dil Dooba,Sonu Nigam,filmi,554206,0.814,0.909,0,-6.875,1,0.0753,0.319,0,0.345,0.961,100.004,230947,4
Dil Ibaadat,Pritam,filmi,60013,0.59,0.859,2,-5.005,0,0.0416,0.633,0,0.286,0.634,149.966,329387,4
Dil Kyun Yeh Mera,KK,filmi,55992,0.486,0.382,6,-6.183,1,0.0286,0.613,8.56e-05,0.149,0.164,125.918,333200,3
Dil Na Diya,Kunal Ganjawala,filmi,1347893,0.733,0.933,7,-4.583,1,0.105,0.0576,0.0691,0.0615,0.696,132.992,354253,4
Dilko Tumse Pyar Hua,Roop Kumar Rathod,filmi,331467,0.664,0.384,9,-16.858,0,0.0751,0.629,0,0.146,0.688,149.945,331468,4
Dilnashin Dilnashin,KK,filmi,181421,0.735,0.938,1,-7.142,1,0.0571,0.00942,7.91e-05,0.057,0.792,110.999,392267,4
Dus Bahane,Shaan,filmi,206792,0.833,0.917,7,-5.498,1,0.0597,0.175,1.92e-06,0.109,0.874,110.001,206947,4
Echo (with KSHMR),Armaan Malik,filmi,1172119,0.344,0.873,10,-3.387,1,0.221,0.0932,0,0.153,0.307,170.041,192353,4
Egirey Mabbulona,KK,filmi,173083,0.669,0.577,5,-7.063,0,0.0406,0.0347,0.00175,0.373,0.479,124.857,234173,4
Feel My Love,KK,filmi,44459,0.746,0.697,7,-7.693,0,0.0422,0.0144,0.000746,0.167,0.542,99.974,299893,4
G.O.A.T.,Diljit Dosanjh,filmi,32508,0.544,0.917,1,-3.403,0,0.259,0.00313,0,0.26,0.686,176.068,223636,4
Gamanisu,Sonu Nigam,filmi,457,0.364,0.403,4,-6.765,1,0.0298,0.742,3.39e-06,0.0978,0.25,119.854,287253,4
Genda Phool,Rekha Bhardwaj,filmi,42093,0.734,0.355,10,-10.605,0,0.083,0.296,0.000135,0.124,0.584,193.922,168240,4
Haan Tu Hain,Pritam,filmi,10731,0.415,0.904,2,-3.586,0,0.104,0.718,0,0.0739,0.729,83.648,324880,4
Hale Dil,Harshit Saxena,filmi,4315354,0.494,0.899,11,-5.081,0,0.165,0.599,3.43e-05,0.111,0.559,79.895,346627,4
Har Ek Friend Kamina Hota Hai,Sonu Nigam,filmi,57295,0.562,0.896,7,-4.811,1,0.146,0.0982,0,0.148,0.753,130.158,235924,4
Hookah Bar,Himesh Reshammiya,filmi,775423,0.73,0.656,11,-5.07,1,0.0294,0.00797,0.00271,0.108,0.743,131.04,254351,4
Hum Jee Lenge,Mustafa Zahid,filmi,2077677,0.608,0.55,5,-7.86,0,0.031,0.708,0,0.0833,0.514,81.987,275920,4
Ishq Bina,Anuradha Sriram,filmi,258117,0.669,0.357,7,-16.269,1,0.0625,0.198,3.22e-06,0.0446,0.501,88.022,465133,4
Ishq Hua,Salim‚ÄìSulaiman,filmi,11178,0.405,0.745,2,-7.914,0,0.108,0.657,0.00552,0.117,0.751,87.452,263027,4
Isq Risk,Sohail Sen,filmi,295079,0.846,0.634,10,-7.753,0,0.0432,0.122,0,0.146,0.944,104.964,295079,4
Issey Kehte Hain Hip Hop,Yo Yo Honey Singh,filmi,101525,0.911,0.608,4,-5.438,0,0.249,0.283,1.34e-06,0.113,0.652,100.013,194168,4
It's the Time to Disco,Shankar-Ehsaan-Loy,filmi,322925,0.902,0.772,6,-8.29,0,0.0383,0.0452,0.000129,0.12,0.808,131.992,333093,4
Jaane Kyun,Vishal-Shekhar,filmi,277986,0.778,0.812,4,-8.561,0,0.046,0.0573,8.28e-06,0.243,0.791,99.962,277987,4
Jaane Ye Kya Hua,KK,filmi,84575,0.604,0.347,7,-8.023,1,0.0245,0.737,2.14e-05,0.118,0.271,100.96,242463,4
Jab Mila Tu,Vishal-Shekhar,filmi,251853,0.626,0.561,9,-6.644,0,0.0304,0.0482,0,0.304,0.794,167.916,251853,4
Jab Se Tere Naina,Monty Sharma,filmi,284573,0.599,0.653,0,-7.576,0,0.122,0.362,0,0.144,0.678,79.968,284573,4
Jab Tak,Armaan Malik,filmi,8900,0.299,0.447,3,-7.862,0,0.0383,0.858,0.000314,0.097,0.321,121.723,174039,4
Jiyein Kyun,Pritam,filmi,104636,0.393,0.609,4,-5.954,1,0.0415,0.0558,2.22e-06,0.107,0.347,71.377,264963,4
Kabhi Alvida Naa Kehna,Shankar-Ehsaan-Loy,filmi,483920,0.365,0.407,5,-10.352,1,0.0424,0.752,0.00129,0.212,0.464,149.161,483920,4
Kabhi Kabhi Aditi,Rashid Ali,filmi,2321,0.791,0.558,7,-7.155,0,0.0661,0.276,0,0.0859,0.872,95.077,218836,4
Kabira (Encore),Pritam,filmi,269850,0.611,0.612,2,-7.978,1,0.114,0.441,0,0.18,0.898,171.841,270439,4
Kahin To,Rashid Ali,filmi,90867,0.61,0.492,10,-7.55,1,0.0261,0.334,6.3e-06,0.0979,0.165,90.984,303206,4
Kaise Mein Kahun Tujhse,KK,filmi,64604,0.613,0.108,9,-15.73,0,0.0289,0.573,0,0.0565,0.779,85.941,64773,4
Kal Ho Naa Ho,Shankar-Ehsaan-Loy,filmi,396492,0.532,0.529,0,-8.402,1,0.0352,0.334,0.000144,0.078,0.295,81.989,321240,4
Kal Ki Hi Baat Hai,Pritam,filmi,239891,0.562,0.368,1,-9.198,1,0.027,0.973,0.000164,0.105,0.25,107.914,240534,4
Kan Kanna Salige,Sonu Nigam,filmi,1403,0.832,0.658,9,-6.333,0,0.0303,0.101,0.00121,0.284,0.666,120.044,272175,4
Kar Ja Re Ya Mar Ja Re,Sachin-Jigar,filmi,169979,0.478,0.767,6,-9.569,1,0.136,0.0158,1.96e-05,0.352,0.227,104.977,170347,4
Kaun Tujhe,Palak Muchhal,filmi,1992065,0.531,0.431,2,-8.937,0,0.037,0.868,2.47e-05,0.127,0.19,107.99,241449,4
Khoon Choos Le,Sachin-Jigar,filmi,58719,0.684,0.721,5,-7.116,1,0.0924,0.36,0,0.168,0.568,128.059,198760,4
Khuda Jaane,Vishal-Shekhar,filmi,723337,0.382,0.632,8,-6.393,1,0.0411,0.391,0.000486,0.0922,0.716,78.936,333584,4
Khwab Dekhe Sexy Lady,Pritam,filmi,463824,0.818,0.829,8,-7.145,0,0.0978,0.303,8.53e-05,0.277,0.967,108.999,279357,4
Kisi Disco Mein Jaaye,Alka Yagnik,filmi,132121,0.622,0.939,7,-9.091,0,0.0587,0.602,0.0181,0.158,0.961,170.058,327000,4
Koi Tumsa Nahin,Sonu Nigam,filmi,1426638,0.663,0.762,5,-4.095,1,0.0326,0.17,1.06e-05,0.107,0.553,140.022,375347,4
Kun Faya Kun,A.R. Rahman,filmi,68960,0.362,0.378,1,-11.008,1,0.0329,0.679,0,0.091,0.575,87.549,470500,4
Kya Karoon?,Shankar-Ehsaan-Loy,filmi,318980,0.594,0.548,9,-7.588,0,0.0267,0.611,0.00146,0.117,0.374,98.014,236160,4
Kya Mujhe Pyar Hai,KK,filmi,534036,0.644,0.818,6,-5.924,0,0.0549,0.431,2.62e-05,0.0806,0.789,118.477,266653,4
Labon Ko,Pritam,filmi,340834,0.63,0.837,9,-4.635,0,0.0387,0.329,0.00271,0.159,0.473,107.997,341028,4
Laung Da Lashkara,Mahalakshmi Iyer,filmi,64465,0.841,0.74,9,-8.432,1,0.13,0.05,2.22e-06,0.128,0.626,109.033,304467,4
Lover,Diljit Dosanjh,filmi,2860714,0.827,0.587,9,-5.531,0,0.113,0.203,0,0.0727,0.774,119.936,190000,4
Lungi Dance,Yo Yo Honey Singh,filmi,275207,0.684,0.958,1,-4.793,1,0.264,0.314,1.94e-06,0.618,0.817,163.95,275399,4
Maahi Ve,Shankar-Ehsaan-Loy,filmi,917251,0.815,0.833,7,-6.117,0,0.0769,0.0297,2e-05,0.33,0.563,99.989,366853,4
Maana Ke Hum Yaar Nahin,Sachin-Jigar,filmi,11294,0.537,0.367,8,-9.362,1,0.0241,0.815,0,0.132,0.348,90.953,264614,4
Main Agar Kahoon,Sonu Nigam,filmi,2730408,0.533,0.436,5,-7.521,0,0.0276,0.234,3.17e-06,0.46,0.371,146.868,308158,3
Main Hoon Na,Sonu Nigam,filmi,495370,0.48,0.681,5,-8.002,1,0.163,0.284,0,0.125,0.74,88.003,361067,4
Maine Dil Se Kaha,KK,filmi,3379203,0.6,0.5,0,-9.115,1,0.0252,0.384,3.81e-05,0.0907,0.258,110.006,312787,4
Make Some Noise For The Desi Boyz,Pritam,filmi,159464,0.692,0.954,2,-3.93,0,0.0915,0.0188,0,0.151,0.89,141.98,244068,4
Maleyali Jotheyali,Sonu Nigam,filmi,23693,0.688,0.616,1,-7.602,0,0.0274,0.38,1.18e-06,0.364,0.68,106.995,264098,4
Mast Magan,Arijit Singh,filmi,4988,0.659,0.774,7,-7.014,1,0.0372,0.606,0.000333,0.185,0.883,82.995,280161,4
Mat Aazma Re,Pritam,filmi,251453,0.467,0.859,0,-2.946,0,0.0409,0.661,0,0.0522,0.673,89.842,251480,4
Maula Mere Maula,Roop Kumar Rathod,filmi,624513,0.548,0.737,0,-7.865,1,0.0386,0.458,0.00806,0.091,0.412,119.961,364330,4
Mere Dholna,Pritam,filmi,885637,0.68,0.973,8,-2.881,1,0.122,0.414,0,0.216,0.727,115.061,404432,4
Mere Dholna (Arijit Version),Pritam,filmi,386599,0.681,0.917,8,-5.295,1,0.0573,0.343,0,0.663,0.772,116.03,364286,4
Mere Yaaraa,Arijit Singh,filmi,214,0.324,0.539,2,-8.076,1,0.038,0.713,3.15e-05,0.118,0.486,120.526,285164,4
Meri Duniya Hai,Sonu Nigam,filmi,278106,0.634,0.54,0,-10.506,1,0.0297,0.491,5.53e-05,0.115,0.81,121.061,278107,4
Meri Maa,Pritam,filmi,317807,0.575,0.306,11,-10.536,1,0.0476,0.885,0,0.109,0.338,82.011,213833,4
Minchagi Neenu,Sonu Nigam,filmi,3243,0.676,0.624,1,-8.264,0,0.0575,0.387,4.84e-05,0.206,0.574,115.975,266954,4
Mitwa,Shankar-Ehsaan-Loy,filmi,382973,0.63,0.63,4,-7.525,1,0.0364,0.295,1.26e-05,0.0934,0.517,107.103,382973,4
Mo Bopalo,Sonu Nigam,filmi,3116,0.454,0.41,11,-14.576,1,0.0686,0.762,0,0.485,0.841,100.179,220868,3
Moh Moh Ke Dhaage (Male),Anu Malik,filmi,322899,0.634,0.344,2,-11.011,1,0.0288,0.741,6.09e-05,0.111,0.409,128,322900,4
Mujhe Raat Din Bas,Sonu Nigam,filmi,36337,0.614,0.469,5,-13.124,1,0.0338,0.4,3.93e-06,0.102,0.657,118.169,311333,4
Mungaru Maleye,Sonu Nigam,filmi,1351,0.537,0.507,7,-8.084,1,0.0342,0.61,0,0.289,0.316,130.16,289933,4
My Heart,KK,filmi,33668,0.842,0.93,9,-8.328,0,0.0949,0.209,1.42e-05,0.104,0.77,130,298393,4
Naam,Tulsi Kumar,filmi,256231,0.455,0.733,11,-5.64,1,0.0683,0.304,0,0.158,0.696,94.903,282528,4
Nandighosh,Sonu Nigam,filmi,72471,0.459,0.721,6,-3.589,1,0.044,0.626,0,0.108,0.798,176.055,277203,4
Naughty Naughty,Anushka Manchanda,filmi,6238,0.82,0.806,8,-5.722,0,0.0554,0.027,1.51e-05,0.429,0.595,119.995,221402,4
Nee Sanihake Bandre,Sonu Nigam,filmi,41560,0.688,0.616,1,-7.602,0,0.0274,0.38,1.18e-06,0.364,0.68,106.995,264098,4
Ninnidale,Sonu Nigam,filmi,826,0.746,0.56,3,-9.417,1,0.0451,0.176,2.55e-06,0.109,0.784,102.015,289358,4
O O Jaane Jaana,Kamaal Khan,filmi,291600,0.781,0.766,7,-8.728,1,0.0564,0.122,0.000104,0.121,0.798,106.193,345240,4
O Re Piya,Salim‚ÄìSulaiman,filmi,379768,0.586,0.532,11,-8.837,0,0.0328,0.779,0.000565,0.124,0.494,99.994,379768,4
Offo,Aditi Singh Sharma,filmi,213771,0.799,0.609,3,-6.729,1,0.0448,0.0158,0,0.0642,0.758,130.031,213942,4
Pal,Arijit Singh,filmi,257265,0.411,0.729,9,-4.738,0,0.0983,0.132,0,0.177,0.498,96.053,270676,3
Pappu Can't Dance,Benny Dayal,filmi,118360,0.668,0.746,1,-7.592,1,0.0603,0.00335,0.00031,0.0773,0.485,119.696,264986,4
Param Sundari,A.R. Rahman,filmi,558523,0.815,0.761,4,-7.162,0,0.144,0.192,0,0.0272,0.82,121.999,200219,4
Paravashanadenu,Sonu Nigam,filmi,2628,0.635,0.299,1,-13.585,0,0.0384,0.72,5.69e-05,0.132,0.402,83.983,235833,4
Party All Night,Yo Yo Honey Singh,filmi,291248,0.854,0.738,6,-5.388,0,0.231,0.203,0,0.298,0.804,129.989,282793,4
Party On My Mind,KK,filmi,222072,0.715,0.864,11,-5.013,0,0.0751,0.0188,0,0.719,0.57,122.016,222133,4
Peaches (feat. Anne-Marie),Diljit Dosanjh,filmi,116024,0.633,0.567,4,-7.296,0,0.113,0.386,0,0.069,0.353,85.297,189882,4
Phir Milenge Chalte Chalte,Sonu Nigam,filmi,902491,0.778,0.737,0,-7.073,1,0.195,0.178,6.83e-06,0.0632,0.9,125.031,394162,4
Piya Aaye Na,Tulsi Kumar,filmi,286115,0.5,0.588,4,-7.66,0,0.0362,0.641,4.52e-05,0.327,0.35,81.973,286120,4
Psycho Re,Sachin-Jigar,filmi,0,0.671,0.67,9,-9.544,1,0.396,0.447,1.1e-05,0.0638,0.7,106.54,241053,3
Pungi,Pritam,filmi,495568,0.939,0.933,10,-2.688,1,0.0819,0.235,1.04e-06,0.0293,0.708,122.994,247827,4
Pyaar Ke Pal,KK,filmi,74945,0.599,0.135,4,-12.376,1,0.0308,0.845,2.43e-05,0.11,0.168,122.107,359373,3
Pyaar Ki Ek Kahani,Sonu Nigam,filmi,786439,0.698,0.844,6,-4.661,1,0.0645,0.308,5.38e-05,0.0707,0.82,79.973,388707,4
Raabta (Night In A Motel),Pritam,filmi,203940,0.706,0.37,4,-10.488,1,0.0282,0.709,0,0.148,0.385,110.973,207754,4
Rafta Rafta,KK,filmi,271863,0.766,0.663,2,-6.422,0,0.0304,0.265,0,0.132,0.643,114.968,271959,4
Rait Zara Si,A.R. Rahman,filmi,7302,0.563,0.495,2,-10.272,1,0.0362,0.781,0,0.0837,0.244,125.998,291462,4
Rehnuma,Shreya Ghoshal,filmi,261646,0.582,0.62,9,-9.689,0,0.0364,0.613,0.00141,0.106,0.549,89.992,261647,4
Romantic Mashup 2,Mithoon,filmi,34435,0.508,0.761,8,-5.118,0,0.0422,0.0933,2e-06,0.268,0.339,100.011,325172,4
Roopasi,Sonu Nigam,filmi,820,0.626,0.522,8,-8.369,1,0.0307,0.841,0.00129,0.358,0.377,110.986,256483,4
Rozana,Shreya Ghoshal,filmi,821018,0.434,0.378,8,-8.7,1,0.029,0.766,0.000136,0.115,0.291,92.982,274202,4
Saathiya,A.R. Rahman,filmi,11809,0.462,0.457,1,-15.251,0,0.106,0.186,0,0.334,0.535,175.94,357433,4
Sach Keh Raha Hai - LoFi Flip,KK,filmi,93243,0.65,0.479,2,-4.431,1,0.0281,0.622,0.00298,0.135,0.173,113.99,235005,4
Sadda Dil Vi Tu (Ga Ga Ga Ganpati),Sachin-Jigar,filmi,152705,0.682,0.704,0,-9.445,1,0.227,0.163,0,0.297,0.618,139.985,327040,4
Sajde,Pritam,filmi,257936,0.693,0.638,11,-6.715,1,0.0498,0.354,3.32e-06,0.0972,0.747,90.005,305583,4
Salaam-E-Ishq,Sonu Nigam,filmi,7746,0.765,0.796,8,-7.095,1,0.0537,0.0362,5.12e-05,0.249,0.76,103.033,424573,4
Saware,Pritam,filmi,188781,0.499,0.683,6,-6.373,0,0.0334,0.703,0.00161,0.0749,0.295,134.95,321613,4
Senorita,Farhan Akhtar,filmi,299647,0.701,0.681,9,-6.442,1,0.0466,0.134,0,0.064,0.81,122.539,229576,4
Shambhu Sutaya,Sachin-Jigar,filmi,57946,0.431,0.813,5,-6.939,0,0.233,0.2,0,0.115,0.269,95.026,283040,4
Sheila Ki Jawani,Sunidhi Chauhan,filmi,170382,0.803,0.859,6,-4.405,0,0.185,0.305,6.18e-05,0.553,0.631,101.007,281707,4
Shirt Da Button,Sonu Nigam,filmi,2531,0.658,0.767,0,-5.477,1,0.151,0.451,0,0.551,0.762,89.985,408063,4
Shubhaarambh,Amit Trivedi,filmi,503163,0.484,0.545,10,-6.607,1,0.0485,0.2,0,0.188,0.575,114.989,232533,4
Shukran Allah,Salim‚ÄìSulaiman,filmi,291424,0.432,0.695,1,-8.022,1,0.111,0.732,0.0014,0.274,0.513,116.153,290053,3
Socha Hai,Farhan Akhtar,filmi,136870,0.593,0.773,2,-5.591,1,0.0339,0.722,0,0.117,0.561,133.975,246132,4
Soni De Nakhre,Wajid,filmi,3702524,0.829,0.852,6,-5.4,1,0.0477,0.00698,0.000278,0.055,0.912,131.989,261013,4
Soniye,KK,filmi,102303,0.615,0.76,2,-8.082,1,0.0761,0.0701,3.95e-05,0.12,0.743,171.951,296720,4
Sorry Sorry,Sachin-Jigar,filmi,197339,0.789,0.797,0,-8.557,1,0.0478,0.0561,0.0186,0.129,0.692,126.996,197427,4
Such Keh Raha Hai,KK,filmi,7046,0.797,0.306,11,-14.176,0,0.0487,0.337,0,0.169,0.519,124.003,328880,4
Sun Zara,Sonu Nigam,filmi,707,0.584,0.655,5,-10.764,1,0.0773,0.461,0,0.0595,0.816,74.435,366760,4
Suna Suna,Shreya Ghoshal,filmi,35641,0.331,0.424,2,-9.242,1,0.0459,0.481,2.68e-05,0.0893,0.146,80.602,444369,4
Sunn Raha Hai (Female),Shreya Ghoshal,filmi,314700,0.482,0.595,9,-5.336,0,0.0289,0.703,0.000203,0.136,0.482,82.066,314700,4
Tadap Tadap,KK,filmi,7595,0.468,0.462,2,-10.661,1,0.127,0.514,4.14e-06,0.162,0.161,160.307,397773,3
Tainu Leke,Sonu Nigam,filmi,57382,0.796,0.94,7,-6.858,1,0.0804,0.17,0.000168,0.249,0.699,117.008,273578,4
Tanhayee,Sonu Nigam,filmi,15784,0.638,0.413,8,-10.56,1,0.0602,0.104,0,0.107,0.145,96.986,369547,4
Tera Surroor (Remix By Dj Akbar Sami),Himesh Reshammiya,filmi,413620,0.609,0.953,11,-6.17,1,0.0344,0.000436,0.849,0.262,0.89,126.982,298120,4
Tere Dil Ka Rishta,Sonu Nigam,filmi,3079,0.554,0.509,10,-9.258,1,0.0356,0.259,3.2e-06,0.138,0.551,87.992,349547,4
Tere Naal,Tulsi Kumar,filmi,198344,0.315,0.491,11,-7,1,0.0311,0.748,0,0.128,0.245,109.966,198345,4
Teri Yaadon Mein,KK,filmi,723,0.576,0.735,11,-5.811,0,0.0352,0.0233,0.00118,0.188,0.301,105.058,287213,4
Thangaali,Sonu Nigam,filmi,1423,0.673,0.453,0,-6.273,1,0.0468,0.809,8.17e-06,0.112,0.703,161.918,277638,3
The Humma Song,A.R. Rahman,filmi,135331,0.721,0.65,0,-6.95,0,0.135,0.0115,0.00014,0.34,0.392,130.487,179658,5
To Aagare Kichhi Dhoopa,Sonu Nigam,filmi,5070,0.59,0.439,11,-11.853,0,0.0735,0.854,0,0.107,0.692,152.19,454200,4
Tu Hi Meri Shab Hai,KK,filmi,7556088,0.571,0.734,9,-6.059,0,0.0402,0.463,0.000691,0.128,0.552,118.881,389693,4
Tu Jo Mila,KK,filmi,12812,0.576,0.591,0,-7.725,1,0.0332,0.795,6.85e-05,0.266,0.478,124.013,242864,4
Tu Tu Hai Wohi - The Unwind Mix,Jonita Gandhi,filmi,40360,0.609,0.278,11,-14.16,0,0.0358,0.82,0.000514,0.103,0.312,125.883,316013,4
Tujh Mein Rab Dikhta Hai,Roop Kumar Rathod,filmi,350734,0.56,0.604,8,-8.732,1,0.0866,0.315,1.12e-06,0.176,0.75,84.784,281574,4
Tujhe Bhula Diya,Mohit Chauhan,filmi,1471345,0.644,0.423,11,-8.702,0,0.0324,0.464,0,0.11,0.509,131.903,279429,4
Tujhe Sochta Hoon,Pritam,filmi,508530,0.579,0.712,0,-6.119,0,0.0308,0.259,0.000253,0.18,0.486,80.998,313933,4
Tujhko Jo Paaya,Pritam,filmi,402559,0.598,0.236,9,-9.733,1,0.0363,0.845,0,0.109,0.413,149.839,184827,4
Tum Ho,Mohit Chauhan,filmi,40760,0.356,0.47,5,-8.929,1,0.0278,0.518,1e-05,0.0807,0.167,93.895,316500,4
Tum Ho Mera Pyar,KK,filmi,1224504,0.56,0.702,1,-9.343,0,0.0366,0.173,0,0.125,0.562,149.934,305500,4
Tum Mile,Pritam,filmi,740870,0.271,0.726,7,-6.504,1,0.0527,0.586,0,0.353,0.532,87.425,277500,4
Tum Tak,A.R. Rahman,filmi,304241,0.72,0.621,2,-9.773,1,0.0491,0.676,0,0.0679,0.566,114.987,304467,4
Tumhi Dekho Naa,Shankar-Ehsaan-Loy,filmi,349915,0.525,0.448,2,-10.365,0,0.0391,0.572,1.51e-05,0.107,0.356,81.131,347453,4
Tumse Hi Tumse,Shekhar Ravjiani,filmi,21815,0.7,0.526,0,-6.246,1,0.0355,0.0981,0.471,0.102,0.774,92.015,261559,4
Tumse Milke Dil Ka,Sonu Nigam,filmi,1800471,0.853,0.745,9,-8.636,0,0.109,0.0642,1.87e-06,0.0274,0.882,107.985,359253,4
U.P Wala Thumka,Sonu Nigam,filmi,6668,0.798,0.931,8,-7.695,1,0.0745,0.57,0,0.576,0.89,120.178,295960,4
Ucha Lamba Kad,Anand Raj Anand,filmi,7782,0.716,0.832,10,-6.131,1,0.062,0.0189,1.17e-06,0.305,0.742,89.982,279373,4
Uff Teri Adaa,Shankar Mahadevan,filmi,714,0.647,0.792,2,-9.815,1,0.0373,0.00536,5.82e-05,0.054,0.306,132.032,304089,4
Vele,Vishal-Shekhar,filmi,230546,0.833,0.754,2,-7.555,1,0.0513,0.0166,0,0.246,0.65,108.001,230547,4
Where's the Party Tonight,Shankar-Ehsaan-Loy,filmi,22661,0.764,0.863,2,-5.414,0,0.0416,0.00269,0,0.27,0.92,132.021,378160,4
Woh Kisna Hai,Sukhwinder Singh,filmi,382259,0.649,0.525,10,-11.94,1,0.0665,0.245,1.2e-05,0.17,0.494,101.987,357187,4
Yaar Bina Chain Kanha Ray,Bappi Lahiri,filmi,273551,0.82,0.517,4,-10.995,1,0.0425,0.615,0.00081,0.494,0.961,131.212,273551,4
Yaaron,KK,filmi,100976,0.64,0.498,5,-8.241,1,0.0289,0.733,7.33e-06,0.136,0.207,113.895,268867,4
Yeh Jo Halka Halka Suroor Hai,Nusrat Fateh Ali Khan,filmi,484305,0.52,0.591,3,-13.536,1,0.06,0.397,0,0.632,0.831,136.768,1394312,4
...Baby One More Time,Britney Spears,dance pop,107407,0.759,0.699,0,-5.745,0,0.0307,0.202,0.000131,0.443,0.907,92.96,211067,4
All I Know So Far,P!nk,dance pop,2293791,0.578,0.639,4,-5.749,1,0.0374,0.0586,0,0.0944,0.296,108.045,277413,4
All The Things She Said,t.A.T.u.,dance pop,214341,0.603,0.834,5,-5.766,0,0.0417,0.0411,0.00609,0.105,0.376,89.957,214440,4
Anywhere,Rita Ora,dance pop,3462867,0.628,0.797,11,-3.953,0,0.0596,0.0364,0,0.104,0.321,106.93,215064,4
"Bailamos - From ""Wild Wild West""",Enrique Iglesias,dance pop,212693,0.629,0.885,7,-4.508,1,0.0384,0.0532,0.00252,0.105,0.567,99.881,212693,4
Bailando - English Version,Enrique Iglesias,dance pop,14402508,0.719,0.844,7,-3.529,1,0.103,0.0793,0,0.0551,0.941,90.951,243240,4
Beautiful Girls,Sean Kingston,dance pop,225373,0.762,0.661,1,-6.075,0,0.0687,0.15,0,0.256,0.769,130.009,225373,4
i miss u (with Au/Ra),Jax Jones,dance pop,1052669,0.668,0.726,9,-7.512,1,0.0468,0.0387,0,0.134,0.453,124.075,172143,4
Boss Bitch,Doja Cat,dance pop,134154,0.707,0.955,10,-4.593,0,0.222,0.127,0,0.202,0.575,125.989,134240,4
Break My Heart,Dua Lipa,dance pop,949746,0.73,0.729,4,-3.434,0,0.0884,0.167,1.39e-06,0.349,0.467,113.011,221820,4
Calling On Me,Sean Paul,dance pop,2087555,0.623,0.891,7,-4.419,0,0.0653,0.016,0,0.329,0.641,99.987,218557,4
Chammak Challo,Akon,dance pop,485526,0.742,0.879,0,-4.274,0,0.0328,0.0696,7.17e-06,0.0981,0.936,133.946,227091,4
Chasing Stars (feat. James Bay),Alesso,dance pop,1295411,0.594,0.64,10,-6.865,1,0.033,0.0169,0,0.135,0.492,92.871,170457,4
Chasing Stars (feat. James Bay) [VIP Mix],Alesso,dance pop,733473,0.728,0.78,7,-6.923,0,0.09,0.0298,0.00758,0.126,0.233,121.991,169180,4
Club Can't Handle Me,Flo Rida,dance pop,232132,0.616,0.869,0,-3.911,1,0.0327,0.0283,0,0.064,0.473,127.966,234560,4
Cold Water,Major Lazer,dance pop,105525,0.608,0.798,6,-5.092,0,0.0432,0.0736,0,0.156,0.501,92.943,185360,4
Criminal,Britney Spears,dance pop,224232,0.696,0.734,7,-5.294,1,0.0298,0.0485,0,0.183,0.711,107.987,225080,4
Dance with Me Tonight,Olly Murs,dance pop,6290659,0.672,0.748,11,-5.922,0,0.0589,0.305,0,0.0811,0.964,163.984,202227,4
Don't Start Now,Dua Lipa,dance pop,1315721,0.793,0.793,11,-4.521,0,0.083,0.0123,0,0.0951,0.679,123.95,183290,4
Drinking from the Bottle (feat. Tinie Tempah),Calvin Harris,dance pop,0,0.665,0.886,9,-4.175,0,0.0514,0.0469,6.24e-05,0.0525,0.53,128.062,240347,4
Dynamite,Taio Cruz,dance pop,240505,0.751,0.783,4,-3.724,1,0.0859,0.00379,0,0.036,0.816,119.975,202613,4
Easy,Camila Cabello,dance pop,194686,0.574,0.593,4,-5.731,0,0.0463,0.411,1.55e-06,0.0966,0.355,128.073,194686,4
Eenie Meenie,Sean Kingston,dance pop,560329,0.734,0.639,1,-3.241,1,0.0316,0.0348,0,0.102,0.836,121.212,201653,4
Giant (with Rag'n'Bone Man),Calvin Harris,dance pop,665105,0.807,0.887,1,-4.311,0,0.0361,0.016,0.000503,0.0811,0.606,122.015,229184,4
"Happy - From ""Despicable Me 2""",Pharrell Williams,dance pop,935467,0.647,0.822,5,-4.662,0,0.183,0.219,0,0.0908,0.962,160.019,232720,4
Harder (with Bebe Rexha),Jax Jones,dance pop,216347,0.906,0.833,5,-3.027,0,0.0729,0.0899,0,0.154,0.752,104.017,159760,4
Head & Heart (feat. MNEK),Joel Corry,dance pop,761622,0.734,0.874,8,-3.158,1,0.0662,0.168,1.14e-05,0.0489,0.905,122.953,166028,4
Heart Attack,Enrique Iglesias,dance pop,1643474,0.553,0.892,4,-4.039,1,0.0667,0.0639,0,0.426,0.479,77.01,170147,4
How to Love (feat. Sofia Reyes),Cash Cash,dance pop,499427,0.546,0.89,9,-1.986,0,0.1,0.108,0,0.0816,0.674,150.126,168200,4
I Like It,Enrique Iglesias,dance pop,772543,0.646,0.94,10,-2.856,0,0.0838,0.0209,0,0.0691,0.704,129.011,231787,4
I Will Never Let You Down,Rita Ora,dance pop,9375,0.753,0.801,4,-3.215,1,0.0296,0.403,0,0.128,0.794,128.011,203467,4
If I Had You,Adam Lambert,dance pop,227370,0.648,0.908,4,-4.251,0,0.108,0.0113,0,0.374,0.793,131.147,228240,4
It Will Rain,Bruno Mars,dance pop,99664,0.576,0.835,2,-6.826,1,0.0486,0.337,0,0.082,0.476,150.017,257720,4
Jealous,Nick Jonas,dance pop,14510,0.7,0.701,11,-3.834,0,0.161,0.013,0,0.461,0.38,93.012,223107,4
Just the Way You Are,Bruno Mars,dance pop,220734,0.635,0.841,5,-5.379,1,0.0422,0.0134,0,0.0622,0.424,109.021,220734,4
Kiss Me More (feat. SZA),Doja Cat,dance pop,417332,0.764,0.705,8,-3.463,1,0.0284,0.259,8.92e-05,0.12,0.781,110.97,208667,4
Lean On,Major Lazer,dance pop,3676,0.723,0.809,7,-3.081,0,0.0625,0.00346,0.00123,0.565,0.274,98.007,176561,4
Lets Go Home Together (feat. Tom Grennan),Ella Henderson,dance pop,2120633,0.651,0.486,5,-4.437,1,0.0456,0.456,0,0.1,0.307,78.14,208692,4
Levitating,Dua Lipa,dance pop,216783,0.702,0.825,6,-3.787,0,0.0601,0.00883,0,0.0674,0.915,102.977,203064,4
Levitating (feat. DaBaby),Dua Lipa,dance pop,2425260,0.702,0.825,6,-3.787,0,0.0601,0.00883,0,0.0674,0.915,102.977,203064,4
Light It Up,Major Lazer,dance pop,3139,0.747,0.877,9,-3.782,0,0.0664,0.0375,0.000833,0.233,0.752,107.991,166138,4
Light It Up - Remix,Major Lazer,dance pop,187020,0.747,0.877,9,-3.782,0,0.0664,0.0375,0.000833,0.233,0.752,107.991,166138,4
Like That (feat. Gucci Mane),Doja Cat,dance pop,25541,0.879,0.498,4,-6.027,0,0.18,0.239,0,0.0967,0.405,106.044,163173,4
Love Me Again,John Newman,dance pop,116880,0.495,0.894,2,-4.814,0,0.0441,0.00453,0.000596,0.103,0.213,126.03,239894,4
Love Not War (The Tampa Beat),Jason Derulo,dance pop,192921,0.738,0.85,8,-3.049,1,0.0642,0.105,0,0.23,0.865,98.013,192921,4
Low (feat. T-Pain),Flo Rida,dance pop,231373,0.918,0.609,10,-5.64,0,0.0791,0.0928,0,0.139,0.304,128.008,231400,4
Meant to Be (feat. Florida Georgia Line),Bebe Rexha,dance pop,4771777,0.643,0.783,10,-6.458,1,0.0856,0.047,0,0.083,0.579,154.084,163870,4
My House,Flo Rida,dance pop,192181,0.688,0.702,7,-4.792,0,0.0499,0.0215,0,0.128,0.74,94.006,192191,4
My Way,Calvin Harris,dance pop,209433,0.818,0.913,4,-3.06,0,0.0426,0.093,3.69e-05,0.161,0.536,119.986,219160,4
Need to Know,Doja Cat,dance pop,11580,0.664,0.609,1,-6.509,1,0.0707,0.304,0,0.0926,0.194,130.041,210560,4
No Money,Galantis,dance pop,189126,0.674,0.915,6,-3.999,0,0.0411,0.0282,0.00337,0.273,0.78,126.038,191293,4
React,The Pussycat Dolls,dance pop,615209,0.738,0.74,10,-5.844,0,0.0814,0.115,0,0.117,0.549,119.989,204176,4
Replay,Iyaz,dance pop,1946458,0.706,0.751,9,-6.323,1,0.0708,0.173,0,0.168,0.195,91.031,182307,4
Right Now,Nick Jonas,dance pop,3045939,0.597,0.751,6,-4.982,0,0.193,0.0104,0,0.0912,0.568,103.956,201680,4
Right Now (Na Na Na),Akon,dance pop,615,0.832,0.87,8,-4.2,0,0.167,0.267,0,0.412,0.566,138.003,240747,4
Runaway (U & I),Galantis,dance pop,71430,0.506,0.805,1,-4.119,1,0.0469,0.00711,0.00193,0.0856,0.383,126.008,227074,4
Runnin',Adam Lambert,dance pop,2537570,0.408,0.868,2,-4.438,0,0.0837,0.0082,0,0.151,0.387,83.469,228533,4
Sabotage,Bebe Rexha,dance pop,571096,0.562,0.565,8,-5.111,1,0.044,0.438,0,0.138,0.208,89.862,176566,4
Selfish,Nick Jonas,dance pop,7000,0.65,0.714,11,-5.933,1,0.0274,0.124,0,0.095,0.427,132.009,187856,4
Sexy And I Know It,LMFAO,dance pop,0,0.707,0.861,7,-4.225,1,0.316,0.1,0,0.191,0.795,130.021,199480,4
Smack That,Akon,dance pop,434598,0.939,0.742,5,-5.171,0,0.0467,0.321,0,0.107,0.924,118.978,212360,4
Stereo Hearts (feat. Adam Levine),Gym Class Heroes,dance pop,1930695,0.646,0.795,9,-3.293,1,0.0976,0.0319,0,0.267,0.796,89.99,210960,4
Take It Off,Kesha,dance pop,215200,0.729,0.675,5,-5.292,0,0.0286,4.14e-05,0.00126,0.0867,0.74,125.036,215200,4
Take You Dancing,Jason Derulo,dance pop,1342261,0.789,0.711,2,-4.248,1,0.041,0.0332,0,0.0876,0.753,112.985,190306,4
Temperature,Sean Paul,dance pop,158705,0.951,0.6,0,-4.675,0,0.0685,0.106,0,0.0712,0.822,125.04,218573,4
That's What I Like,Bruno Mars,dance pop,206693,0.853,0.56,1,-4.961,1,0.0406,0.013,0,0.0944,0.86,134.066,206693,4
The Girls,Calvin Harris,dance pop,322746,0.617,0.887,9,-4.894,1,0.0317,0.00595,0.000332,0.353,0.86,127.923,315067,4
The Lazy Song,Bruno Mars,dance pop,1986,0.794,0.711,8,-5.124,0,0.0699,0.3,0,0.0955,0.955,174.915,189109,4
The Sweet Escape,Gwen Stefani,dance pop,246330,0.756,0.77,1,-3.502,1,0.0343,0.191,0,0.178,0.73,119.961,246467,4
The Way I Are (Dance with Somebody) [feat. Lil Wayne],Bebe Rexha,dance pop,11020,0.466,0.659,2,-6.077,1,0.115,0.00282,0,0.273,0.36,186.169,187787,4
This Is What You Came For,Calvin Harris,dance pop,222160,0.631,0.927,9,-2.787,0,0.0332,0.199,0.119,0.148,0.465,123.962,222160,4
TiK ToK,Kesha,dance pop,212258,0.755,0.837,2,-2.718,0,0.142,0.0991,0,0.289,0.714,120.028,199693,4
Tonight (I'm Fuckin' You),Enrique Iglesias,dance pop,1456771,0.648,0.89,0,-3.982,0,0.0523,0.0294,3.58e-06,0.116,0.321,125.953,232213,4
Trigger,Major Lazer,dance pop,194215,0.57,0.585,8,-7.041,1,0.251,0.128,0.000105,0.111,0.378,97.285,171987,4
Troublemaker (feat. Flo Rida),Olly Murs,dance pop,185437,0.762,0.863,0,-3.689,0,0.0561,0.015,0,0.125,0.965,106.012,185587,4
Wait,Flo Rida,dance pop,10562,0.82,0.731,2,-2.343,1,0.0443,0.0139,0,0.0805,0.602,120.013,123135,4
We Are One (Ole Ola) [The Official 2014 FIFA World Cup Song] (feat. Jennifer Lopez & Claudia Leitte),Pitbull,dance pop,256039,0.592,0.935,6,-4.317,0,0.0581,0.00879,0.0154,0.132,0.567,125.013,222520,4
We Can Get High,Galantis,dance pop,1019185,0.654,0.782,4,-5.179,0,0.0494,0.0668,0,0.303,0.349,150.078,156839,4
Wiggle (feat. Snoop Dogg),Jason Derulo,dance pop,45456,0.697,0.621,9,-6.886,0,0.25,0.0802,0,0.162,0.721,81.946,193296,4
Wild Ones (feat. Sia),Flo Rida,dance pop,232970,0.608,0.86,5,-5.324,0,0.0554,0.0991,0,0.262,0.437,127.075,232947,4
Woman,Doja Cat,dance pop,167968,0.824,0.764,5,-4.175,0,0.0854,0.0888,0.00294,0.117,0.881,107.998,172627,4
Words (feat. Zara Larsson),Alesso,dance pop,142677,0.739,0.586,10,-5.079,0,0.0472,0.0245,0.000252,0.308,0.444,124.026,142677,4
Written in the Stars (feat. Eric Turner),Tinie Tempah,dance pop,221508,0.644,0.945,7,-3.534,1,0.0717,0.0587,0,0.184,0.573,91.017,219560,4
You,Galantis,dance pop,31753,0.762,0.797,5,-2.71,1,0.135,0.117,0,0.202,0.525,122.066,190400,4
You Don't Know Me (feat. RAYE),Jax Jones,dance pop,2968,0.879,0.665,11,-6.082,0,0.145,0.164,0,0.319,0.672,123.977,212573,4
You Used to Hold Me,Calvin Harris,dance pop,69324,0.626,0.968,11,-6.014,0,0.0462,0.0205,0,0.321,0.176,128.969,229173,4
...Baby One More Time,Britney Spears,dance pop,107407,0.759,0.699,0,-5.745,0,0.0307,0.202,0.000131,0.443,0.907,92.96,211067,4
All I Know So Far,P!nk,dance pop,2293791,0.578,0.639,4,-5.749,1,0.0374,0.0586,0,0.0944,0.296,108.045,277413,4
All The Things She Said,t.A.T.u.,dance pop,214341,0.603,0.834,5,-5.766,0,0.0417,0.0411,0.00609,0.105,0.376,89.957,214440,4
Anywhere,Rita Ora,dance pop,3462867,0.628,0.797,11,-3.953,0,0.0596,0.0364,0,0.104,0.321,106.93,215064,4
"Bailamos - From ""Wild Wild West""",Enrique Iglesias,dance pop,212693,0.629,0.885,7,-4.508,1,0.0384,0.0532,0.00252,0.105,0.567,99.881,212693,4
Bailando - English Version,Enrique Iglesias,dance pop,14402508,0.719,0.844,7,-3.529,1,0.103,0.0793,0,0.0551,0.941,90.951,243240,4
Beautiful Girls,Sean Kingston,dance pop,225373,0.762,0.661,1,-6.075,0,0.0687,0.15,0,0.256,0.769,130.009,225373,4
i miss u (with Au/Ra),Jax Jones,dance pop,1052669,0.668,0.726,9,-7.512,1,0.0468,0.0387,0,0.134,0.453,124.075,172143,4
Boss Bitch,Doja Cat,dance pop,134154,0.707,0.955,10,-4.593,0,0.222,0.127,0,0.202,0.575,125.989,134240,4
Break My Heart,Dua Lipa,dance pop,949746,0.73,0.729,4,-3.434,0,0.0884,0.167,1.39e-06,0.349,0.467,113.011,221820,4
Calling On Me,Sean Paul,dance pop,2087555,0.623,0.891,7,-4.419,0,0.0653,0.016,0,0.329,0.641,99.987,218557,4
Chammak Challo,Akon,dance pop,485526,0.742,0.879,0,-4.274,0,0.0328,0.0696,7.17e-06,0.0981,0.936,133.946,227091,4
Chasing Stars (feat. James Bay),Alesso,dance pop,1295411,0.594,0.64,10,-6.865,1,0.033,0.0169,0,0.135,0.492,92.871,170457,4
Chasing Stars (feat. James Bay) [VIP Mix],Alesso,dance pop,733473,0.728,0.78,7,-6.923,0,0.09,0.0298,0.00758,0.126,0.233,121.991,169180,4
Club Can't Handle Me,Flo Rida,dance pop,232132,0.616,0.869,0,-3.911,1,0.0327,0.0283,0,0.064,0.473,127.966,234560,4
Cold Water,Major Lazer,dance pop,105525,0.608,0.798,6,-5.092,0,0.0432,0.0736,0,0.156,0.501,92.943,185360,4
Criminal,Britney Spears,dance pop,224232,0.696,0.734,7,-5.294,1,0.0298,0.0485,0,0.183,0.711,107.987,225080,4
Dance with Me Tonight,Olly Murs,dance pop,6290659,0.672,0.748,11,-5.922,0,0.0589,0.305,0,0.0811,0.964,163.984,202227,4
Don't Start Now,Dua Lipa,dance pop,1315721,0.793,0.793,11,-4.521,0,0.083,0.0123,0,0.0951,0.679,123.95,183290,4
Drinking from the Bottle (feat. Tinie Tempah),Calvin Harris,dance pop,0,0.665,0.886,9,-4.175,0,0.0514,0.0469,6.24e-05,0.0525,0.53,128.062,240347,4
Dynamite,Taio Cruz,dance pop,240505,0.751,0.783,4,-3.724,1,0.0859,0.00379,0,0.036,0.816,119.975,202613,4
Easy,Camila Cabello,dance pop,194686,0.574,0.593,4,-5.731,0,0.0463,0.411,1.55e-06,0.0966,0.355,128.073,194686,4
Eenie Meenie,Sean Kingston,dance pop,560329,0.734,0.639,1,-3.241,1,0.0316,0.0348,0,0.102,0.836,121.212,201653,4
Giant (with Rag'n'Bone Man),Calvin Harris,dance pop,665105,0.807,0.887,1,-4.311,0,0.0361,0.016,0.000503,0.0811,0.606,122.015,229184,4
"Happy - From ""Despicable Me 2""",Pharrell Williams,dance pop,935467,0.647,0.822,5,-4.662,0,0.183,0.219,0,0.0908,0.962,160.019,232720,4
Harder (with Bebe Rexha),Jax Jones,dance pop,216347,0.906,0.833,5,-3.027,0,0.0729,0.0899,0,0.154,0.752,104.017,159760,4
Head & Heart (feat. MNEK),Joel Corry,dance pop,761622,0.734,0.874,8,-3.158,1,0.0662,0.168,1.14e-05,0.0489,0.905,122.953,166028,4
Heart Attack,Enrique Iglesias,dance pop,1643474,0.553,0.892,4,-4.039,1,0.0667,0.0639,0,0.426,0.479,77.01,170147,4
How to Love (feat. Sofia Reyes),Cash Cash,dance pop,499427,0.546,0.89,9,-1.986,0,0.1,0.108,0,0.0816,0.674,150.126,168200,4
I Like It,Enrique Iglesias,dance pop,772543,0.646,0.94,10,-2.856,0,0.0838,0.0209,0,0.0691,0.704,129.011,231787,4
I Will Never Let You Down,Rita Ora,dance pop,9375,0.753,0.801,4,-3.215,1,0.0296,0.403,0,0.128,0.794,128.011,203467,4
If I Had You,Adam Lambert,dance pop,227370,0.648,0.908,4,-4.251,0,0.108,0.0113,0,0.374,0.793,131.147,228240,4
It Will Rain,Bruno Mars,dance pop,99664,0.576,0.835,2,-6.826,1,0.0486,0.337,0,0.082,0.476,150.017,257720,4
Jealous,Nick Jonas,dance pop,14510,0.7,0.701,11,-3.834,0,0.161,0.013,0,0.461,0.38,93.012,223107,4
Just the Way You Are,Bruno Mars,dance pop,220734,0.635,0.841,5,-5.379,1,0.0422,0.0134,0,0.0622,0.424,109.021,220734,4
Kiss Me More (feat. SZA),Doja Cat,dance pop,417332,0.764,0.705,8,-3.463,1,0.0284,0.259,8.92e-05,0.12,0.781,110.97,208667,4
Lean On,Major Lazer,dance pop,3676,0.723,0.809,7,-3.081,0,0.0625,0.00346,0.00123,0.565,0.274,98.007,176561,4
Lets Go Home Together (feat. Tom Grennan),Ella Henderson,dance pop,2120633,0.651,0.486,5,-4.437,1,0.0456,0.456,0,0.1,0.307,78.14,208692,4
Levitating,Dua Lipa,dance pop,216783,0.702,0.825,6,-3.787,0,0.0601,0.00883,0,0.0674,0.915,102.977,203064,4
Levitating (feat. DaBaby),Dua Lipa,dance pop,2425260,0.702,0.825,6,-3.787,0,0.0601,0.00883,0,0.0674,0.915,102.977,203064,4
Light It Up,Major Lazer,dance pop,3139,0.747,0.877,9,-3.782,0,0.0664,0.0375,0.000833,0.233,0.752,107.991,166138,4
Light It Up - Remix,Major Lazer,dance pop,187020,0.747,0.877,9,-3.782,0,0.0664,0.0375,0.000833,0.233,0.752,107.991,166138,4
Like That (feat. Gucci Mane),Doja Cat,dance pop,25541,0.879,0.498,4,-6.027,0,0.18,0.239,0,0.0967,0.405,106.044,163173,4
Love Me Again,John Newman,dance pop,116880,0.495,0.894,2,-4.814,0,0.0441,0.00453,0.000596,0.103,0.213,126.03,239894,4
Love Not War (The Tampa Beat),Jason Derulo,dance pop,192921,0.738,0.85,8,-3.049,1,0.0642,0.105,0,0.23,0.865,98.013,192921,4
Low (feat. T-Pain),Flo Rida,dance pop,231373,0.918,0.609,10,-5.64,0,0.0791,0.0928,0,0.139,0.304,128.008,231400,4
Meant to Be (feat. Florida Georgia Line),Bebe Rexha,dance pop,4771777,0.643,0.783,10,-6.458,1,0.0856,0.047,0,0.083,0.579,154.084,163870,4
My House,Flo Rida,dance pop,192181,0.688,0.702,7,-4.792,0,0.0499,0.0215,0,0.128,0.74,94.006,192191,4
My Way,Calvin Harris,dance pop,209433,0.818,0.913,4,-3.06,0,0.0426,0.093,3.69e-05,0.161,0.536,119.986,219160,4
Need to Know,Doja Cat,dance pop,11580,0.664,0.609,1,-6.509,1,0.0707,0.304,0,0.0926,0.194,130.041,210560,4
No Money,Galantis,dance pop,189126,0.674,0.915,6,-3.999,0,0.0411,0.0282,0.00337,0.273,0.78,126.038,191293,4
React,The Pussycat Dolls,dance pop,615209,0.738,0.74,10,-5.844,0,0.0814,0.115,0,0.117,0.549,119.989,204176,4
Replay,Iyaz,dance pop,1946458,0.706,0.751,9,-6.323,1,0.0708,0.173,0,0.168,0.195,91.031,182307,4
Right Now,Nick Jonas,dance pop,3045939,0.597,0.751,6,-4.982,0,0.193,0.0104,0,0.0912,0.568,103.956,201680,4
Right Now (Na Na Na),Akon,dance pop,615,0.832,0.87,8,-4.2,0,0.167,0.267,0,0.412,0.566,138.003,240747,4
Runaway (U & I),Galantis,dance pop,71430,0.506,0.805,1,-4.119,1,0.0469,0.00711,0.00193,0.0856,0.383,126.008,227074,4
Runnin',Adam Lambert,dance pop,2537570,0.408,0.868,2,-4.438,0,0.0837,0.0082,0,0.151,0.387,83.469,228533,4
Sabotage,Bebe Rexha,dance pop,571096,0.562,0.565,8,-5.111,1,0.044,0.438,0,0.138,0.208,89.862,176566,4
Selfish,Nick Jonas,dance pop,7000,0.65,0.714,11,-5.933,1,0.0274,0.124,0,0.095,0.427,132.009,187856,4
Sexy And I Know It,LMFAO,dance pop,0,0.707,0.861,7,-4.225,1,0.316,0.1,0,0.191,0.795,130.021,199480,4
Smack That,Akon,dance pop,434598,0.939,0.742,5,-5.171,0,0.0467,0.321,0,0.107,0.924,118.978,212360,4
Stereo Hearts (feat. Adam Levine),Gym Class Heroes,dance pop,1930695,0.646,0.795,9,-3.293,1,0.0976,0.0319,0,0.267,0.796,89.99,210960,4
Take It Off,Kesha,dance pop,215200,0.729,0.675,5,-5.292,0,0.0286,4.14e-05,0.00126,0.0867,0.74,125.036,215200,4
Take You Dancing,Jason Derulo,dance pop,1342261,0.789,0.711,2,-4.248,1,0.041,0.0332,0,0.0876,0.753,112.985,190306,4
Temperature,Sean Paul,dance pop,158705,0.951,0.6,0,-4.675,0,0.0685,0.106,0,0.0712,0.822,125.04,218573,4
That's What I Like,Bruno Mars,dance pop,206693,0.853,0.56,1,-4.961,1,0.0406,0.013,0,0.0944,0.86,134.066,206693,4
The Girls,Calvin Harris,dance pop,322746,0.617,0.887,9,-4.894,1,0.0317,0.00595,0.000332,0.353,0.86,127.923,315067,4
The Lazy Song,Bruno Mars,dance pop,1986,0.794,0.711,8,-5.124,0,0.0699,0.3,0,0.0955,0.955,174.915,189109,4
The Sweet Escape,Gwen Stefani,dance pop,246330,0.756,0.77,1,-3.502,1,0.0343,0.191,0,0.178,0.73,119.961,246467,4
The Way I Are (Dance with Somebody) [feat. Lil Wayne],Bebe Rexha,dance pop,11020,0.466,0.659,2,-6.077,1,0.115,0.00282,0,0.273,0.36,186.169,187787,4
This Is What You Came For,Calvin Harris,dance pop,222160,0.631,0.927,9,-2.787,0,0.0332,0.199,0.119,0.148,0.465,123.962,222160,4
TiK ToK,Kesha,dance pop,212258,0.755,0.837,2,-2.718,0,0.142,0.0991,0,0.289,0.714,120.028,199693,4
Tonight (I'm Fuckin' You),Enrique Iglesias,dance pop,1456771,0.648,0.89,0,-3.982,0,0.0523,0.0294,3.58e-06,0.116,0.321,125.953,232213,4
Trigger,Major Lazer,dance pop,194215,0.57,0.585,8,-7.041,1,0.251,0.128,0.000105,0.111,0.378,97.285,171987,4
Troublemaker (feat. Flo Rida),Olly Murs,dance pop,185437,0.762,0.863,0,-3.689,0,0.0561,0.015,0,0.125,0.965,106.012,185587,4
Wait,Flo Rida,dance pop,10562,0.82,0.731,2,-2.343,1,0.0443,0.0139,0,0.0805,0.602,120.013,123135,4
We Are One (Ole Ola) [The Official 2014 FIFA World Cup Song] (feat. Jennifer Lopez & Claudia Leitte),Pitbull,dance pop,256039,0.592,0.935,6,-4.317,0,0.0581,0.00879,0.0154,0.132,0.567,125.013,222520,4
We Can Get High,Galantis,dance pop,1019185,0.654,0.782,4,-5.179,0,0.0494,0.0668,0,0.303,0.349,150.078,156839,4
Wiggle (feat. Snoop Dogg),Jason Derulo,dance pop,45456,0.697,0.621,9,-6.886,0,0.25,0.0802,0,0.162,0.721,81.946,193296,4
Wild Ones (feat. Sia),Flo Rida,dance pop,232970,0.608,0.86,5,-5.324,0,0.0554,0.0991,0,0.262,0.437,127.075,232947,4
Woman,Doja Cat,dance pop,167968,0.824,0.764,5,-4.175,0,0.0854,0.0888,0.00294,0.117,0.881,107.998,172627,4
Words (feat. Zara Larsson),Alesso,dance pop,142677,0.739,0.586,10,-5.079,0,0.0472,0.0245,0.000252,0.308,0.444,124.026,142677,4
Written in the Stars (feat. Eric Turner),Tinie Tempah,dance pop,221508,0.644,0.945,7,-3.534,1,0.0717,0.0587,0,0.184,0.573,91.017,219560,4
You,Galantis,dance pop,31753,0.762,0.797,5,-2.71,1,0.135,0.117,0,0.202,0.525,122.066,190400,4
You Don't Know Me (feat. RAYE),Jax Jones,dance pop,2968,0.879,0.665,11,-6.082,0,0.145,0.164,0,0.319,0.672,123.977,212573,4
You Used to Hold Me,Calvin Harris,dance pop,69324,0.626,0.968,11,-6.014,0,0.0462,0.0205,0,0.321,0.176,128.969,229173,4
12 Hours,Chris James,singer-songwriter pop,2531305,0.83,0.414,3,-7.387,1,0.148,0.497,0,0.187,0.797,87.99,133125,4
12:45 - Stripped,Etham,singer-songwriter pop,795611,0.459,0.214,5,-10.66,1,0.0403,0.634,0,0.125,0.397,163.816,179013,4
24 Hours,Alexander Stewart,singer-songwriter pop,1819808,0.512,0.748,10,-7.338,1,0.0376,0.0908,0,0.204,0.338,143.999,198333,4
29,Chris James,singer-songwriter pop,138281,0.777,0.597,4,-5.125,1,0.0496,0.51,0,0.107,0.9,133.854,138281,4
6AM,Fly By Midnight,singer-songwriter pop,189783,0.637,0.885,5,-4.522,1,0.0274,0.0318,0,0.107,0.613,127.027,190912,4
ALLERGIC,clide,singer-songwriter pop,155200,0.609,0.428,11,-7.796,1,0.0244,0.538,0,0.064,0.627,96.071,155200,4
Again & Again,Fly By Midnight,singer-songwriter pop,3216667,0.728,0.694,1,-5.634,1,0.0645,0.188,0.000876,0.149,0.574,101.985,169412,4
Automatic (feat. Jake Miller),Fly By Midnight,singer-songwriter pop,353426,0.6,0.529,8,-6.184,1,0.0277,0.239,2.35e-05,0.099,0.371,134.966,157472,4
Backwards,Alexander Stewart,singer-songwriter pop,5617313,0.508,0.661,1,-3.166,0,0.128,0.0111,0,0.315,0.699,79.603,172500,4
Best Damn Thing,Alexander Stewart,singer-songwriter pop,230569,0.552,0.815,1,-2.61,1,0.0428,0.119,0,0.235,0.814,93.895,232340,4
aftermath,vaultboy,singer-songwriter pop,5101605,0.617,0.38,9,-9.275,1,0.0361,0.018,0,0.112,0.192,116.961,166610,4
broken parts,clide,singer-songwriter pop,2640200,0.485,0.139,0,-12.416,1,0.0663,0.847,0,0.11,0.236,151.322,185026,3
can you hear me?,Munn,singer-songwriter pop,6987003,0.646,0.576,2,-7.827,1,0.071,0.449,0,0.342,0.375,149.821,185600,4
curve me,clide,singer-songwriter pop,837239,0.654,0.535,9,-6.345,1,0.299,0.272,0,0.0594,0.828,93.786,166795,4
everything,John K,singer-songwriter pop,1056053,0.449,0.612,1,-7.534,1,0.179,0.379,7.28e-05,0.0795,0.296,188.73,172792,3
everything sucks,vaultboy,singer-songwriter pop,1331613,0.76,0.371,6,-8.964,1,0.0531,0.00772,0,0.0785,0.653,138.023,115402,4
happiness,John K,singer-songwriter pop,3640745,0.798,0.722,11,-4.037,1,0.0494,0.099,0,0.242,0.69,123.019,196007,4
i pick loneliness,Munn,singer-songwriter pop,4139674,0.604,0.58,7,-7.169,1,0.31,0.464,0,0.16,0.419,95.087,157000,4
if we never met,John K,singer-songwriter pop,290630,0.958,0.376,8,-7.063,1,0.0523,0.171,0,0.13,0.331,107.964,145316,4
if we never met (feat. Kelsea Ballerini),John K,singer-songwriter pop,144360,0.955,0.369,8,-7.614,1,0.0502,0.223,0,0.14,0.343,107.98,144244,4
ilym,John K,singer-songwriter pop,497036,0.261,0.277,1,-8.143,0,0.031,0.572,1.4e-06,0.0859,0.0617,179.077,236082,3
ilym (feat. ROSIE),John K,singer-songwriter pop,2385481,0.261,0.277,1,-8.143,0,0.031,0.572,1.4e-06,0.0859,0.0617,179.077,236082,3
in case you miss me,John K,singer-songwriter pop,964090,0.674,0.544,3,-7.113,1,0.0409,0.147,0,0.0734,0.463,149.125,170005,4
late nights and lonely,Suriel Hess,singer-songwriter pop,152119,0.443,0.535,2,-7.477,1,0.167,0.718,0,0.144,0.345,96.149,152120,3
rocket science,vaultboy,singer-songwriter pop,3775176,0.741,0.622,10,-8.006,1,0.0395,0.137,0,0.106,0.47,136.014,152987,4
upsides,Nic D,singer-songwriter pop,71094,0.719,0.495,10,-5.889,0,0.18,0.0914,3.15e-06,0.104,0.471,84.983,135576,4
Borrow Your Time,Fly By Midnight,singer-songwriter pop,3887585,0.594,0.769,11,-6.754,1,0.0413,0.254,0.000189,0.0941,0.62,91.031,209670,4
Brooklyn,Emily James,singer-songwriter pop,13929,0.54,0.384,10,-9.742,1,0.0457,0.766,0.00021,0.116,0.367,180.078,170960,4
Butterflies,Abe Parker,singer-songwriter pop,1471139,0.485,0.484,3,-7.036,1,0.0617,0.62,0,0.114,0.282,159.877,183938,3
City Lights,Connor Price,singer-songwriter pop,270666,0.895,0.283,3,-8.387,1,0.101,0.101,0.000157,0.1,0.134,94.023,135333,4
Company,Mark Ambor,singer-songwriter pop,273701,0.663,0.595,6,-6.774,1,0.0346,0.759,0.000404,0.109,0.547,124.022,169080,4
Cotton Candy,Nic D,singer-songwriter pop,104736,0.75,0.493,0,-5.734,0,0.0624,0.238,0,0.0933,0.82,208.11,145424,4
Empty Eyes,Munn,singer-songwriter pop,5049978,0.688,0.406,8,-8.485,1,0.0428,0.767,2.81e-06,0.126,0.281,121.885,187200,4
Enjoy The Weather,Chris James,singer-songwriter pop,150000,0.82,0.543,8,-8.03,1,0.206,0.227,3.31e-06,0.107,0.802,96.917,150000,4
Everything I Wanted,Chris James,singer-songwriter pop,161718,0.495,0.673,11,-9.924,0,0.0394,0.265,0.048,0.213,0.486,160.125,161719,4
Fall Into Me,Forest Blakk,singer-songwriter pop,1957706,0.45,0.483,2,-6.754,1,0.0572,0.179,0,0.127,0.206,118.305,226067,4
Feel Love,Suriel Hess,singer-songwriter pop,15219574,0.753,0.448,7,-7.534,1,0.177,0.458,0,0.151,0.516,110.036,156055,4
Friends Don't Keep Secrets,Stephen Dawes,singer-songwriter pop,651395,0.543,0.482,9,-16.765,1,0.0938,0.367,8.69e-05,0.0892,0.343,154.924,131613,4
Gasoline,Nic D,singer-songwriter pop,1581245,0.668,0.541,11,-7.794,1,0.296,0.194,0,0.201,0.894,200.163,103236,4
Good Thing,Suriel Hess,singer-songwriter pop,40985,0.766,0.689,2,-6.746,1,0.124,0.328,0,0.154,0.836,99.998,159447,4
Hello World,Mark Ambor,singer-songwriter pop,284226,0.247,0.449,2,-8.54,1,0.032,0.274,0,0.111,0.357,180.044,142113,3
Hollow,Rowan Drake,singer-songwriter pop,349914,0.512,0.524,0,-11.294,1,0.0377,0.499,0.000135,0.074,0.115,60.005,174958,4
House of Cards,Alexander Stewart,singer-songwriter pop,3015141,0.462,0.309,8,-6.489,1,0.0308,0.821,0,0.0976,0.374,98.666,214286,4
I Never Learned,Chris James,singer-songwriter pop,152000,0.869,0.357,6,-7.153,1,0.0695,0.329,1.22e-06,0.115,0.588,121.941,152000,4
I Promised,KAYDEN,singer-songwriter pop,235090,0.733,0.541,7,-6.04,1,0.0433,0.484,2.51e-05,0.161,0.374,110.075,235091,4
I Wish It Was Me,Etham,singer-songwriter pop,422160,0.57,0.542,6,-8.4,0,0.0771,0.409,0,0.0879,0.753,110.018,211081,4
Icee Pop,Nic D,singer-songwriter pop,1005969,0.914,0.572,0,-6.606,1,0.0359,0.12,0,0.0709,0.864,134.989,147556,4
If You Love Her,Forest Blakk,singer-songwriter pop,1351871,0.286,0.445,6,-8.087,1,0.0347,0.355,0,0.114,0.278,50.827,217352,4
If You Love Her - feat. Meghan Trainor,Forest Blakk,singer-songwriter pop,1785020,0.335,0.47,1,-7.158,1,0.0343,0.36,0,0.114,0.186,155.912,215832,3
In My Room,Chance Pe√±a,singer-songwriter pop,2245451,0.408,0.338,4,-13.626,1,0.0431,0.521,0.000639,0.0732,0.1,133.943,177609,3
Losing You,Stephen Dawes,singer-songwriter pop,16366,0.485,0.484,4,-14.012,1,0.0307,0.628,0.000566,0.112,0.332,90.071,173417,4
Love Me Like a Friend,Fly By Midnight,singer-songwriter pop,5084510,0.713,0.764,6,-5.57,0,0.0294,0.0718,0,0.0708,0.962,125.052,202267,4
Maybe My Soulmate Died,iamnotshane,singer-songwriter pop,2570565,0.612,0.488,0,-9.993,1,0.244,0.0753,0.00197,0.122,0.496,96.029,114375,4
Me & My Friends,Munn,singer-songwriter pop,3552623,0.652,0.526,5,-11.804,0,0.0765,0.548,0,0.141,0.411,75.965,159474,4
Meltdown,Johnny Stimson,singer-songwriter pop,12600,0.571,0.502,3,-7.159,0,0.137,0.247,2.49e-05,0.441,0.463,158.942,172831,4
Midnight Drives,Munn,singer-songwriter pop,360460,0.659,0.24,1,-13.223,1,0.0427,0.705,0,0.288,0.264,129.81,180231,4
Moon,Jonah Kagen,singer-songwriter pop,893303,0.586,0.516,1,-8.806,0,0.0386,0.191,0,0.489,0.38,109.928,220918,4
NIGHTS LIKE THESE,Benson Boone,singer-songwriter pop,2850960,0.667,0.593,7,-6.016,0,0.0432,0.369,0,0.112,0.458,95.947,172515,4
Not Angry,Chris James,singer-songwriter pop,12401796,0.853,0.314,5,-12.418,0,0.065,0.646,0.000211,0.107,0.679,123.974,199687,4
Nothing,Bruno Major,singer-songwriter pop,12271876,0.555,0.27,2,-15.892,1,0.0888,0.931,0.544,0.103,0.271,139.681,162797,3
Pasta,New Rules,singer-songwriter pop,177332,0.634,0.58,1,-3.812,1,0.0505,0.474,0,0.0891,0.515,88.765,177561,4
Places We Won't Walk,Bruno Major,singer-songwriter pop,338820,0.392,0.0894,3,-16.046,1,0.0476,0.97,6.06e-05,0.108,0.195,87.641,169410,3
Pretty Faces,Nic D,singer-songwriter pop,2515829,0.734,0.643,4,-5.766,0,0.26,0.0605,0,0.424,0.92,80.969,117081,4
Rum n Tequila,John K,singer-songwriter pop,137720,0.611,0.699,9,-5.183,1,0.0365,0.117,0,0.0632,0.749,154.77,137720,4
SPLAT,Connor Price,singer-songwriter pop,2153124,0.908,0.45,7,-7.174,1,0.314,0.0608,0,0.0663,0.515,108.056,125685,4
Settle Down,Fly By Midnight,singer-songwriter pop,183597,0.384,0.504,9,-10.779,1,0.0652,0.607,0,0.0983,0.397,105.371,178339,4
She Chose Me,Bruno Major,singer-songwriter pop,4007806,0.477,0.167,5,-16.664,1,0.228,0.881,0.00157,0.268,0.329,85.516,139960,4
Sky is the Limit,Mark Ambor,singer-songwriter pop,318690,0.519,0.256,4,-14.184,1,0.0444,0.891,0,0.181,0.281,122.715,159345,4
Sorry to Your Next Ex,Haiden,singer-songwriter pop,171315,0.614,0.65,8,-8.208,1,0.0323,0.0687,0,0.117,0.472,140.974,169613,4
Spinnin,Connor Price,singer-songwriter pop,136815,0.765,0.572,11,-6.153,0,0.128,0.226,0,0.192,0.475,140.013,110938,4
Sunroof,Nicky Youre,singer-songwriter pop,5412601,0.768,0.714,10,-5.11,1,0.0401,0.352,0,0.15,0.842,131.443,163026,4
The Long Way,Mark Ambor,singer-songwriter pop,271360,0.677,0.821,4,-3.858,1,0.0611,0.144,0,0.125,0.804,104.87,135680,4
Violet,Connor Price,singer-songwriter pop,2043731,0.924,0.716,8,-7.158,0,0.0541,0.0177,1.15e-06,0.128,0.48,119.973,122880,4
W.I.T.C.H.,Devon Cole,singer-songwriter pop,7359670,0.868,0.66,7,-3.834,1,0.0526,0.104,0,0.0755,0.963,121.925,132133,4
Wasted,Haiden,singer-songwriter pop,150880,0.758,0.574,7,-8.049,1,0.0436,0.103,1.14e-05,0.229,0.527,121.374,148730,4
Waves,Mark Ambor,singer-songwriter pop,306497,0.673,0.728,0,-4.902,1,0.0376,0.0228,3.69e-06,0.0903,0.818,158.049,166280,4
What A Perfect Day For Crying,iamnotshane,singer-songwriter pop,535171,0.56,0.802,9,-7.231,0,0.0574,0.0129,3.37e-05,0.157,0.691,165.01,181818,4
Whole,Sam Tompkins,singer-songwriter pop,7794,0.703,0.624,1,-5.758,1,0.0632,0.293,0,0.178,0.438,156.913,174467,4
Wish You Did,Jonah Kagen,singer-songwriter pop,998514,0.424,0.735,1,-6.32,0,0.0685,0.0611,0,0.178,0.792,117.658,170921,4
You Said,Connor Price,singer-songwriter pop,3944172,0.726,0.481,0,-8.254,1,0.207,0.141,0,0.155,0.224,79.978,135000,4
12 Hours,Chris James,singer-songwriter pop,2531305,0.83,0.414,3,-7.387,1,0.148,0.497,0,0.187,0.797,87.99,133125,4
12:45 - Stripped,Etham,singer-songwriter pop,795611,0.459,0.214,5,-10.66,1,0.0403,0.634,0,0.125,0.397,163.816,179013,4
24 Hours,Alexander Stewart,singer-songwriter pop,1819808,0.512,0.748,10,-7.338,1,0.0376,0.0908,0,0.204,0.338,143.999,198333,4
29,Chris James,singer-songwriter pop,138281,0.777,0.597,4,-5.125,1,0.0496,0.51,0,0.107,0.9,133.854,138281,4
6AM,Fly By Midnight,singer-songwriter pop,189783,0.637,0.885,5,-4.522,1,0.0274,0.0318,0,0.107,0.613,127.027,190912,4
ALLERGIC,clide,singer-songwriter pop,155200,0.609,0.428,11,-7.796,1,0.0244,0.538,0,0.064,0.627,96.071,155200,4
Again & Again,Fly By Midnight,singer-songwriter pop,3216667,0.728,0.694,1,-5.634,1,0.0645,0.188,0.000876,0.149,0.574,101.985,169412,4
Automatic (feat. Jake Miller),Fly By Midnight,singer-songwriter pop,353426,0.6,0.529,8,-6.184,1,0.0277,0.239,2.35e-05,0.099,0.371,134.966,157472,4
Backwards,Alexander Stewart,singer-songwriter pop,5617313,0.508,0.661,1,-3.166,0,0.128,0.0111,0,0.315,0.699,79.603,172500,4
Best Damn Thing,Alexander Stewart,singer-songwriter pop,230569,0.552,0.815,1,-2.61,1,0.0428,0.119,0,0.235,0.814,93.895,232340,4
aftermath,vaultboy,singer-songwriter pop,5101605,0.617,0.38,9,-9.275,1,0.0361,0.018,0,0.112,0.192,116.961,166610,4
broken parts,clide,singer-songwriter pop,2640200,0.485,0.139,0,-12.416,1,0.0663,0.847,0,0.11,0.236,151.322,185026,3
can you hear me?,Munn,singer-songwriter pop,6987003,0.646,0.576,2,-7.827,1,0.071,0.449,0,0.342,0.375,149.821,185600,4
curve me,clide,singer-songwriter pop,837239,0.654,0.535,9,-6.345,1,0.299,0.272,0,0.0594,0.828,93.786,166795,4
everything,John K,singer-songwriter pop,1056053,0.449,0.612,1,-7.534,1,0.179,0.379,7.28e-05,0.0795,0.296,188.73,172792,3
everything sucks,vaultboy,singer-songwriter pop,1331613,0.76,0.371,6,-8.964,1,0.0531,0.00772,0,0.0785,0.653,138.023,115402,4
happiness,John K,singer-songwriter pop,3640745,0.798,0.722,11,-4.037,1,0.0494,0.099,0,0.242,0.69,123.019,196007,4
i pick loneliness,Munn,singer-songwriter pop,4139674,0.604,0.58,7,-7.169,1,0.31,0.464,0,0.16,0.419,95.087,157000,4
if we never met,John K,singer-songwriter pop,290630,0.958,0.376,8,-7.063,1,0.0523,0.171,0,0.13,0.331,107.964,145316,4
if we never met (feat. Kelsea Ballerini),John K,singer-songwriter pop,144360,0.955,0.369,8,-7.614,1,0.0502,0.223,0,0.14,0.343,107.98,144244,4
ilym,John K,singer-songwriter pop,497036,0.261,0.277,1,-8.143,0,0.031,0.572,1.4e-06,0.0859,0.0617,179.077,236082,3
ilym (feat. ROSIE),John K,singer-songwriter pop,2385481,0.261,0.277,1,-8.143,0,0.031,0.572,1.4e-06,0.0859,0.0617,179.077,236082,3
in case you miss me,John K,singer-songwriter pop,964090,0.674,0.544,3,-7.113,1,0.0409,0.147,0,0.0734,0.463,149.125,170005,4
late nights and lonely,Suriel Hess,singer-songwriter pop,152119,0.443,0.535,2,-7.477,1,0.167,0.718,0,0.144,0.345,96.149,152120,3
rocket science,vaultboy,singer-songwriter pop,3775176,0.741,0.622,10,-8.006,1,0.0395,0.137,0,0.106,0.47,136.014,152987,4
upsides,Nic D,singer-songwriter pop,71094,0.719,0.495,10,-5.889,0,0.18,0.0914,3.15e-06,0.104,0.471,84.983,135576,4
Borrow Your Time,Fly By Midnight,singer-songwriter pop,3887585,0.594,0.769,11,-6.754,1,0.0413,0.254,0.000189,0.0941,0.62,91.031,209670,4
Brooklyn,Emily James,singer-songwriter pop,13929,0.54,0.384,10,-9.742,1,0.0457,0.766,0.00021,0.116,0.367,180.078,170960,4
Butterflies,Abe Parker,singer-songwriter pop,1471139,0.485,0.484,3,-7.036,1,0.0617,0.62,0,0.114,0.282,159.877,183938,3
City Lights,Connor Price,singer-songwriter pop,270666,0.895,0.283,3,-8.387,1,0.101,0.101,0.000157,0.1,0.134,94.023,135333,4
Company,Mark Ambor,singer-songwriter pop,273701,0.663,0.595,6,-6.774,1,0.0346,0.759,0.000404,0.109,0.547,124.022,169080,4
Cotton Candy,Nic D,singer-songwriter pop,104736,0.75,0.493,0,-5.734,0,0.0624,0.238,0,0.0933,0.82,208.11,145424,4
Empty Eyes,Munn,singer-songwriter pop,5049978,0.688,0.406,8,-8.485,1,0.0428,0.767,2.81e-06,0.126,0.281,121.885,187200,4
Enjoy The Weather,Chris James,singer-songwriter pop,150000,0.82,0.543,8,-8.03,1,0.206,0.227,3.31e-06,0.107,0.802,96.917,150000,4
Everything I Wanted,Chris James,singer-songwriter pop,161718,0.495,0.673,11,-9.924,0,0.0394,0.265,0.048,0.213,0.486,160.125,161719,4
Fall Into Me,Forest Blakk,singer-songwriter pop,1957706,0.45,0.483,2,-6.754,1,0.0572,0.179,0,0.127,0.206,118.305,226067,4
Feel Love,Suriel Hess,singer-songwriter pop,15219574,0.753,0.448,7,-7.534,1,0.177,0.458,0,0.151,0.516,110.036,156055,4
Friends Don't Keep Secrets,Stephen Dawes,singer-songwriter pop,651395,0.543,0.482,9,-16.765,1,0.0938,0.367,8.69e-05,0.0892,0.343,154.924,131613,4
Gasoline,Nic D,singer-songwriter pop,1581245,0.668,0.541,11,-7.794,1,0.296,0.194,0,0.201,0.894,200.163,103236,4
Good Thing,Suriel Hess,singer-songwriter pop,40985,0.766,0.689,2,-6.746,1,0.124,0.328,0,0.154,0.836,99.998,159447,4
Hello World,Mark Ambor,singer-songwriter pop,284226,0.247,0.449,2,-8.54,1,0.032,0.274,0,0.111,0.357,180.044,142113,3
Hollow,Rowan Drake,singer-songwriter pop,349914,0.512,0.524,0,-11.294,1,0.0377,0.499,0.000135,0.074,0.115,60.005,174958,4
House of Cards,Alexander Stewart,singer-songwriter pop,3015141,0.462,0.309,8,-6.489,1,0.0308,0.821,0,0.0976,0.374,98.666,214286,4
I Never Learned,Chris James,singer-songwriter pop,152000,0.869,0.357,6,-7.153,1,0.0695,0.329,1.22e-06,0.115,0.588,121.941,152000,4
I Promised,KAYDEN,singer-songwriter pop,235090,0.733,0.541,7,-6.04,1,0.0433,0.484,2.51e-05,0.161,0.374,110.075,235091,4
I Wish It Was Me,Etham,singer-songwriter pop,422160,0.57,0.542,6,-8.4,0,0.0771,0.409,0,0.0879,0.753,110.018,211081,4
Icee Pop,Nic D,singer-songwriter pop,1005969,0.914,0.572,0,-6.606,1,0.0359,0.12,0,0.0709,0.864,134.989,147556,4
If You Love Her,Forest Blakk,singer-songwriter pop,1351871,0.286,0.445,6,-8.087,1,0.0347,0.355,0,0.114,0.278,50.827,217352,4
If You Love Her - feat. Meghan Trainor,Forest Blakk,singer-songwriter pop,1785020,0.335,0.47,1,-7.158,1,0.0343,0.36,0,0.114,0.186,155.912,215832,3
In My Room,Chance Pe√±a,singer-songwriter pop,2245451,0.408,0.338,4,-13.626,1,0.0431,0.521,0.000639,0.0732,0.1,133.943,177609,3
Losing You,Stephen Dawes,singer-songwriter pop,16366,0.485,0.484,4,-14.012,1,0.0307,0.628,0.000566,0.112,0.332,90.071,173417,4
Love Me Like a Friend,Fly By Midnight,singer-songwriter pop,5084510,0.713,0.764,6,-5.57,0,0.0294,0.0718,0,0.0708,0.962,125.052,202267,4
Maybe My Soulmate Died,iamnotshane,singer-songwriter pop,2570565,0.612,0.488,0,-9.993,1,0.244,0.0753,0.00197,0.122,0.496,96.029,114375,4
Me & My Friends,Munn,singer-songwriter pop,3552623,0.652,0.526,5,-11.804,0,0.0765,0.548,0,0.141,0.411,75.965,159474,4
Meltdown,Johnny Stimson,singer-songwriter pop,12600,0.571,0.502,3,-7.159,0,0.137,0.247,2.49e-05,0.441,0.463,158.942,172831,4
Midnight Drives,Munn,singer-songwriter pop,360460,0.659,0.24,1,-13.223,1,0.0427,0.705,0,0.288,0.264,129.81,180231,4
Moon,Jonah Kagen,singer-songwriter pop,893303,0.586,0.516,1,-8.806,0,0.0386,0.191,0,0.489,0.38,109.928,220918,4
NIGHTS LIKE THESE,Benson Boone,singer-songwriter pop,2850960,0.667,0.593,7,-6.016,0,0.0432,0.369,0,0.112,0.458,95.947,172515,4
Not Angry,Chris James,singer-songwriter pop,12401796,0.853,0.314,5,-12.418,0,0.065,0.646,0.000211,0.107,0.679,123.974,199687,4
Nothing,Bruno Major,singer-songwriter pop,12271876,0.555,0.27,2,-15.892,1,0.0888,0.931,0.544,0.103,0.271,139.681,162797,3
Pasta,New Rules,singer-songwriter pop,177332,0.634,0.58,1,-3.812,1,0.0505,0.474,0,0.0891,0.515,88.765,177561,4
Places We Won't Walk,Bruno Major,singer-songwriter pop,338820,0.392,0.0894,3,-16.046,1,0.0476,0.97,6.06e-05,0.108,0.195,87.641,169410,3
Pretty Faces,Nic D,singer-songwriter pop,2515829,0.734,0.643,4,-5.766,0,0.26,0.0605,0,0.424,0.92,80.969,117081,4
Rum n Tequila,John K,singer-songwriter pop,137720,0.611,0.699,9,-5.183,1,0.0365,0.117,0,0.0632,0.749,154.77,137720,4
SPLAT,Connor Price,singer-songwriter pop,2153124,0.908,0.45,7,-7.174,1,0.314,0.0608,0,0.0663,0.515,108.056,125685,4
Settle Down,Fly By Midnight,singer-songwriter pop,183597,0.384,0.504,9,-10.779,1,0.0652,0.607,0,0.0983,0.397,105.371,178339,4
She Chose Me,Bruno Major,singer-songwriter pop,4007806,0.477,0.167,5,-16.664,1,0.228,0.881,0.00157,0.268,0.329,85.516,139960,4
Sky is the Limit,Mark Ambor,singer-songwriter pop,318690,0.519,0.256,4,-14.184,1,0.0444,0.891,0,0.181,0.281,122.715,159345,4
Sorry to Your Next Ex,Haiden,singer-songwriter pop,171315,0.614,0.65,8,-8.208,1,0.0323,0.0687,0,0.117,0.472,140.974,169613,4
Spinnin,Connor Price,singer-songwriter pop,136815,0.765,0.572,11,-6.153,0,0.128,0.226,0,0.192,0.475,140.013,110938,4
Sunroof,Nicky Youre,singer-songwriter pop,5412601,0.768,0.714,10,-5.11,1,0.0401,0.352,0,0.15,0.842,131.443,163026,4
The Long Way,Mark Ambor,singer-songwriter pop,271360,0.677,0.821,4,-3.858,1,0.0611,0.144,0,0.125,0.804,104.87,135680,4
Violet,Connor Price,singer-songwriter pop,2043731,0.924,0.716,8,-7.158,0,0.0541,0.0177,1.15e-06,0.128,0.48,119.973,122880,4
W.I.T.C.H.,Devon Cole,singer-songwriter pop,7359670,0.868,0.66,7,-3.834,1,0.0526,0.104,0,0.0755,0.963,121.925,132133,4
Wasted,Haiden,singer-songwriter pop,150880,0.758,0.574,7,-8.049,1,0.0436,0.103,1.14e-05,0.229,0.527,121.374,148730,4
Waves,Mark Ambor,singer-songwriter pop,306497,0.673,0.728,0,-4.902,1,0.0376,0.0228,3.69e-06,0.0903,0.818,158.049,166280,4
What A Perfect Day For Crying,iamnotshane,singer-songwriter pop,535171,0.56,0.802,9,-7.231,0,0.0574,0.0129,3.37e-05,0.157,0.691,165.01,181818,4
Whole,Sam Tompkins,singer-songwriter pop,7794,0.703,0.624,1,-5.758,1,0.0632,0.293,0,0.178,0.438,156.913,174467,4
Wish You Did,Jonah Kagen,singer-songwriter pop,998514,0.424,0.735,1,-6.32,0,0.0685,0.0611,0,0.178,0.792,117.658,170921,4
You Said,Connor Price,singer-songwriter pop,3944172,0.726,0.481,0,-8.254,1,0.207,0.141,0,0.155,0.224,79.978,135000,4
1Stp Klosr (The Humble Brothers Reanimation) [feat. Jonathan Davis],Linkin Park,alternative metal,345993,0.471,0.927,1,-5.76,1,0.0495,0.00272,0.537,0.115,0.232,96.149,346040,4
A Little Piece of Heaven,Avenged Sevenfold,alternative metal,40539,0.486,0.881,2,-5.623,0,0.0474,0.0244,0,0.429,0.667,144.997,480707,4
All Around Me,Flyleaf,alternative metal,198420,0.473,0.871,9,-4.893,1,0.0456,0.0216,0,0.0525,0.47,146.975,198507,4
Animals,Nickelback,alternative metal,207883,0.572,0.961,7,-3.089,1,0.0625,0.000734,0.021,0.207,0.818,76.998,186600,4
BURN IT DOWN,Linkin Park,alternative metal,88904,0.585,0.972,9,-4.45,0,0.0534,0.0143,0,0.0707,0.585,110.006,230253,4
Behind Blue Eyes,Limp Bizkit,alternative metal,3572901,0.595,0.489,7,-6.66,1,0.0271,0.497,0,0.119,0.0902,120.315,269973,4
[Chali],Linkin Park,alternative metal,23535,0.631,0.736,7,-6.96,0,0.0682,0.0336,0.0124,0.3,0.645,95.091,212293,4
[Riff Raff],Linkin Park,alternative metal,21535,0.474,0.301,5,-20.233,1,0.0973,0.993,1.14e-05,0.545,0.962,130.985,21907,4
[Stef],Linkin Park,alternative metal,9962,0,0.305,11,-21.081,0,0,0.992,0,0.589,0,0,10027,0
Bleed It Out,Linkin Park,alternative metal,164194,0.529,0.967,1,-3.647,0,0.0508,0.114,0,0.61,0.596,140.127,166373,4
Blurry,Puddle Of Mudd,alternative metal,1776152,0.431,0.938,3,-4.507,0,0.0542,0.00805,0,0.138,0.523,157.462,304000,4
Breaking the Habit,Linkin Park,alternative metal,440627,0.579,0.849,4,-5.218,0,0.0303,0.108,0,0.0909,0.581,100.021,196907,4
Burn It to the Ground,Nickelback,alternative metal,520145,0.617,0.922,11,-3.474,1,0.0744,0.000247,0.388,0.363,0.6,132.059,212347,4
Burning in the Skies,Linkin Park,alternative metal,253160,0.607,0.891,9,-4.56,0,0.0387,0.0417,0.00521,0.314,0.462,120.012,253160,3
By_Myslf (Josh Abraham and Mike Shinoda Reanimation),Linkin Park,alternative metal,222278,0.552,0.965,8,-4.873,0,0.102,0.000636,0.0924,0.119,0.258,103.212,222440,4
CASTLE OF GLASS,Linkin Park,alternative metal,741904,0.615,0.911,1,-3.584,0,0.0278,0.0686,0.00188,0.0908,0.685,108,205400,4
Chop Suey!,System Of A Down,alternative metal,3623088,0.417,0.934,7,-3.908,0,0.119,0.000278,0.0015,0.132,0.287,127.066,210240,4
Come Clarity,In Flames,alternative metal,255659,0.361,0.929,10,-4.573,0,0.129,0.000965,0.184,0.131,0.0944,149.877,255653,4
Concrete Jungle,Black Label Society,alternative metal,0,0.451,0.987,9,-4.105,1,0.106,9.54e-06,0.102,0.0568,0.368,137.731,204267,4
Destroyer,Parkway Drive,alternative metal,0,0.465,0.988,3,-4.126,0,0.106,3.2e-05,0.0114,0.13,0.155,133.017,287340,4
Easier to Run,Linkin Park,alternative metal,20883,0.545,0.861,3,-4.819,0,0.034,0.0624,0,0.131,0.279,105.017,204173,4
Empty Spaces,Linkin Park,alternative metal,18333,0.333,0.78,6,-16.711,0,0.0701,0.0174,0.9,0.878,0.038,80.293,18333,5
Enth E Nd (Kutmasta Kurt Reanimation) [feat. Motion Man],Linkin Park,alternative metal,517795,0.752,0.796,6,-7.536,1,0.0503,0.00498,0.000245,0.471,0.887,104.992,243613,4
Faint,Linkin Park,alternative metal,162600,0.554,0.978,4,-3.554,1,0.131,0.111,0,0.0731,0.594,135.095,162600,4
Figure.09,Linkin Park,alternative metal,19017,0.518,0.951,9,-3.198,1,0.0529,0.00919,0,0.148,0.537,98.068,197507,4
Final Masquerade,Linkin Park,alternative metal,70500,0.466,0.852,3,-4.487,1,0.0585,0.00774,2.6e-06,0.0989,0.428,164.032,217613,4
Frgt/10 (Alchemist Reanimation) [feat. Chali 2na],Linkin Park,alternative metal,212025,0.631,0.736,7,-6.96,0,0.0682,0.0336,0.0124,0.3,0.645,95.091,212293,4
From the Inside,Linkin Park,alternative metal,70544,0.466,0.965,1,-2.597,0,0.0904,0.042,0,0.101,0.453,95.028,173933,3
Good Goodbye (feat. Pusha T and Stormzy),Linkin Park,alternative metal,2227564,0.697,0.84,9,-4.602,0,0.054,0.106,0,0.748,0.452,128.034,211413,4
H! Vltg3 (Evidence Reanimation) [feat. Pharoahe Monch and DJ Babu],Linkin Park,alternative metal,209965,0.66,0.943,1,-4.166,0,0.277,0.129,0,0.557,0.599,93.696,210733,4
Hands Held High,Linkin Park,alternative metal,2436259,0.565,0.603,9,-8.597,1,0.0329,0.324,4.87e-05,0.195,0.132,104,233133,4
Heavy (feat. Kiiara),Linkin Park,alternative metal,496648,0.59,0.671,9,-6.098,1,0.0706,0.0484,0,0.0604,0.438,149.982,169801,4
Here Without You,3 Doors Down,alternative metal,1349275,0.557,0.533,10,-6.817,0,0.0252,0.0492,0,0.205,0.233,143.994,238733,4
How You Remind Me,Nickelback,alternative metal,223840,0.446,0.764,10,-5.042,1,0.033,0.00135,0,0.099,0.543,172.094,223840,4
If Today Was Your Last Day,Nickelback,alternative metal,2405327,0.485,0.911,3,-5.749,1,0.0355,8.67e-05,0,0.092,0.568,89.956,249067,4
In the End,Linkin Park,alternative metal,523750,0.556,0.864,3,-5.87,0,0.0584,0.00958,0,0.209,0.4,105.143,216880,4
Iridescent,Linkin Park,alternative metal,296560,0.484,0.727,0,-6.107,1,0.0358,0.198,0.00204,0.107,0.216,120.066,296560,4
Killing In The Name,Rage Against The Machine,alternative metal,944006,0.466,0.833,7,-4.215,1,0.304,0.0266,0,0.0327,0.661,88.785,313573,4
Krwlng (Mike Shinoda Reanimation) [feat. Aaron Lewis],Linkin Park,alternative metal,339174,0.415,0.528,4,-7.564,1,0.0293,0.088,0.00595,0.0746,0.0479,105.217,340253,4
Kyur4 Th Ich (Chairman Hahn Reanimation),Linkin Park,alternative metal,152518,0.672,0.974,10,-5.604,0,0.113,0.0436,0.654,0.828,0.296,102.129,152533,4
LOST IN THE ECHO,Linkin Park,alternative metal,1936,0.546,0.98,9,-3.02,0,0.0619,0.0154,0,0.31,0.478,120.037,205120,4
Leave Out All The Rest,Linkin Park,alternative metal,394948,0.509,0.629,0,-6.434,1,0.0335,0.209,1.99e-06,0.369,0.237,80.012,209307,4
Lonely Day,System Of A Down,alternative metal,36273,0.47,0.796,8,-3.277,0,0.0336,0.362,1.1e-06,0.133,0.215,113.108,167907,3
Man in the Box,Alice In Chains,alternative metal,457618,0.355,0.791,8,-7.565,1,0.0453,0.00045,0,0.0969,0.758,106.392,285200,4
My<Dsmbr (Mickey P. Reanimation) [feat. Kelli Ali],Linkin Park,alternative metal,257671,0.649,0.794,7,-8.597,1,0.0352,0.153,0.533,0.0724,0.253,104.7,258133,4
Nobody's Listening,Linkin Park,alternative metal,12260,0.502,0.831,2,-3.723,1,0.295,0.105,1.3e-06,0.174,0.451,199.972,178867,3
Ntr\mssion,Linkin Park,alternative metal,29061,0.45,0.0585,4,-25.115,1,0.154,0.994,0.969,0.669,0,206.529,29400,4
Numb,Linkin Park,alternative metal,371457,0.496,0.863,9,-4.153,1,0.0381,0.0046,0,0.639,0.243,110.018,185587,4
Nutshell,Alice In Chains,alternative metal,592858,0.384,0.561,3,-10.059,0,0.0296,0.373,0.253,0.0775,0.159,136.136,259200,3
One For the Money,Escape the Fate,alternative metal,1579966,0.525,0.964,5,-3.451,0,0.0571,0.000328,5.5e-06,0.0527,0.385,90.013,199950,4
One More Light,Linkin Park,alternative metal,10400,0.593,0.2,8,-11.063,1,0.0311,0.904,0,0.0897,0.17,83.966,255067,4
One Step Closer,Linkin Park,alternative metal,474946,0.492,0.969,9,-4.419,1,0.0491,0.0014,1.32e-06,0.0787,0.538,95.136,157333,4
Opening,Linkin Park,alternative metal,73221,0.16,0.163,1,-16.565,0,0.0382,0.641,0.335,0.0784,0.0352,80.726,67560,4
Over Soon,Egypt Central,alternative metal,204768,0.453,0.888,8,-3.761,0,0.0528,0.0117,5.26e-06,0.0879,0.229,96.548,204832,4
P5hng Me A*wy (Mike Shinoda Reanimation) [feat. Stephen Richards],Linkin Park,alternative metal,277876,0.556,0.774,3,-6.342,0,0.0419,0.0376,0.00315,0.0538,0.614,103.188,277973,4
Plc.4 Mie H√¶d (Amp Live Reanimation) [feat. Zion],Linkin Park,alternative metal,260178,0.641,0.902,1,-7.068,1,0.18,0.181,0,0.654,0.524,133.273,260747,4
Ppr:kut (Cheapshot and Jubacca Reanimation) [feat. Rasco and Planet Asia],Linkin Park,alternative metal,205996,0.565,0.897,1,-6.319,1,0.111,0.000571,0.000879,0.646,0.601,150.356,206347,4
Pts.Of.Athrty - Jay Gordon Reanimation,Linkin Park,alternative metal,325733,0.506,0.976,8,-5.066,0,0.155,0.00185,0.00204,0.338,0.267,95.16,225520,4
Rebellion (feat. Daron Malakian),Linkin Park,alternative metal,221282,0.508,0.971,8,-3.027,1,0.0788,0.00145,0,0.62,0.325,130.023,224160,4
Rnw@y (Backyard Bangers Reanimation) [feat. Phoenix Orion],Linkin Park,alternative metal,193192,0.602,0.921,7,-4.633,1,0.0604,0.00042,0.000272,0.0983,0.545,108.692,193400,4
Rockstar,Nickelback,alternative metal,2691861,0.616,0.91,0,-3.004,1,0.0386,0.0459,0,0.343,0.693,144.072,252040,4
Rooster (2022 Remaster),Alice In Chains,alternative metal,748666,0.271,0.551,3,-8.46,1,0.0272,0.0307,0.000581,0.118,0.2,143.899,374333,3
Savin' Me,Nickelback,alternative metal,219320,0.441,0.815,3,-4.088,1,0.0276,0.000731,0,0.414,0.522,164.007,219320,4
Second Chance,Shinedown,alternative metal,601047,0.46,0.796,0,-4.501,0,0.0333,0.00107,0,0.106,0.182,100.011,222067,4
Take It Out On Me,Thousand Foot Krutch,alternative metal,3192430,0.465,0.813,7,-4.321,1,0.0841,0.00281,0,0.0464,0.614,148.029,197373,4
The Time Is Now,Atreyu,alternative metal,162095,0.487,0.935,8,-4.278,1,0.233,0.0105,0.000256,0.203,0.397,165.013,199959,4
Them Bones (2022 Remaster),Alice In Chains,alternative metal,164683,0.159,0.946,9,-5.756,1,0.0629,0.0235,8.06e-06,0.387,0.309,165.014,149467,1
Waiting for the End,Linkin Park,alternative metal,214212,0.487,0.961,4,-4.139,1,0.132,0.0415,1.15e-06,0.553,0.323,170.005,231680,4
Wastelands,Linkin Park,alternative metal,163217,0.44,0.993,2,-3.481,0,0.184,0.0104,0,0.964,0.614,169.77,195893,4
We Are One,12 Stones,alternative metal,206562,0.444,0.974,5,-4.041,0,0.114,0.000119,1.64e-05,0.233,0.306,127.102,206707,4
What I've Done,Linkin Park,alternative metal,232293,0.623,0.93,5,-5.285,1,0.0324,0.0141,1.64e-06,0.138,0.287,120.119,205613,4
When They Come for Me,Linkin Park,alternative metal,96749,0.547,0.936,1,-4.232,1,0.049,0.00306,0.27,0.278,0.445,91.997,293453,4
Would? (2022 Remaster),Alice In Chains,alternative metal,115376,0.305,0.833,6,-7.981,1,0.0398,0.000327,2.36e-05,0.091,0.586,100.675,206773,4
Wth>You (Chairman Hahn Reanimation) [feat. Aceyalone],Linkin Park,alternative metal,252126,0.58,0.982,4,-3.428,0,0.0729,0.00696,4.82e-06,0.165,0.51,98.189,252307,4
X-Ecutioner Style (feat. Black Thought),Linkin Park,alternative metal,109362,0.757,0.978,5,-3.749,0,0.215,0.0446,0.000796,0.0355,0.539,93.646,109493,4
1Stp Klosr (The Humble Brothers Reanimation) [feat. Jonathan Davis],Linkin Park,alternative metal,345993,0.471,0.927,1,-5.76,1,0.0495,0.00272,0.537,0.115,0.232,96.149,346040,4
A Little Piece of Heaven,Avenged Sevenfold,alternative metal,40539,0.486,0.881,2,-5.623,0,0.0474,0.0244,0,0.429,0.667,144.997,480707,4
All Around Me,Flyleaf,alternative metal,198420,0.473,0.871,9,-4.893,1,0.0456,0.0216,0,0.0525,0.47,146.975,198507,4
Animals,Nickelback,alternative metal,207883,0.572,0.961,7,-3.089,1,0.0625,0.000734,0.021,0.207,0.818,76.998,186600,4
BURN IT DOWN,Linkin Park,alternative metal,88904,0.585,0.972,9,-4.45,0,0.0534,0.0143,0,0.0707,0.585,110.006,230253,4
Behind Blue Eyes,Limp Bizkit,alternative metal,3572901,0.595,0.489,7,-6.66,1,0.0271,0.497,0,0.119,0.0902,120.315,269973,4
[Chali],Linkin Park,alternative metal,23535,0.631,0.736,7,-6.96,0,0.0682,0.0336,0.0124,0.3,0.645,95.091,212293,4
[Riff Raff],Linkin Park,alternative metal,21535,0.474,0.301,5,-20.233,1,0.0973,0.993,1.14e-05,0.545,0.962,130.985,21907,4
[Stef],Linkin Park,alternative metal,9962,0,0.305,11,-21.081,0,0,0.992,0,0.589,0,0,10027,0
Bleed It Out,Linkin Park,alternative metal,164194,0.529,0.967,1,-3.647,0,0.0508,0.114,0,0.61,0.596,140.127,166373,4
Blurry,Puddle Of Mudd,alternative metal,1776152,0.431,0.938,3,-4.507,0,0.0542,0.00805,0,0.138,0.523,157.462,304000,4
Breaking the Habit,Linkin Park,alternative metal,440627,0.579,0.849,4,-5.218,0,0.0303,0.108,0,0.0909,0.581,100.021,196907,4
Burn It to the Ground,Nickelback,alternative metal,520145,0.617,0.922,11,-3.474,1,0.0744,0.000247,0.388,0.363,0.6,132.059,212347,4
Burning in the Skies,Linkin Park,alternative metal,253160,0.607,0.891,9,-4.56,0,0.0387,0.0417,0.00521,0.314,0.462,120.012,253160,3
By_Myslf (Josh Abraham and Mike Shinoda Reanimation),Linkin Park,alternative metal,222278,0.552,0.965,8,-4.873,0,0.102,0.000636,0.0924,0.119,0.258,103.212,222440,4
CASTLE OF GLASS,Linkin Park,alternative metal,741904,0.615,0.911,1,-3.584,0,0.0278,0.0686,0.00188,0.0908,0.685,108,205400,4
Chop Suey!,System Of A Down,alternative metal,3623088,0.417,0.934,7,-3.908,0,0.119,0.000278,0.0015,0.132,0.287,127.066,210240,4
Come Clarity,In Flames,alternative metal,255659,0.361,0.929,10,-4.573,0,0.129,0.000965,0.184,0.131,0.0944,149.877,255653,4
Concrete Jungle,Black Label Society,alternative metal,0,0.451,0.987,9,-4.105,1,0.106,9.54e-06,0.102,0.0568,0.368,137.731,204267,4
Destroyer,Parkway Drive,alternative metal,0,0.465,0.988,3,-4.126,0,0.106,3.2e-05,0.0114,0.13,0.155,133.017,287340,4
Easier to Run,Linkin Park,alternative metal,20883,0.545,0.861,3,-4.819,0,0.034,0.0624,0,0.131,0.279,105.017,204173,4
Empty Spaces,Linkin Park,alternative metal,18333,0.333,0.78,6,-16.711,0,0.0701,0.0174,0.9,0.878,0.038,80.293,18333,5
Enth E Nd (Kutmasta Kurt Reanimation) [feat. Motion Man],Linkin Park,alternative metal,517795,0.752,0.796,6,-7.536,1,0.0503,0.00498,0.000245,0.471,0.887,104.992,243613,4
Faint,Linkin Park,alternative metal,162600,0.554,0.978,4,-3.554,1,0.131,0.111,0,0.0731,0.594,135.095,162600,4
Figure.09,Linkin Park,alternative metal,19017,0.518,0.951,9,-3.198,1,0.0529,0.00919,0,0.148,0.537,98.068,197507,4
Final Masquerade,Linkin Park,alternative metal,70500,0.466,0.852,3,-4.487,1,0.0585,0.00774,2.6e-06,0.0989,0.428,164.032,217613,4
Frgt/10 (Alchemist Reanimation) [feat. Chali 2na],Linkin Park,alternative metal,212025,0.631,0.736,7,-6.96,0,0.0682,0.0336,0.0124,0.3,0.645,95.091,212293,4
From the Inside,Linkin Park,alternative metal,70544,0.466,0.965,1,-2.597,0,0.0904,0.042,0,0.101,0.453,95.028,173933,3
Good Goodbye (feat. Pusha T and Stormzy),Linkin Park,alternative metal,2227564,0.697,0.84,9,-4.602,0,0.054,0.106,0,0.748,0.452,128.034,211413,4
H! Vltg3 (Evidence Reanimation) [feat. Pharoahe Monch and DJ Babu],Linkin Park,alternative metal,209965,0.66,0.943,1,-4.166,0,0.277,0.129,0,0.557,0.599,93.696,210733,4
Hands Held High,Linkin Park,alternative metal,2436259,0.565,0.603,9,-8.597,1,0.0329,0.324,4.87e-05,0.195,0.132,104,233133,4
Heavy (feat. Kiiara),Linkin Park,alternative metal,496648,0.59,0.671,9,-6.098,1,0.0706,0.0484,0,0.0604,0.438,149.982,169801,4
Here Without You,3 Doors Down,alternative metal,1349275,0.557,0.533,10,-6.817,0,0.0252,0.0492,0,0.205,0.233,143.994,238733,4
How You Remind Me,Nickelback,alternative metal,223840,0.446,0.764,10,-5.042,1,0.033,0.00135,0,0.099,0.543,172.094,223840,4
If Today Was Your Last Day,Nickelback,alternative metal,2405327,0.485,0.911,3,-5.749,1,0.0355,8.67e-05,0,0.092,0.568,89.956,249067,4
In the End,Linkin Park,alternative metal,523750,0.556,0.864,3,-5.87,0,0.0584,0.00958,0,0.209,0.4,105.143,216880,4
Iridescent,Linkin Park,alternative metal,296560,0.484,0.727,0,-6.107,1,0.0358,0.198,0.00204,0.107,0.216,120.066,296560,4
Killing In The Name,Rage Against The Machine,alternative metal,944006,0.466,0.833,7,-4.215,1,0.304,0.0266,0,0.0327,0.661,88.785,313573,4
Krwlng (Mike Shinoda Reanimation) [feat. Aaron Lewis],Linkin Park,alternative metal,339174,0.415,0.528,4,-7.564,1,0.0293,0.088,0.00595,0.0746,0.0479,105.217,340253,4
Kyur4 Th Ich (Chairman Hahn Reanimation),Linkin Park,alternative metal,152518,0.672,0.974,10,-5.604,0,0.113,0.0436,0.654,0.828,0.296,102.129,152533,4
LOST IN THE ECHO,Linkin Park,alternative metal,1936,0.546,0.98,9,-3.02,0,0.0619,0.0154,0,0.31,0.478,120.037,205120,4
Leave Out All The Rest,Linkin Park,alternative metal,394948,0.509,0.629,0,-6.434,1,0.0335,0.209,1.99e-06,0.369,0.237,80.012,209307,4
Lonely Day,System Of A Down,alternative metal,36273,0.47,0.796,8,-3.277,0,0.0336,0.362,1.1e-06,0.133,0.215,113.108,167907,3
Man in the Box,Alice In Chains,alternative metal,457618,0.355,0.791,8,-7.565,1,0.0453,0.00045,0,0.0969,0.758,106.392,285200,4
My<Dsmbr (Mickey P. Reanimation) [feat. Kelli Ali],Linkin Park,alternative metal,257671,0.649,0.794,7,-8.597,1,0.0352,0.153,0.533,0.0724,0.253,104.7,258133,4
Nobody's Listening,Linkin Park,alternative metal,12260,0.502,0.831,2,-3.723,1,0.295,0.105,1.3e-06,0.174,0.451,199.972,178867,3
Ntr\mssion,Linkin Park,alternative metal,29061,0.45,0.0585,4,-25.115,1,0.154,0.994,0.969,0.669,0,206.529,29400,4
Numb,Linkin Park,alternative metal,371457,0.496,0.863,9,-4.153,1,0.0381,0.0046,0,0.639,0.243,110.018,185587,4
Nutshell,Alice In Chains,alternative metal,592858,0.384,0.561,3,-10.059,0,0.0296,0.373,0.253,0.0775,0.159,136.136,259200,3
One For the Money,Escape the Fate,alternative metal,1579966,0.525,0.964,5,-3.451,0,0.0571,0.000328,5.5e-06,0.0527,0.385,90.013,199950,4
One More Light,Linkin Park,alternative metal,10400,0.593,0.2,8,-11.063,1,0.0311,0.904,0,0.0897,0.17,83.966,255067,4
One Step Closer,Linkin Park,alternative metal,474946,0.492,0.969,9,-4.419,1,0.0491,0.0014,1.32e-06,0.0787,0.538,95.136,157333,4
Opening,Linkin Park,alternative metal,73221,0.16,0.163,1,-16.565,0,0.0382,0.641,0.335,0.0784,0.0352,80.726,67560,4
Over Soon,Egypt Central,alternative metal,204768,0.453,0.888,8,-3.761,0,0.0528,0.0117,5.26e-06,0.0879,0.229,96.548,204832,4
P5hng Me A*wy (Mike Shinoda Reanimation) [feat. Stephen Richards],Linkin Park,alternative metal,277876,0.556,0.774,3,-6.342,0,0.0419,0.0376,0.00315,0.0538,0.614,103.188,277973,4
Plc.4 Mie H√¶d (Amp Live Reanimation) [feat. Zion],Linkin Park,alternative metal,260178,0.641,0.902,1,-7.068,1,0.18,0.181,0,0.654,0.524,133.273,260747,4
Ppr:kut (Cheapshot and Jubacca Reanimation) [feat. Rasco and Planet Asia],Linkin Park,alternative metal,205996,0.565,0.897,1,-6.319,1,0.111,0.000571,0.000879,0.646,0.601,150.356,206347,4
Pts.Of.Athrty - Jay Gordon Reanimation,Linkin Park,alternative metal,325733,0.506,0.976,8,-5.066,0,0.155,0.00185,0.00204,0.338,0.267,95.16,225520,4
Rebellion (feat. Daron Malakian),Linkin Park,alternative metal,221282,0.508,0.971,8,-3.027,1,0.0788,0.00145,0,0.62,0.325,130.023,224160,4
Rnw@y (Backyard Bangers Reanimation) [feat. Phoenix Orion],Linkin Park,alternative metal,193192,0.602,0.921,7,-4.633,1,0.0604,0.00042,0.000272,0.0983,0.545,108.692,193400,4
Rockstar,Nickelback,alternative metal,2691861,0.616,0.91,0,-3.004,1,0.0386,0.0459,0,0.343,0.693,144.072,252040,4
Rooster (2022 Remaster),Alice In Chains,alternative metal,748666,0.271,0.551,3,-8.46,1,0.0272,0.0307,0.000581,0.118,0.2,143.899,374333,3
Savin' Me,Nickelback,alternative metal,219320,0.441,0.815,3,-4.088,1,0.0276,0.000731,0,0.414,0.522,164.007,219320,4
Second Chance,Shinedown,alternative metal,601047,0.46,0.796,0,-4.501,0,0.0333,0.00107,0,0.106,0.182,100.011,222067,4
Take It Out On Me,Thousand Foot Krutch,alternative metal,3192430,0.465,0.813,7,-4.321,1,0.0841,0.00281,0,0.0464,0.614,148.029,197373,4
The Time Is Now,Atreyu,alternative metal,162095,0.487,0.935,8,-4.278,1,0.233,0.0105,0.000256,0.203,0.397,165.013,199959,4
Them Bones (2022 Remaster),Alice In Chains,alternative metal,164683,0.159,0.946,9,-5.756,1,0.0629,0.0235,8.06e-06,0.387,0.309,165.014,149467,1
Waiting for the End,Linkin Park,alternative metal,214212,0.487,0.961,4,-4.139,1,0.132,0.0415,1.15e-06,0.553,0.323,170.005,231680,4
Wastelands,Linkin Park,alternative metal,163217,0.44,0.993,2,-3.481,0,0.184,0.0104,0,0.964,0.614,169.77,195893,4
We Are One,12 Stones,alternative metal,206562,0.444,0.974,5,-4.041,0,0.114,0.000119,1.64e-05,0.233,0.306,127.102,206707,4
What I've Done,Linkin Park,alternative metal,232293,0.623,0.93,5,-5.285,1,0.0324,0.0141,1.64e-06,0.138,0.287,120.119,205613,4
When They Come for Me,Linkin Park,alternative metal,96749,0.547,0.936,1,-4.232,1,0.049,0.00306,0.27,0.278,0.445,91.997,293453,4
Would? (2022 Remaster),Alice In Chains,alternative metal,115376,0.305,0.833,6,-7.981,1,0.0398,0.000327,2.36e-05,0.091,0.586,100.675,206773,4
Wth>You (Chairman Hahn Reanimation) [feat. Aceyalone],Linkin Park,alternative metal,252126,0.58,0.982,4,-3.428,0,0.0729,0.00696,4.82e-06,0.165,0.51,98.189,252307,4
X-Ecutioner Style (feat. Black Thought),Linkin Park,alternative metal,109362,0.757,0.978,5,-3.749,0,0.215,0.0446,0.000796,0.0355,0.539,93.646,109493,4
Alone (Naruto),Kato,anime lo-fi,57348,0.523,0.617,9,-7.76,0,0.0265,0.0856,0.857,0.139,0.0868,79.964,101820,4
Alone Piano,Kato,anime lo-fi,61825,0.691,0.00816,9,-25.501,0,0.093,0.992,0.967,0.149,0.424,67.549,61857,4
Atlantis,Kainbeats,anime lo-fi,141185,0.574,0.184,11,-19.535,1,0.0388,0.808,0.938,0.137,0.182,136.114,141186,4
Aurora,Jisatsu,anime lo-fi,277500,0.666,0.144,4,-18.412,1,0.0369,0.947,0.497,0.0645,0.0906,80.037,138750,4
dreamy,Linearwave,anime lo-fi,117913,0.716,0.186,8,-15.668,1,0.0542,0.992,0.906,0.372,0.0363,115.067,117913,3
for B.,Linearwave,anime lo-fi,89491,0.689,0.0204,10,-28.613,1,0.0377,0.986,0.923,0.297,0.356,117.975,89492,4
konoha peace (naruto shippuden lofi),luvbyrd,anime lo-fi,7227135,0.926,0.159,2,-17.805,1,0.1,0.949,0.885,0.0867,0.506,124.058,110444,4
love within,Linearwave,anime lo-fi,97099,0.626,0.201,2,-12.888,0,0.0369,0.951,0.945,0.0905,0.266,131.046,97099,4
nightgleam,Kainbeats,anime lo-fi,300464,0.549,0.06,6,-20.541,1,0.0329,0.917,0.94,0.339,0.0603,64.556,150233,4
precious light,Kainbeats,anime lo-fi,411252,0.724,0.0769,9,-18.054,1,0.0639,0.956,0.751,0.0981,0.201,143.95,137084,4
Blue Bird (Naruto),Kato,anime lo-fi,74663,0.615,0.294,6,-14.34,0,0.0275,0.829,0.857,0.112,0.167,81.97,111263,4
Blue Bird Piano,Kato,anime lo-fi,91118,0.313,0.0211,6,-28.785,0,0.0602,0.996,0.967,0.0879,0.369,68.13,84500,3
Byakuya,Kato,anime lo-fi,53091,0.627,0.0215,11,-25.243,0,0.0969,0.995,0.92,0.141,0.0868,111.461,46737,4
Byakuya Piano,Kato,anime lo-fi,46609,0.627,0.0215,11,-25.243,0,0.0969,0.995,0.92,0.141,0.0868,111.461,46737,4
Colorful Mist,Kato,anime lo-fi,57652,0.603,0.0573,0,-29.724,0,0.0549,0.995,0.941,0.111,0.471,63.017,49910,3
Colorful Mist Piano,Kato,anime lo-fi,49689,0.603,0.0573,0,-29.724,0,0.0549,0.995,0.941,0.111,0.471,63.017,49910,3
Dandelion's Lullaby,Raimu,anime lo-fi,123870,0.682,0.141,2,-19.345,0,0.0616,0.801,0.886,0.112,0.109,93.099,123871,4
Dragonspine Snow (LoFi),Jordy Chandra,anime lo-fi,104000,0.616,0.274,3,-17.582,1,0.0979,0.887,0.755,0.363,0.126,120.066,104000,4
Drifting,Jisatsu,anime lo-fi,679183,0.667,0.0809,9,-22.628,0,0.0354,0.979,0.869,0.0949,0.0674,128.014,199687,4
Floating Dead Leaves,Kato,anime lo-fi,65371,0.785,0.0058,9,-27.749,0,0.107,0.982,0.964,0.111,0.509,66.492,65450,4
Floating Dead Leaves Piano,Kato,anime lo-fi,67276,0.697,0.0113,9,-26.328,0,0.0746,0.991,0.964,0.101,0.374,66.537,67411,4
Girei (Pain's Theme),Kato,anime lo-fi,58104,0.77,0.00746,2,-29.715,1,0.0749,0.996,0.968,0.0931,0.432,99.897,58288,3
Girei Piano (Pain's Theme),Kato,anime lo-fi,57893,0.667,0.0391,7,-26.257,1,0.0831,0.994,0.969,0.113,0.366,100.093,58042,3
Hitchhikers,Jordy Chandra,anime lo-fi,162490,0.594,0.399,4,-11.369,1,0.0556,0.965,0.752,0.112,0.052,97.397,162490,3
Hokage's Funeral (From Naruto),Kato,anime lo-fi,139090,0.646,0.00669,7,-33.03,1,0.0503,0.994,0.964,0.0833,0.138,59.009,69584,4
Hokage's Funeral Piano,Kato,anime lo-fi,140415,0.689,0.0195,9,-29.956,0,0.0563,0.995,0.966,0.0978,0.466,118.006,67700,4
I Have Seen Much,Kato,anime lo-fi,70983,0.632,0.00644,9,-31.092,0,0.117,0.995,0.97,0.103,0.497,72.606,71099,5
I Have Seen Much Piano,Kato,anime lo-fi,57674,0.771,0.0186,9,-27.213,0,0.0766,0.99,0.957,0.103,0.607,108.955,57674,4
Iro Kousui - Horimiya - Lofi Remix,Kioshi,anime lo-fi,12276,0.731,0.474,4,-12.485,0,0.063,0.834,0.931,0.109,0.729,160.015,165750,4
Jiy≈´,Linearwave,anime lo-fi,110518,0.691,0.414,9,-13.168,0,0.0357,0.978,0.937,0.283,0.319,139.996,110518,4
Konoha Peace,Kato,anime lo-fi,2081172,0.617,0.0806,2,-24.894,1,0.0348,0.936,0.946,0.121,0.289,98.165,87612,4
Konoha Peace (From Naruto),Kato,anime lo-fi,129944,0.689,0.0258,2,-28.516,1,0.0599,0.989,0.971,0.111,0.511,62.589,64881,3
Konoha Peace (Naruto) - Lofi Version,Shoyo,anime lo-fi,6553,0.715,0.209,2,-18.411,1,0.0385,0.975,0.689,0.184,0.597,115.011,133697,4
Konoha Peace - From Naruto,Prayathna,anime lo-fi,2003,0.755,0.295,2,-23.411,1,0.077,0.931,0.881,0.101,0.349,110.027,117569,4
Konoha Peace Piano,Kato,anime lo-fi,2702468,0.693,0.0141,2,-28.587,1,0.074,0.993,0.965,0.104,0.578,62.636,64243,5
Lavender,Kupla,anime lo-fi,154817,0.805,0.313,9,-11.078,0,0.0775,0.307,0.913,0.191,0.234,79.033,154818,4
Loneliness (From Naruto),Kato,anime lo-fi,56569,0.577,0.00355,4,-28.115,0,0.0511,0.985,0.96,0.108,0.188,65.395,56794,4
Loneliness Piano,Kato,anime lo-fi,54910,0.522,0.00281,4,-29.063,0,0.106,0.994,0.968,0.106,0.371,128.915,52057,5
Man of the World (Naruto),Kato,anime lo-fi,159507,0.456,0.469,2,-7.838,0,0.0339,0.143,0.936,0.212,0.106,120.045,106485,4
Man of the World (Piano),Kato,anime lo-fi,61369,0.58,0.00283,2,-28.277,0,0.054,0.994,0.963,0.103,0.262,66.586,61482,3
Melancholy,Jisatsu,anime lo-fi,499764,0.48,0.0419,1,-29.08,1,0.0356,0.981,0.905,0.365,0.107,85.008,166588,4
Naruto Main Theme,Minijau,anime lo-fi,1225243,0.726,0.419,0,-13.615,1,0.0586,0.323,0.89,0.107,0.73,74.996,139250,4
Naruto Wind - Ending Theme,Kato,anime lo-fi,76897,0.73,0.0127,10,-31.121,0,0.0625,0.994,0.967,0.127,0.3,115.093,66946,5
Naruto Wind - Ending Theme Piano,Kato,anime lo-fi,76013,0.786,0.0261,10,-28.246,0,0.0793,0.993,0.952,0.11,0.287,114.954,76219,5
Oh! Student and Teacher Affection,Kato,anime lo-fi,53443,0.718,0.00492,11,-31.414,0,0.114,0.996,0.973,0.0867,0.307,36.729,53442,4
Oh! Student and Teacher Affection Piano,Kato,anime lo-fi,54757,0.79,0.00885,2,-28.05,1,0.0724,0.991,0.945,0.106,0.581,110.027,54960,5
Palace in The Sky,Kainbeats,anime lo-fi,153103,0.638,0.0727,4,-21.77,1,0.0336,0.948,0.919,0.183,0.206,116.126,153103,4
Puddles,Jordy Chandra,anime lo-fi,215832,0.648,0.118,8,-18.372,1,0.032,0.942,0.774,0.0683,0.232,94.485,215833,4
Rainy Day (Naruto),Kato,anime lo-fi,53224,0.779,0.35,1,-8.725,0,0.0306,0.821,0.888,0.108,0.197,116.003,129310,4
Rainy Day Piano,Kato,anime lo-fi,61324,0.655,0.00453,1,-29.388,0,0.064,0.995,0.938,0.0794,0.359,66.678,61388,5
Sadness and Sorrow (From Naruto),Kato,anime lo-fi,94250,0.79,0.0183,4,-28.659,0,0.0789,0.994,0.95,0.101,0.194,99.742,94315,4
Sadness and Sorrow Piano,Kato,anime lo-fi,12664,0.697,0.00781,4,-27.928,0,0.0529,0.985,0.962,0.0866,0.219,100.01,103692,4
Sakura's Theme,Kato,anime lo-fi,61612,0.616,0.0185,5,-28.892,1,0.0887,0.995,0.969,0.112,0.331,70.003,61792,4
Sakura's Theme Piano,Kato,anime lo-fi,0,0.719,0.0252,5,-27.685,1,0.0757,0.992,0.966,0.167,0.572,139.987,55324,4
Samidare (Naruto),Kato,anime lo-fi,52020,0.631,0.498,2,-8.702,0,0.0394,0.563,0.888,0.0987,0.249,140.009,105608,4
Samidare Piano,Kato,anime lo-fi,59205,0.699,0.0148,3,-33.153,0,0.104,0.996,0.975,0.104,0.465,98.032,59245,4
She Share Story,Linearwave,anime lo-fi,80666,0.865,0.226,0,-16.294,1,0.0807,0.56,0.883,0.181,0.741,90.023,80667,4
Silent Song,Kato,anime lo-fi,47268,0.659,0.0252,0,-29.631,1,0.0644,0.995,0.971,0.118,0.551,72.679,47395,5
Silent Song Piano,Kato,anime lo-fi,66458,0.746,0.0106,9,-28.922,0,0.108,0.992,0.968,0.106,0.594,109.076,66458,4
Sleep,Linearwave,anime lo-fi,407646,0.597,0.136,0,-24.173,0,0.0366,0.984,0.889,0.248,0.115,135.954,135882,4
Summer Picnic,Jordy Chandra,anime lo-fi,115384,0.726,0.322,10,-12.98,1,0.0442,0.784,0.897,0.663,0.489,104.1,115385,4
Sweet Evening,Jordy Chandra,anime lo-fi,116000,0.696,0.472,4,-16.109,1,0.0346,0.969,0.858,0.205,0.235,119.997,116000,4
The Raising Fighting Spirit (Naruto),Kato,anime lo-fi,54236,0.573,0.469,4,-7.817,0,0.0246,0.398,0.903,0.268,0.0995,109.983,108547,4
The Raising Fighting Spirit Piano,Kato,anime lo-fi,63491,0.63,0.00728,5,-29.489,0,0.0484,0.993,0.973,0.145,0.482,142.176,63647,3
The Time We Spent,Jordy Chandra,anime lo-fi,149797,0.613,0.299,7,-11.921,1,0.0367,0.713,0.943,0.132,0.0946,120.025,150000,4
Unspoken Words,Jordy Chandra,anime lo-fi,120000,0.386,0.202,9,-16.954,0,0.0349,0.887,0.494,0.0915,0.053,82.642,120000,5
Wanderer,Kainbeats,anime lo-fi,140000,0.557,0.0703,2,-26.509,0,0.0363,0.932,0.87,0.0912,0.0397,131.98,140000,4
We Gathered Leaves,Linearwave,anime lo-fi,30128,0.712,0.21,4,-17.027,0,0.033,0.727,0.912,0.136,0.239,85.004,93882,4
Alone (Naruto),Kato,anime lo-fi,57348,0.523,0.617,9,-7.76,0,0.0265,0.0856,0.857,0.139,0.0868,79.964,101820,4
Alone Piano,Kato,anime lo-fi,61825,0.691,0.00816,9,-25.501,0,0.093,0.992,0.967,0.149,0.424,67.549,61857,4
Atlantis,Kainbeats,anime lo-fi,141185,0.574,0.184,11,-19.535,1,0.0388,0.808,0.938,0.137,0.182,136.114,141186,4
Aurora,Jisatsu,anime lo-fi,277500,0.666,0.144,4,-18.412,1,0.0369,0.947,0.497,0.0645,0.0906,80.037,138750,4
dreamy,Linearwave,anime lo-fi,117913,0.716,0.186,8,-15.668,1,0.0542,0.992,0.906,0.372,0.0363,115.067,117913,3
for B.,Linearwave,anime lo-fi,89491,0.689,0.0204,10,-28.613,1,0.0377,0.986,0.923,0.297,0.356,117.975,89492,4
konoha peace (naruto shippuden lofi),luvbyrd,anime lo-fi,7227135,0.926,0.159,2,-17.805,1,0.1,0.949,0.885,0.0867,0.506,124.058,110444,4
love within,Linearwave,anime lo-fi,97099,0.626,0.201,2,-12.888,0,0.0369,0.951,0.945,0.0905,0.266,131.046,97099,4
nightgleam,Kainbeats,anime lo-fi,300464,0.549,0.06,6,-20.541,1,0.0329,0.917,0.94,0.339,0.0603,64.556,150233,4
precious light,Kainbeats,anime lo-fi,411252,0.724,0.0769,9,-18.054,1,0.0639,0.956,0.751,0.0981,0.201,143.95,137084,4
Blue Bird (Naruto),Kato,anime lo-fi,74663,0.615,0.294,6,-14.34,0,0.0275,0.829,0.857,0.112,0.167,81.97,111263,4
Blue Bird Piano,Kato,anime lo-fi,91118,0.313,0.0211,6,-28.785,0,0.0602,0.996,0.967,0.0879,0.369,68.13,84500,3
Byakuya,Kato,anime lo-fi,53091,0.627,0.0215,11,-25.243,0,0.0969,0.995,0.92,0.141,0.0868,111.461,46737,4
Byakuya Piano,Kato,anime lo-fi,46609,0.627,0.0215,11,-25.243,0,0.0969,0.995,0.92,0.141,0.0868,111.461,46737,4
Colorful Mist,Kato,anime lo-fi,57652,0.603,0.0573,0,-29.724,0,0.0549,0.995,0.941,0.111,0.471,63.017,49910,3
Colorful Mist Piano,Kato,anime lo-fi,49689,0.603,0.0573,0,-29.724,0,0.0549,0.995,0.941,0.111,0.471,63.017,49910,3
Dandelion's Lullaby,Raimu,anime lo-fi,123870,0.682,0.141,2,-19.345,0,0.0616,0.801,0.886,0.112,0.109,93.099,123871,4
Dragonspine Snow (LoFi),Jordy Chandra,anime lo-fi,104000,0.616,0.274,3,-17.582,1,0.0979,0.887,0.755,0.363,0.126,120.066,104000,4
Drifting,Jisatsu,anime lo-fi,679183,0.667,0.0809,9,-22.628,0,0.0354,0.979,0.869,0.0949,0.0674,128.014,199687,4
Floating Dead Leaves,Kato,anime lo-fi,65371,0.785,0.0058,9,-27.749,0,0.107,0.982,0.964,0.111,0.509,66.492,65450,4
Floating Dead Leaves Piano,Kato,anime lo-fi,67276,0.697,0.0113,9,-26.328,0,0.0746,0.991,0.964,0.101,0.374,66.537,67411,4
Girei (Pain's Theme),Kato,anime lo-fi,58104,0.77,0.00746,2,-29.715,1,0.0749,0.996,0.968,0.0931,0.432,99.897,58288,3
Girei Piano (Pain's Theme),Kato,anime lo-fi,57893,0.667,0.0391,7,-26.257,1,0.0831,0.994,0.969,0.113,0.366,100.093,58042,3
Hitchhikers,Jordy Chandra,anime lo-fi,162490,0.594,0.399,4,-11.369,1,0.0556,0.965,0.752,0.112,0.052,97.397,162490,3
Hokage's Funeral (From Naruto),Kato,anime lo-fi,139090,0.646,0.00669,7,-33.03,1,0.0503,0.994,0.964,0.0833,0.138,59.009,69584,4
Hokage's Funeral Piano,Kato,anime lo-fi,140415,0.689,0.0195,9,-29.956,0,0.0563,0.995,0.966,0.0978,0.466,118.006,67700,4
I Have Seen Much,Kato,anime lo-fi,70983,0.632,0.00644,9,-31.092,0,0.117,0.995,0.97,0.103,0.497,72.606,71099,5
I Have Seen Much Piano,Kato,anime lo-fi,57674,0.771,0.0186,9,-27.213,0,0.0766,0.99,0.957,0.103,0.607,108.955,57674,4
Iro Kousui - Horimiya - Lofi Remix,Kioshi,anime lo-fi,12276,0.731,0.474,4,-12.485,0,0.063,0.834,0.931,0.109,0.729,160.015,165750,4
Jiy≈´,Linearwave,anime lo-fi,110518,0.691,0.414,9,-13.168,0,0.0357,0.978,0.937,0.283,0.319,139.996,110518,4
Konoha Peace,Kato,anime lo-fi,2081172,0.617,0.0806,2,-24.894,1,0.0348,0.936,0.946,0.121,0.289,98.165,87612,4
Konoha Peace (From Naruto),Kato,anime lo-fi,129944,0.689,0.0258,2,-28.516,1,0.0599,0.989,0.971,0.111,0.511,62.589,64881,3
Konoha Peace (Naruto) - Lofi Version,Shoyo,anime lo-fi,6553,0.715,0.209,2,-18.411,1,0.0385,0.975,0.689,0.184,0.597,115.011,133697,4
Konoha Peace - From Naruto,Prayathna,anime lo-fi,2003,0.755,0.295,2,-23.411,1,0.077,0.931,0.881,0.101,0.349,110.027,117569,4
Konoha Peace Piano,Kato,anime lo-fi,2702468,0.693,0.0141,2,-28.587,1,0.074,0.993,0.965,0.104,0.578,62.636,64243,5
Lavender,Kupla,anime lo-fi,154817,0.805,0.313,9,-11.078,0,0.0775,0.307,0.913,0.191,0.234,79.033,154818,4
Loneliness (From Naruto),Kato,anime lo-fi,56569,0.577,0.00355,4,-28.115,0,0.0511,0.985,0.96,0.108,0.188,65.395,56794,4
Loneliness Piano,Kato,anime lo-fi,54910,0.522,0.00281,4,-29.063,0,0.106,0.994,0.968,0.106,0.371,128.915,52057,5
Man of the World (Naruto),Kato,anime lo-fi,159507,0.456,0.469,2,-7.838,0,0.0339,0.143,0.936,0.212,0.106,120.045,106485,4
Man of the World (Piano),Kato,anime lo-fi,61369,0.58,0.00283,2,-28.277,0,0.054,0.994,0.963,0.103,0.262,66.586,61482,3
Melancholy,Jisatsu,anime lo-fi,499764,0.48,0.0419,1,-29.08,1,0.0356,0.981,0.905,0.365,0.107,85.008,166588,4
Naruto Main Theme,Minijau,anime lo-fi,1225243,0.726,0.419,0,-13.615,1,0.0586,0.323,0.89,0.107,0.73,74.996,139250,4
Naruto Wind - Ending Theme,Kato,anime lo-fi,76897,0.73,0.0127,10,-31.121,0,0.0625,0.994,0.967,0.127,0.3,115.093,66946,5
Naruto Wind - Ending Theme Piano,Kato,anime lo-fi,76013,0.786,0.0261,10,-28.246,0,0.0793,0.993,0.952,0.11,0.287,114.954,76219,5
Oh! Student and Teacher Affection,Kato,anime lo-fi,53443,0.718,0.00492,11,-31.414,0,0.114,0.996,0.973,0.0867,0.307,36.729,53442,4
Oh! Student and Teacher Affection Piano,Kato,anime lo-fi,54757,0.79,0.00885,2,-28.05,1,0.0724,0.991,0.945,0.106,0.581,110.027,54960,5
Palace in The Sky,Kainbeats,anime lo-fi,153103,0.638,0.0727,4,-21.77,1,0.0336,0.948,0.919,0.183,0.206,116.126,153103,4
Puddles,Jordy Chandra,anime lo-fi,215832,0.648,0.118,8,-18.372,1,0.032,0.942,0.774,0.0683,0.232,94.485,215833,4
Rainy Day (Naruto),Kato,anime lo-fi,53224,0.779,0.35,1,-8.725,0,0.0306,0.821,0.888,0.108,0.197,116.003,129310,4
Rainy Day Piano,Kato,anime lo-fi,61324,0.655,0.00453,1,-29.388,0,0.064,0.995,0.938,0.0794,0.359,66.678,61388,5
Sadness and Sorrow (From Naruto),Kato,anime lo-fi,94250,0.79,0.0183,4,-28.659,0,0.0789,0.994,0.95,0.101,0.194,99.742,94315,4
Sadness and Sorrow Piano,Kato,anime lo-fi,12664,0.697,0.00781,4,-27.928,0,0.0529,0.985,0.962,0.0866,0.219,100.01,103692,4
Sakura's Theme,Kato,anime lo-fi,61612,0.616,0.0185,5,-28.892,1,0.0887,0.995,0.969,0.112,0.331,70.003,61792,4
Sakura's Theme Piano,Kato,anime lo-fi,0,0.719,0.0252,5,-27.685,1,0.0757,0.992,0.966,0.167,0.572,139.987,55324,4
Samidare (Naruto),Kato,anime lo-fi,52020,0.631,0.498,2,-8.702,0,0.0394,0.563,0.888,0.0987,0.249,140.009,105608,4
Samidare Piano,Kato,anime lo-fi,59205,0.699,0.0148,3,-33.153,0,0.104,0.996,0.975,0.104,0.465,98.032,59245,4
She Share Story,Linearwave,anime lo-fi,80666,0.865,0.226,0,-16.294,1,0.0807,0.56,0.883,0.181,0.741,90.023,80667,4
Silent Song,Kato,anime lo-fi,47268,0.659,0.0252,0,-29.631,1,0.0644,0.995,0.971,0.118,0.551,72.679,47395,5
Silent Song Piano,Kato,anime lo-fi,66458,0.746,0.0106,9,-28.922,0,0.108,0.992,0.968,0.106,0.594,109.076,66458,4
Sleep,Linearwave,anime lo-fi,407646,0.597,0.136,0,-24.173,0,0.0366,0.984,0.889,0.248,0.115,135.954,135882,4
Summer Picnic,Jordy Chandra,anime lo-fi,115384,0.726,0.322,10,-12.98,1,0.0442,0.784,0.897,0.663,0.489,104.1,115385,4
Sweet Evening,Jordy Chandra,anime lo-fi,116000,0.696,0.472,4,-16.109,1,0.0346,0.969,0.858,0.205,0.235,119.997,116000,4
The Raising Fighting Spirit (Naruto),Kato,anime lo-fi,54236,0.573,0.469,4,-7.817,0,0.0246,0.398,0.903,0.268,0.0995,109.983,108547,4
The Raising Fighting Spirit Piano,Kato,anime lo-fi,63491,0.63,0.00728,5,-29.489,0,0.0484,0.993,0.973,0.145,0.482,142.176,63647,3
The Time We Spent,Jordy Chandra,anime lo-fi,149797,0.613,0.299,7,-11.921,1,0.0367,0.713,0.943,0.132,0.0946,120.025,150000,4
Unspoken Words,Jordy Chandra,anime lo-fi,120000,0.386,0.202,9,-16.954,0,0.0349,0.887,0.494,0.0915,0.053,82.642,120000,5
Wanderer,Kainbeats,anime lo-fi,140000,0.557,0.0703,2,-26.509,0,0.0363,0.932,0.87,0.0912,0.0397,131.98,140000,4
We Gathered Leaves,Linearwave,anime lo-fi,30128,0.712,0.21,4,-17.027,0,0.033,0.727,0.912,0.136,0.239,85.004,93882,4
5 dollars,Christine and the Queens,art pop,208293,0.726,0.654,2,-6.201,1,0.0423,0.424,0,0.0668,0.624,129.013,208293,4
A Dangerous Thing,AURORA,art pop,1945555,0.541,0.556,11,-6.15,0,0.0356,0.465,0,0.116,0.106,105.886,215573,4
All Is Full Of Love,Bj√∂rk,art pop,286333,0.481,0.49,6,-10.098,1,0.0271,0.0536,0.123,0.0915,0.0378,152.04,287000,4
Bad Romance,Lady Gaga,art pop,294458,0.696,0.921,0,-3.755,1,0.0363,0.00314,5.24e-05,0.0842,0.714,119.001,294573,4
lovely (with Khalid),Billie Eilish,art pop,1041219,0.351,0.296,4,-10.109,0,0.0333,0.934,0,0.095,0.12,115.284,200186,4
when the party's over,Billie Eilish,art pop,63678,0.367,0.111,4,-14.084,1,0.0972,0.978,3.97e-05,0.0897,0.198,82.642,196077,4
Bombs Away,Charlotte Gainsbourg,art pop,227626,0.741,0.655,2,-7.484,1,0.0646,0.236,1.97e-05,0.0716,0.633,106.994,227627,4
Bored,Billie Eilish,art pop,179810,0.614,0.318,7,-12.695,1,0.0478,0.896,0.00239,0.0795,0.112,119.959,180933,4
Change The Paradigm,Austra,art pop,220551,0.633,0.682,1,-10.343,1,0.0295,0.00683,0.201,0.102,0.173,131.008,220551,4
Comeback Kid,Sharon Van Etten,art pop,364666,0.543,0.928,0,-5.206,1,0.0755,0.000329,0.567,0.0328,0.358,120.102,182333,4
Cure For Me,AURORA,art pop,6625520,0.726,0.738,6,-6.589,0,0.0602,0.102,2.17e-05,0.0882,0.414,115.904,201640,4
Daniel,Bat For Lashes,art pop,251120,0.593,0.658,8,-8.393,0,0.0364,0.0118,0.0204,0.137,0.422,135.053,251120,4
Daydreamer,AURORA,art pop,174866,0.604,0.56,10,-8.617,1,0.0786,0.0398,0.000322,0.485,0.266,145.964,219058,4
Deadly Valentine,Charlotte Gainsbourg,art pop,4172662,0.461,0.545,11,-8.166,1,0.046,0.0297,0.0471,0.0928,0.408,104.97,364987,4
Deadly Valentine (Radio Edit),Charlotte Gainsbourg,art pop,466296,0.591,0.534,4,-7.929,1,0.0424,0.0207,0.0535,0.256,0.51,104.943,233149,4
Deadly Valentine (Soulwax Remix),Charlotte Gainsbourg,art pop,475057,0.799,0.858,11,-5.977,1,0.0588,0.0422,0.783,0.0625,0.965,104.976,475058,4
Die 4 You,Perfume Genius,art pop,212549,0.257,0.381,3,-10.62,1,0.0368,0.828,0.00121,0.135,0.264,73.687,212550,4
Exist For Love,AURORA,art pop,707632,0.428,0.357,9,-9.96,1,0.0281,0.787,0.00296,0.0809,0.286,145.675,252717,4
Girlfriend,Christine and the Queens,art pop,199706,0.819,0.602,0,-6.521,0,0.0408,0.0343,0.0017,0.184,0.809,110.018,199707,4
Good Ones - THAT KIND Remix,Charli XCX,art pop,160666,0.817,0.839,7,-5.337,0,0.0761,0.0806,1.26e-05,0.119,0.548,123.982,160667,4
Happiness is a butterfly,Lana Del Rey,art pop,1634910,0.467,0.119,2,-10.99,1,0.0401,0.969,1.4e-06,0.0973,0.156,70.499,272485,4
Hate,Cat Power,art pop,218293,0.685,0.0685,9,-14.801,0,0.0448,0.988,6.63e-05,0.12,0.288,100.125,218293,4
Hey Joe,Charlotte Gainsbourg,art pop,292290,0.386,0.491,0,-7.908,1,0.0343,0.0106,0.823,0.104,0.369,142.705,292290,4
I disappear in your arms,Christine and the Queens,art pop,236374,0.817,0.566,7,-6.928,1,0.0366,0.0474,0.0265,0.0816,0.372,119.986,236375,4
Judas,Lady Gaga,art pop,44154,0.661,0.937,10,-3.83,0,0.0744,0.000967,1.59e-05,0.355,0.535,131.001,249067,4
Jupiter 4,Sharon Van Etten,art pop,314080,0.324,0.495,6,-10.625,1,0.0398,0.0171,0.487,0.143,0.0584,177.742,314080,4
Just Dance,Lady Gaga,art pop,569657,0.822,0.739,1,-4.541,0,0.0311,0.0264,4.26e-05,0.181,0.745,118.992,241933,4
Kids In The Dark,Bat For Lashes,art pop,208613,0.472,0.526,1,-10.987,1,0.0306,0.524,0.0056,0.0856,0.258,138.933,208613,4
La marcheuse,Christine and the Queens,art pop,256053,0.821,0.578,1,-6.566,1,0.0487,0.384,5.92e-05,0.139,0.517,107.02,256053,4
Little Boy In The Grass,AURORA,art pop,256480,0.521,0.304,5,-11.338,1,0.0284,0.573,0.00971,0.137,0.0898,109.903,256480,4
Mile High (feat. Travis Scott & Metro Boomin),James Blake,art pop,152489,0.754,0.37,6,-9.854,0,0.12,0.403,6.22e-05,0.107,0.228,114.941,193600,4
Mourning Sound,Grizzly Bear,art pop,262106,0.507,0.737,7,-6.332,1,0.0624,0.15,0.159,0.122,0.441,128.015,262107,4
Movies,Weyes Blood,art pop,2443003,0.086,0.362,7,-8.932,0,0.0347,0.636,0.404,0.106,0.089,71.398,353732,4
Paparazzi,Lady Gaga,art pop,198502,0.762,0.692,5,-3.973,0,0.0438,0.113,0,0.094,0.397,114.906,208307,4
Poker Face,Lady Gaga,art pop,501116,0.851,0.806,4,-4.62,1,0.0787,0.118,1.64e-06,0.121,0.787,118.999,237200,4
Rest,Charlotte Gainsbourg,art pop,218720,0.629,0.538,9,-13.242,0,0.0438,0.865,0.0268,0.0977,0.363,91.988,218720,4
Ring-A-Ring O' Roses,Charlotte Gainsbourg,art pop,268506,0.51,0.589,6,-6.388,0,0.0316,0.0084,0.000569,0.0958,0.25,120.055,268507,4
Rosebud,U.S. Girls,art pop,189841,0.749,0.873,11,-6.395,0,0.0568,0.593,0.662,0.107,0.83,103.991,189841,4
Royals,Lorde,art pop,89537,0.674,0.428,7,-9.504,1,0.122,0.121,0,0.132,0.337,84.878,190185,4
Runaway,AURORA,art pop,629065,0.459,0.276,11,-10.339,1,0.036,0.63,9.5e-05,0.104,0.128,114.169,248827,4
Running Up That Hill (A Deal With God),Kate Bush,art pop,15848314,0.629,0.545,10,-13.123,0,0.0546,0.719,0.00308,0.0604,0.194,108.376,298933,4
Scripture,Eartheater,art pop,130542,0.514,0.615,5,-6.44,0,0.0326,0.011,0.06,0.222,0.133,140.039,251217,4
Seventeen,Sharon Van Etten,art pop,119092,0.538,0.774,5,-7.359,1,0.0484,0.0164,0.265,0.0685,0.249,127.107,265920,4
Slip Away,Perfume Genius,art pop,165329,0.603,0.509,1,-6.824,1,0.0311,0.374,2.91e-05,0.0627,0.572,136.592,165330,4
Solar Power,Lorde,art pop,3017599,0.73,0.483,4,-8.565,1,0.0879,0.237,7.99e-05,0.31,0.883,87.996,192621,4
Space Song,Beach House,art pop,95558,0.508,0.792,0,-7.311,0,0.0297,0.229,0.124,0.145,0.601,147.067,320467,4
Stoned at the Nail Salon,Lorde,art pop,1855314,0.473,0.128,2,-12.303,1,0.0365,0.948,5.36e-05,0.101,0.0897,93.95,266432,3
Such a Remarkable Day,Charlotte Gainsbourg,art pop,518156,0.57,0.895,0,-4.097,1,0.0255,0.0105,0.00111,0.0978,0.363,99.991,217333,4
Summertime Sadness - Sped Up,Lana Del Rey,art pop,197353,0.509,0.84,5,-4.984,0,0.0441,0.0311,0.000169,0.0969,0.336,149.907,197354,4
Sylvia Says,Charlotte Gainsbourg,art pop,267893,0.628,0.647,2,-4.033,1,0.035,0.00939,2.78e-05,0.0783,0.408,105.011,267893,4
The 30th,Billie Eilish,art pop,216448,0.387,0.135,7,-14.398,1,0.051,0.929,0,0.0948,0.21,82.987,216448,4
The End of the World,Sharon Van Etten,art pop,178640,0.332,0.234,10,-11.823,1,0.0277,0.793,0.00375,0.187,0.256,93.992,178640,3
The walker,Christine and the Queens,art pop,256053,0.798,0.56,1,-6.574,1,0.0469,0.317,0.000292,0.133,0.571,106.971,256053,4
Tinseltown Swimming in Blood,Destroyer,art pop,286027,0.678,0.692,0,-7.376,1,0.0293,0.0244,0.512,0.206,0.727,106.999,286028,4
Used To Know Me,Charli XCX,art pop,145840,0.711,0.931,1,-4.042,1,0.0323,0.0914,4.41e-05,0.0892,0.775,118.009,145840,4
Utopia,Austra,art pop,243003,0.709,0.475,6,-7.067,1,0.031,0.00513,0.579,0.115,0.389,124.987,243004,4
Walking In The Air,AURORA,art pop,209053,0.38,0.138,9,-11.135,0,0.0356,0.761,0.00086,0.108,0.054,91.262,209053,4
Watercolor Eyes - From ‚ÄúEuphoria‚Äù An HBO Original Series,Lana Del Rey,art pop,378588,0.444,0.26,7,-10.045,1,0.0316,0.964,0.0815,0.125,0.121,120.443,211613,4
Woman - Single Version,Cat Power,art pop,245627,0.562,0.395,0,-9.503,1,0.0388,0.758,0.0165,0.228,0.37,109.101,245628,4
Writer In The Dark,Lorde,art pop,1015003,0.325,0.271,7,-8.069,1,0.0418,0.73,0,0.301,0.279,71.855,216611,4
Young And Beautiful,Lana Del Rey,art pop,12267791,0.324,0.416,11,-8.92,0,0.0368,0.262,3.69e-05,0.11,0.151,113.986,236053,4
Your Power,Billie Eilish,art pop,988224,0.632,0.284,9,-14.025,0,0.0801,0.932,0.000476,0.233,0.208,129.642,245897,4
5 dollars,Christine and the Queens,art pop,208293,0.726,0.654,2,-6.201,1,0.0423,0.424,0,0.0668,0.624,129.013,208293,4
A Dangerous Thing,AURORA,art pop,1945555,0.541,0.556,11,-6.15,0,0.0356,0.465,0,0.116,0.106,105.886,215573,4
All Is Full Of Love,Bj√∂rk,art pop,286333,0.481,0.49,6,-10.098,1,0.0271,0.0536,0.123,0.0915,0.0378,152.04,287000,4
Bad Romance,Lady Gaga,art pop,294458,0.696,0.921,0,-3.755,1,0.0363,0.00314,5.24e-05,0.0842,0.714,119.001,294573,4
lovely (with Khalid),Billie Eilish,art pop,1041219,0.351,0.296,4,-10.109,0,0.0333,0.934,0,0.095,0.12,115.284,200186,4
when the party's over,Billie Eilish,art pop,63678,0.367,0.111,4,-14.084,1,0.0972,0.978,3.97e-05,0.0897,0.198,82.642,196077,4
Bombs Away,Charlotte Gainsbourg,art pop,227626,0.741,0.655,2,-7.484,1,0.0646,0.236,1.97e-05,0.0716,0.633,106.994,227627,4
Bored,Billie Eilish,art pop,179810,0.614,0.318,7,-12.695,1,0.0478,0.896,0.00239,0.0795,0.112,119.959,180933,4
Change The Paradigm,Austra,art pop,220551,0.633,0.682,1,-10.343,1,0.0295,0.00683,0.201,0.102,0.173,131.008,220551,4
Comeback Kid,Sharon Van Etten,art pop,364666,0.543,0.928,0,-5.206,1,0.0755,0.000329,0.567,0.0328,0.358,120.102,182333,4
Cure For Me,AURORA,art pop,6625520,0.726,0.738,6,-6.589,0,0.0602,0.102,2.17e-05,0.0882,0.414,115.904,201640,4
Daniel,Bat For Lashes,art pop,251120,0.593,0.658,8,-8.393,0,0.0364,0.0118,0.0204,0.137,0.422,135.053,251120,4
Daydreamer,AURORA,art pop,174866,0.604,0.56,10,-8.617,1,0.0786,0.0398,0.000322,0.485,0.266,145.964,219058,4
Deadly Valentine,Charlotte Gainsbourg,art pop,4172662,0.461,0.545,11,-8.166,1,0.046,0.0297,0.0471,0.0928,0.408,104.97,364987,4
Deadly Valentine (Radio Edit),Charlotte Gainsbourg,art pop,466296,0.591,0.534,4,-7.929,1,0.0424,0.0207,0.0535,0.256,0.51,104.943,233149,4
Deadly Valentine (Soulwax Remix),Charlotte Gainsbourg,art pop,475057,0.799,0.858,11,-5.977,1,0.0588,0.0422,0.783,0.0625,0.965,104.976,475058,4
Die 4 You,Perfume Genius,art pop,212549,0.257,0.381,3,-10.62,1,0.0368,0.828,0.00121,0.135,0.264,73.687,212550,4
Exist For Love,AURORA,art pop,707632,0.428,0.357,9,-9.96,1,0.0281,0.787,0.00296,0.0809,0.286,145.675,252717,4
Girlfriend,Christine and the Queens,art pop,199706,0.819,0.602,0,-6.521,0,0.0408,0.0343,0.0017,0.184,0.809,110.018,199707,4
Good Ones - THAT KIND Remix,Charli XCX,art pop,160666,0.817,0.839,7,-5.337,0,0.0761,0.0806,1.26e-05,0.119,0.548,123.982,160667,4
Happiness is a butterfly,Lana Del Rey,art pop,1634910,0.467,0.119,2,-10.99,1,0.0401,0.969,1.4e-06,0.0973,0.156,70.499,272485,4
Hate,Cat Power,art pop,218293,0.685,0.0685,9,-14.801,0,0.0448,0.988,6.63e-05,0.12,0.288,100.125,218293,4
Hey Joe,Charlotte Gainsbourg,art pop,292290,0.386,0.491,0,-7.908,1,0.0343,0.0106,0.823,0.104,0.369,142.705,292290,4
I disappear in your arms,Christine and the Queens,art pop,236374,0.817,0.566,7,-6.928,1,0.0366,0.0474,0.0265,0.0816,0.372,119.986,236375,4
Judas,Lady Gaga,art pop,44154,0.661,0.937,10,-3.83,0,0.0744,0.000967,1.59e-05,0.355,0.535,131.001,249067,4
Jupiter 4,Sharon Van Etten,art pop,314080,0.324,0.495,6,-10.625,1,0.0398,0.0171,0.487,0.143,0.0584,177.742,314080,4
Just Dance,Lady Gaga,art pop,569657,0.822,0.739,1,-4.541,0,0.0311,0.0264,4.26e-05,0.181,0.745,118.992,241933,4
Kids In The Dark,Bat For Lashes,art pop,208613,0.472,0.526,1,-10.987,1,0.0306,0.524,0.0056,0.0856,0.258,138.933,208613,4
La marcheuse,Christine and the Queens,art pop,256053,0.821,0.578,1,-6.566,1,0.0487,0.384,5.92e-05,0.139,0.517,107.02,256053,4
Little Boy In The Grass,AURORA,art pop,256480,0.521,0.304,5,-11.338,1,0.0284,0.573,0.00971,0.137,0.0898,109.903,256480,4
Mile High (feat. Travis Scott & Metro Boomin),James Blake,art pop,152489,0.754,0.37,6,-9.854,0,0.12,0.403,6.22e-05,0.107,0.228,114.941,193600,4
Mourning Sound,Grizzly Bear,art pop,262106,0.507,0.737,7,-6.332,1,0.0624,0.15,0.159,0.122,0.441,128.015,262107,4
Movies,Weyes Blood,art pop,2443003,0.086,0.362,7,-8.932,0,0.0347,0.636,0.404,0.106,0.089,71.398,353732,4
Paparazzi,Lady Gaga,art pop,198502,0.762,0.692,5,-3.973,0,0.0438,0.113,0,0.094,0.397,114.906,208307,4
Poker Face,Lady Gaga,art pop,501116,0.851,0.806,4,-4.62,1,0.0787,0.118,1.64e-06,0.121,0.787,118.999,237200,4
Rest,Charlotte Gainsbourg,art pop,218720,0.629,0.538,9,-13.242,0,0.0438,0.865,0.0268,0.0977,0.363,91.988,218720,4
Ring-A-Ring O' Roses,Charlotte Gainsbourg,art pop,268506,0.51,0.589,6,-6.388,0,0.0316,0.0084,0.000569,0.0958,0.25,120.055,268507,4
Rosebud,U.S. Girls,art pop,189841,0.749,0.873,11,-6.395,0,0.0568,0.593,0.662,0.107,0.83,103.991,189841,4
Royals,Lorde,art pop,89537,0.674,0.428,7,-9.504,1,0.122,0.121,0,0.132,0.337,84.878,190185,4
Runaway,AURORA,art pop,629065,0.459,0.276,11,-10.339,1,0.036,0.63,9.5e-05,0.104,0.128,114.169,248827,4
Running Up That Hill (A Deal With God),Kate Bush,art pop,15848314,0.629,0.545,10,-13.123,0,0.0546,0.719,0.00308,0.0604,0.194,108.376,298933,4
Scripture,Eartheater,art pop,130542,0.514,0.615,5,-6.44,0,0.0326,0.011,0.06,0.222,0.133,140.039,251217,4
Seventeen,Sharon Van Etten,art pop,119092,0.538,0.774,5,-7.359,1,0.0484,0.0164,0.265,0.0685,0.249,127.107,265920,4
Slip Away,Perfume Genius,art pop,165329,0.603,0.509,1,-6.824,1,0.0311,0.374,2.91e-05,0.0627,0.572,136.592,165330,4
Solar Power,Lorde,art pop,3017599,0.73,0.483,4,-8.565,1,0.0879,0.237,7.99e-05,0.31,0.883,87.996,192621,4
Space Song,Beach House,art pop,95558,0.508,0.792,0,-7.311,0,0.0297,0.229,0.124,0.145,0.601,147.067,320467,4
Stoned at the Nail Salon,Lorde,art pop,1855314,0.473,0.128,2,-12.303,1,0.0365,0.948,5.36e-05,0.101,0.0897,93.95,266432,3
Such a Remarkable Day,Charlotte Gainsbourg,art pop,518156,0.57,0.895,0,-4.097,1,0.0255,0.0105,0.00111,0.0978,0.363,99.991,217333,4
Summertime Sadness - Sped Up,Lana Del Rey,art pop,197353,0.509,0.84,5,-4.984,0,0.0441,0.0311,0.000169,0.0969,0.336,149.907,197354,4
Sylvia Says,Charlotte Gainsbourg,art pop,267893,0.628,0.647,2,-4.033,1,0.035,0.00939,2.78e-05,0.0783,0.408,105.011,267893,4
The 30th,Billie Eilish,art pop,216448,0.387,0.135,7,-14.398,1,0.051,0.929,0,0.0948,0.21,82.987,216448,4
The End of the World,Sharon Van Etten,art pop,178640,0.332,0.234,10,-11.823,1,0.0277,0.793,0.00375,0.187,0.256,93.992,178640,3
The walker,Christine and the Queens,art pop,256053,0.798,0.56,1,-6.574,1,0.0469,0.317,0.000292,0.133,0.571,106.971,256053,4
Tinseltown Swimming in Blood,Destroyer,art pop,286027,0.678,0.692,0,-7.376,1,0.0293,0.0244,0.512,0.206,0.727,106.999,286028,4
Used To Know Me,Charli XCX,art pop,145840,0.711,0.931,1,-4.042,1,0.0323,0.0914,4.41e-05,0.0892,0.775,118.009,145840,4
Utopia,Austra,art pop,243003,0.709,0.475,6,-7.067,1,0.031,0.00513,0.579,0.115,0.389,124.987,243004,4
Walking In The Air,AURORA,art pop,209053,0.38,0.138,9,-11.135,0,0.0356,0.761,0.00086,0.108,0.054,91.262,209053,4
Watercolor Eyes - From ‚ÄúEuphoria‚Äù An HBO Original Series,Lana Del Rey,art pop,378588,0.444,0.26,7,-10.045,1,0.0316,0.964,0.0815,0.125,0.121,120.443,211613,4
Woman - Single Version,Cat Power,art pop,245627,0.562,0.395,0,-9.503,1,0.0388,0.758,0.0165,0.228,0.37,109.101,245628,4
Writer In The Dark,Lorde,art pop,1015003,0.325,0.271,7,-8.069,1,0.0418,0.73,0,0.301,0.279,71.855,216611,4
Young And Beautiful,Lana Del Rey,art pop,12267791,0.324,0.416,11,-8.92,0,0.0368,0.262,3.69e-05,0.11,0.151,113.986,236053,4
Your Power,Billie Eilish,art pop,988224,0.632,0.284,9,-14.025,0,0.0801,0.932,0.000476,0.233,0.208,129.642,245897,4
BLOOD FLAME,BADTRIP MUSIC,drift phonk,181119,0.781,0.913,7,-1.689,1,0.0802,0.0348,8.58e-05,0.294,0.557,120.027,181120,4
BLOOD RACE,Ghostface Playa,drift phonk,109459,0.714,0.891,10,-2.819,0,0.199,2.5e-05,0.104,0.4,0.664,183.995,109565,4
BREAKDOWN,MC ORSEN,drift phonk,146819,0.678,0.929,9,-2.092,1,0.0837,0.0104,2.84e-05,0.308,0.592,169.996,146820,4
u.,niteboi,drift phonk,174175,0.483,0.531,4,-10.091,0,0.0604,0.0582,0.906,0.111,0.0973,123.942,174299,4
vendetta!,MUPP,drift phonk,811168,0.706,0.91,1,-3.527,1,0.146,0.175,2e-06,0.11,0.667,126.007,107045,4
vendetta! - sped up,MUPP,drift phonk,91582,0.654,0.944,1,-3.207,1,0.223,0.207,2.01e-06,0.126,0.632,147.308,91582,4
COURAGE,SHADXWBXRN,drift phonk,515667,0.732,0.994,7,-4.159,1,0.351,0.00414,0.38,0.0851,0.648,186.026,129032,4
COWBELL WARRIOR!,Sxmpra,drift phonk,521617,0.747,0.801,2,-5.826,1,0.334,0.0287,2.97e-05,0.441,0.707,167.077,149461,4
CRIMINAL MANE,PRXSXNT FXTURE,drift phonk,151804,0.806,0.658,5,-9.017,0,0.0505,0.34,0.772,0.0777,0.205,118.998,153277,4
DAEDALUS,Phonk Killer,drift phonk,125479,0.916,0.702,0,-4.78,1,0.0362,0.00567,0.271,0.13,0.842,126.066,125719,4
DAMAGE,SHADXWBXRN,drift phonk,282867,0.666,0.958,0,-3.602,1,0.0455,0.273,0.931,0.0993,0.909,121.993,141639,4
DECIMATION,Eyez Hate U,drift phonk,137072,0.7,0.975,4,-2.659,0,0.0356,0.00382,0.427,0.328,0.43,126.011,137148,4
DEVIL SOUL,Phonk Killer,drift phonk,226118,0.88,0.712,7,-4.27,1,0.0795,0.145,0.936,0.162,0.615,131.983,113187,4
Destination,V√òJ,drift phonk,8899,0.646,0.708,3,-5.875,0,0.065,0.0145,0.781,0.35,0.382,128.011,144136,4
Devil Eyes,ZODIVK,drift phonk,273101,0.73,0.757,2,-7.379,1,0.0989,0.00189,0.833,0.157,0.259,102.378,136652,4
Disaster,KSLV Noh,drift phonk,470672,0.825,0.613,0,-6.043,1,0.0941,0.0158,0.391,0.159,0.511,117.052,84138,4
ETERNAL NIGHT,SXULCVTCHER,drift phonk,116844,0.754,0.866,11,-5.115,0,0.0445,0.000116,0.0756,0.48,0.123,122.007,118053,4
FAKE SMILE,GREEN ORXNGE,drift phonk,145354,0.594,0.928,11,-3.08,0,0.0649,0.000262,0.475,0.18,0.389,119.988,145354,4
FULL SEND,BLXCKBUSTA,drift phonk,92932,0.537,0.922,7,-3.793,1,0.0432,0.0434,0.609,0.284,0.339,165,119273,4
GODMODE,4WHEEL,drift phonk,94820,0.789,0.897,5,-1.375,0,0.0778,0.659,0.00013,0.629,0.105,130.015,164000,4
HEADLIGHTS FLASHES,HXVRMXN,drift phonk,324021,0.719,0.898,9,-5.328,0,0.0751,0.0157,0.827,0.0771,0.0353,105.006,162167,4
HIT THE GAS,gelowler,drift phonk,104002,0.786,0.969,4,-1.463,0,0.316,0.389,0,0.652,0.822,97.472,128644,4
HYDRA,FORGOTTENAGE,drift phonk,141428,0.853,0.706,4,-4.278,0,0.255,0.267,0.149,0.323,0.425,112.027,141429,4
Hope,CREEPYMANE,drift phonk,111095,0.793,0.978,1,-1.523,1,0.0296,0.0666,0.474,0.103,0.793,128.079,112500,4
Hot Wheels,Kaito Shoma,drift phonk,160000,0.737,0.95,6,1.106,0,0.295,0.0512,2.34e-06,0.507,0.527,134.982,160000,4
INCOMING,MC ORSEN,drift phonk,1073004,0.905,0.876,2,-5.467,1,0.0422,0.00391,0.841,0.058,0.31,124.976,140160,4
KNIGHT II,KXNVRA,drift phonk,15619,0.831,0.872,10,-4.666,0,0.0598,0.00275,0.913,0.133,0.41,93.996,125954,4
Keraunos,PlayaPhonk,drift phonk,144906,0.838,0.59,7,-4.305,1,0.233,0.439,0.874,0.105,0.495,150.02,144980,4
LETTERS TO BANKSY,PHONK WALKER,drift phonk,179407,0.699,0.825,1,-6.155,1,0.0523,0.0892,0.931,0.0928,0.361,169.994,179407,4
Leave The City,Nakani,drift phonk,57646,0.719,0.699,8,-5.341,0,0.031,0.00116,0.859,0.121,0.14,120.951,190442,4
Live Another Day,Kordhell,drift phonk,1066611,0.822,0.981,9,-1.321,1,0.109,0.000593,0.748,0.0938,0.404,115.005,133565,4
MIDNIGHT,PLAYAMANE,drift phonk,796390,0.633,0.433,1,-8.833,1,0.229,0.0053,0.28,0.145,0.373,122.088,121972,4
MORTAL,Pharmacist,drift phonk,143784,0.672,0.996,11,-1.448,1,0.0545,0.0846,0.928,0.111,0.697,174.965,143920,4
Massacre,CREEPYMANE,drift phonk,100000,0.717,0.982,8,0.655,1,0.176,0.0268,0.274,0.327,0.801,120.021,100000,4
Moss,Nakani,drift phonk,148631,0.711,0.714,11,-9.179,1,0.0886,0.318,0.92,0.0909,0.259,134.345,148632,4
Murder In My Mind,Kordhell,drift phonk,1429153,0.712,0.972,10,-0.514,1,0.112,0.00547,7.06e-05,0.128,0.568,119.966,145000,4
Murder In My Mind - Sped Up,Kordhell,drift phonk,159610,0.598,0.994,2,-0.89,1,0.404,0.00364,0.0617,0.397,0.151,151.135,115200,4
North Memphis,Pharmacist,drift phonk,407449,0.716,0.942,1,-6.116,1,0.0565,0.000136,0.836,0.0663,0.899,167.371,135827,4
OMEN,ZODIVK,drift phonk,290806,0.711,0.867,0,-5.749,1,0.246,0.000493,0.603,0.211,0.626,119.973,114031,4
OUT OF NOTHING,HXVRMXN,drift phonk,155896,0.631,0.867,11,-2.441,0,0.234,0.0146,0.011,0.41,0.76,167.969,155897,4
OVERDO$E,Pharmacist,drift phonk,30210,0.707,0.772,0,-3.273,1,0.109,0.000711,0.924,0.194,0.47,150.028,181604,4
Override,KSLV Noh,drift phonk,802025,0.688,0.761,4,-4.607,0,0.163,0.00477,0.414,0.175,0.536,111.011,114625,4
PARADIGMA,MC ORSEN,drift phonk,916766,0.853,0.851,10,-5.106,0,0.0392,0.381,0.845,0.0949,0.656,124.993,138240,4
POLTERGEIST,FORGOTTENAGE,drift phonk,139954,0.794,0.962,1,-3.064,1,0.0693,0.00143,0.791,0.0845,0.283,109.998,140182,4
PRINCE OF DARKNESS,SHADXWBXRN,drift phonk,247422,0.685,0.93,8,-4.65,1,0.0398,0.153,0.841,0.168,0.487,124.011,123871,4
PURE MONSTROSITY,PlayaPhonk,drift phonk,137526,0.605,0.682,1,-6.874,1,0.108,0.0245,0.857,0.263,0.326,124.941,136395,4
Phonky Town,PlayaPhonk,drift phonk,535357,0.805,0.816,1,-4.685,1,0.346,0.363,0.826,0.121,0.338,124.966,141343,4
Queen of Pain,V√òJ,drift phonk,103840,0.819,0.91,0,-6.592,1,0.209,0.0418,0.494,0.664,0.633,122.003,133366,4
RAVE,Dxrk „ÉÄ„Éº„ÇØ,drift phonk,1131215,0.716,0.748,8,-6.06,1,0.0356,0.235,0.849,0.114,0.338,119.918,169245,4
RUNWAY,HXVRMXN,drift phonk,177951,0.752,0.971,7,-1.591,0,0.052,0.0393,0.63,0.0916,0.164,108.01,177951,4
SUICIDE YEAR,WEEDMANE,drift phonk,91821,0.788,0.871,6,-5.782,0,0.043,0.172,0.00164,0.115,0.401,128.195,91820,4
Sahara,Hensonn,drift phonk,1681726,0.615,0.521,2,-9.488,1,0.0318,0.146,0.772,0.11,0.045,115.016,171385,4
Sahara - Slowed,Hensonn,drift phonk,1718410,0.502,0.37,0,-12.129,0,0.0288,0.231,0.866,0.0699,0.0392,183.41,214894,4
Scary Garry,Kaito Shoma,drift phonk,198229,0.812,0.974,8,-2.327,1,0.227,0.695,0.512,0.582,0.064,153.979,99748,4
South,HXVRMXN,drift phonk,191885,0.866,0.667,6,-6.68,0,0.0558,0.399,0.00242,0.156,0.583,139.939,192000,4
TAKE OFF,MC ORSEN,drift phonk,118153,0.694,0.924,0,-2.218,1,0.0557,0.00117,0.917,0.259,0.349,124.933,118172,4
THERMAL IMAGER,HIDEOUS MORBID,drift phonk,220181,0.633,0.926,9,-3.054,1,0.044,0.000223,0.816,0.12,0.373,117.997,132203,4
TOKYO DRIFT,PRXSXNT FXTURE,drift phonk,149238,0.718,0.87,2,-6.227,1,0.0447,0.000178,0.234,0.0869,0.129,118.937,124034,4
The Wayfarer,ZODIVK,drift phonk,586116,0.698,0.881,8,-4.697,0,0.621,0.048,0.612,0.409,0.242,105.011,195762,4
UNCOVERED KILLER,Mista Playa,drift phonk,134889,0.783,0.864,11,-4.937,1,0.116,0.00138,0.00457,0.0998,0.801,119.976,136349,4
WARNING - Sped Up,MC ORSEN,drift phonk,108671,0.768,0.858,8,-4.629,1,0.0767,0.0144,0.861,0.0829,0.522,143.56,108672,4
Why Not,Ghostface Playa,drift phonk,432042,0.725,0.984,9,-1.638,1,0.0351,0.000718,0.895,0.372,0.931,119.983,165000,4
BLOOD FLAME,BADTRIP MUSIC,drift phonk,181119,0.781,0.913,7,-1.689,1,0.0802,0.0348,8.58e-05,0.294,0.557,120.027,181120,4
BLOOD RACE,Ghostface Playa,drift phonk,109459,0.714,0.891,10,-2.819,0,0.199,2.5e-05,0.104,0.4,0.664,183.995,109565,4
BREAKDOWN,MC ORSEN,drift phonk,146819,0.678,0.929,9,-2.092,1,0.0837,0.0104,2.84e-05,0.308,0.592,169.996,146820,4
u.,niteboi,drift phonk,174175,0.483,0.531,4,-10.091,0,0.0604,0.0582,0.906,0.111,0.0973,123.942,174299,4
vendetta!,MUPP,drift phonk,811168,0.706,0.91,1,-3.527,1,0.146,0.175,2e-06,0.11,0.667,126.007,107045,4
vendetta! - sped up,MUPP,drift phonk,91582,0.654,0.944,1,-3.207,1,0.223,0.207,2.01e-06,0.126,0.632,147.308,91582,4
COURAGE,SHADXWBXRN,drift phonk,515667,0.732,0.994,7,-4.159,1,0.351,0.00414,0.38,0.0851,0.648,186.026,129032,4
COWBELL WARRIOR!,Sxmpra,drift phonk,521617,0.747,0.801,2,-5.826,1,0.334,0.0287,2.97e-05,0.441,0.707,167.077,149461,4
CRIMINAL MANE,PRXSXNT FXTURE,drift phonk,151804,0.806,0.658,5,-9.017,0,0.0505,0.34,0.772,0.0777,0.205,118.998,153277,4
DAEDALUS,Phonk Killer,drift phonk,125479,0.916,0.702,0,-4.78,1,0.0362,0.00567,0.271,0.13,0.842,126.066,125719,4
DAMAGE,SHADXWBXRN,drift phonk,282867,0.666,0.958,0,-3.602,1,0.0455,0.273,0.931,0.0993,0.909,121.993,141639,4
DECIMATION,Eyez Hate U,drift phonk,137072,0.7,0.975,4,-2.659,0,0.0356,0.00382,0.427,0.328,0.43,126.011,137148,4
DEVIL SOUL,Phonk Killer,drift phonk,226118,0.88,0.712,7,-4.27,1,0.0795,0.145,0.936,0.162,0.615,131.983,113187,4
Destination,V√òJ,drift phonk,8899,0.646,0.708,3,-5.875,0,0.065,0.0145,0.781,0.35,0.382,128.011,144136,4
Devil Eyes,ZODIVK,drift phonk,273101,0.73,0.757,2,-7.379,1,0.0989,0.00189,0.833,0.157,0.259,102.378,136652,4
Disaster,KSLV Noh,drift phonk,470672,0.825,0.613,0,-6.043,1,0.0941,0.0158,0.391,0.159,0.511,117.052,84138,4
ETERNAL NIGHT,SXULCVTCHER,drift phonk,116844,0.754,0.866,11,-5.115,0,0.0445,0.000116,0.0756,0.48,0.123,122.007,118053,4
FAKE SMILE,GREEN ORXNGE,drift phonk,145354,0.594,0.928,11,-3.08,0,0.0649,0.000262,0.475,0.18,0.389,119.988,145354,4
FULL SEND,BLXCKBUSTA,drift phonk,92932,0.537,0.922,7,-3.793,1,0.0432,0.0434,0.609,0.284,0.339,165,119273,4
GODMODE,4WHEEL,drift phonk,94820,0.789,0.897,5,-1.375,0,0.0778,0.659,0.00013,0.629,0.105,130.015,164000,4
HEADLIGHTS FLASHES,HXVRMXN,drift phonk,324021,0.719,0.898,9,-5.328,0,0.0751,0.0157,0.827,0.0771,0.0353,105.006,162167,4
HIT THE GAS,gelowler,drift phonk,104002,0.786,0.969,4,-1.463,0,0.316,0.389,0,0.652,0.822,97.472,128644,4
HYDRA,FORGOTTENAGE,drift phonk,141428,0.853,0.706,4,-4.278,0,0.255,0.267,0.149,0.323,0.425,112.027,141429,4
Hope,CREEPYMANE,drift phonk,111095,0.793,0.978,1,-1.523,1,0.0296,0.0666,0.474,0.103,0.793,128.079,112500,4
Hot Wheels,Kaito Shoma,drift phonk,160000,0.737,0.95,6,1.106,0,0.295,0.0512,2.34e-06,0.507,0.527,134.982,160000,4
INCOMING,MC ORSEN,drift phonk,1073004,0.905,0.876,2,-5.467,1,0.0422,0.00391,0.841,0.058,0.31,124.976,140160,4
KNIGHT II,KXNVRA,drift phonk,15619,0.831,0.872,10,-4.666,0,0.0598,0.00275,0.913,0.133,0.41,93.996,125954,4
Keraunos,PlayaPhonk,drift phonk,144906,0.838,0.59,7,-4.305,1,0.233,0.439,0.874,0.105,0.495,150.02,144980,4
LETTERS TO BANKSY,PHONK WALKER,drift phonk,179407,0.699,0.825,1,-6.155,1,0.0523,0.0892,0.931,0.0928,0.361,169.994,179407,4
Leave The City,Nakani,drift phonk,57646,0.719,0.699,8,-5.341,0,0.031,0.00116,0.859,0.121,0.14,120.951,190442,4
Live Another Day,Kordhell,drift phonk,1066611,0.822,0.981,9,-1.321,1,0.109,0.000593,0.748,0.0938,0.404,115.005,133565,4
MIDNIGHT,PLAYAMANE,drift phonk,796390,0.633,0.433,1,-8.833,1,0.229,0.0053,0.28,0.145,0.373,122.088,121972,4
MORTAL,Pharmacist,drift phonk,143784,0.672,0.996,11,-1.448,1,0.0545,0.0846,0.928,0.111,0.697,174.965,143920,4
Massacre,CREEPYMANE,drift phonk,100000,0.717,0.982,8,0.655,1,0.176,0.0268,0.274,0.327,0.801,120.021,100000,4
Moss,Nakani,drift phonk,148631,0.711,0.714,11,-9.179,1,0.0886,0.318,0.92,0.0909,0.259,134.345,148632,4
Murder In My Mind,Kordhell,drift phonk,1429153,0.712,0.972,10,-0.514,1,0.112,0.00547,7.06e-05,0.128,0.568,119.966,145000,4
Murder In My Mind - Sped Up,Kordhell,drift phonk,159610,0.598,0.994,2,-0.89,1,0.404,0.00364,0.0617,0.397,0.151,151.135,115200,4
North Memphis,Pharmacist,drift phonk,407449,0.716,0.942,1,-6.116,1,0.0565,0.000136,0.836,0.0663,0.899,167.371,135827,4
OMEN,ZODIVK,drift phonk,290806,0.711,0.867,0,-5.749,1,0.246,0.000493,0.603,0.211,0.626,119.973,114031,4
OUT OF NOTHING,HXVRMXN,drift phonk,155896,0.631,0.867,11,-2.441,0,0.234,0.0146,0.011,0.41,0.76,167.969,155897,4
OVERDO$E,Pharmacist,drift phonk,30210,0.707,0.772,0,-3.273,1,0.109,0.000711,0.924,0.194,0.47,150.028,181604,4
Override,KSLV Noh,drift phonk,802025,0.688,0.761,4,-4.607,0,0.163,0.00477,0.414,0.175,0.536,111.011,114625,4
PARADIGMA,MC ORSEN,drift phonk,916766,0.853,0.851,10,-5.106,0,0.0392,0.381,0.845,0.0949,0.656,124.993,138240,4
POLTERGEIST,FORGOTTENAGE,drift phonk,139954,0.794,0.962,1,-3.064,1,0.0693,0.00143,0.791,0.0845,0.283,109.998,140182,4
PRINCE OF DARKNESS,SHADXWBXRN,drift phonk,247422,0.685,0.93,8,-4.65,1,0.0398,0.153,0.841,0.168,0.487,124.011,123871,4
PURE MONSTROSITY,PlayaPhonk,drift phonk,137526,0.605,0.682,1,-6.874,1,0.108,0.0245,0.857,0.263,0.326,124.941,136395,4
Phonky Town,PlayaPhonk,drift phonk,535357,0.805,0.816,1,-4.685,1,0.346,0.363,0.826,0.121,0.338,124.966,141343,4
Queen of Pain,V√òJ,drift phonk,103840,0.819,0.91,0,-6.592,1,0.209,0.0418,0.494,0.664,0.633,122.003,133366,4
RAVE,Dxrk „ÉÄ„Éº„ÇØ,drift phonk,1131215,0.716,0.748,8,-6.06,1,0.0356,0.235,0.849,0.114,0.338,119.918,169245,4
RUNWAY,HXVRMXN,drift phonk,177951,0.752,0.971,7,-1.591,0,0.052,0.0393,0.63,0.0916,0.164,108.01,177951,4
SUICIDE YEAR,WEEDMANE,drift phonk,91821,0.788,0.871,6,-5.782,0,0.043,0.172,0.00164,0.115,0.401,128.195,91820,4
Sahara,Hensonn,drift phonk,1681726,0.615,0.521,2,-9.488,1,0.0318,0.146,0.772,0.11,0.045,115.016,171385,4
Sahara - Slowed,Hensonn,drift phonk,1718410,0.502,0.37,0,-12.129,0,0.0288,0.231,0.866,0.0699,0.0392,183.41,214894,4
Scary Garry,Kaito Shoma,drift phonk,198229,0.812,0.974,8,-2.327,1,0.227,0.695,0.512,0.582,0.064,153.979,99748,4
South,HXVRMXN,drift phonk,191885,0.866,0.667,6,-6.68,0,0.0558,0.399,0.00242,0.156,0.583,139.939,192000,4
TAKE OFF,MC ORSEN,drift phonk,118153,0.694,0.924,0,-2.218,1,0.0557,0.00117,0.917,0.259,0.349,124.933,118172,4
THERMAL IMAGER,HIDEOUS MORBID,drift phonk,220181,0.633,0.926,9,-3.054,1,0.044,0.000223,0.816,0.12,0.373,117.997,132203,4
TOKYO DRIFT,PRXSXNT FXTURE,drift phonk,149238,0.718,0.87,2,-6.227,1,0.0447,0.000178,0.234,0.0869,0.129,118.937,124034,4
The Wayfarer,ZODIVK,drift phonk,586116,0.698,0.881,8,-4.697,0,0.621,0.048,0.612,0.409,0.242,105.011,195762,4
UNCOVERED KILLER,Mista Playa,drift phonk,134889,0.783,0.864,11,-4.937,1,0.116,0.00138,0.00457,0.0998,0.801,119.976,136349,4
WARNING - Sped Up,MC ORSEN,drift phonk,108671,0.768,0.858,8,-4.629,1,0.0767,0.0144,0.861,0.0829,0.522,143.56,108672,4
Why Not,Ghostface Playa,drift phonk,432042,0.725,0.984,9,-1.638,1,0.0351,0.000718,0.895,0.372,0.931,119.983,165000,4
After Midnight,Slushii,brostep,178438,0.418,0.965,10,-2.417,0,0.163,0.0477,3.88e-06,0.561,0.28,139.759,178519,4
All I Ask of You (feat. Pennybirdrabbit),Skrillex,brostep,680412,0.774,0.909,9,-2.89,0,0.0365,0.0173,0.121,0.0739,0.696,126.977,340341,4
All In (feat. Jimmy Levy),NITTI,brostep,666014,0.288,0.754,6,-3.376,0,0.0476,0.0938,0,0.238,0.311,174.095,234518,4
All Is Fair in Love and Brostep,Skrillex,brostep,45034,0.581,0.925,11,-3.213,1,0.151,0.00112,0,0.406,0.269,139.982,249120,4
American Psycho (with Mae Muller feat. Trippie Redd),Marshmello,brostep,3615,0.617,0.514,9,-7.099,1,0.0722,0.0154,0,0.118,0.365,81.067,153196,4
Bangarang (feat. Sirah),Skrillex,brostep,433884,0.716,0.972,7,-2.302,1,0.196,0.0145,3.22e-05,0.317,0.576,110.026,215253,4
Better Off Alone,Kai Wachi,brostep,0,0.536,0.782,2,-3.164,0,0.0539,0.0498,0.00914,0.0773,0.183,150.131,291635,4
Breakn' a Sweat,Skrillex,brostep,2032,0.596,0.921,11,-2.5,0,0.074,0.0049,0.00019,0.536,0.232,139.969,301987,4
Chicken Soup,Skrillex,brostep,2765,0.823,0.815,11,-3.947,1,0.134,0.00129,0.0494,0.599,0.474,125.989,207293,4
Cold Hearted,Seven Lions,brostep,479337,0.436,0.938,2,-3.534,1,0.0917,0.000521,0.00907,0.344,0.131,149.993,272951,4
Cold Skin - INTERCOM Remix,Seven Lions,brostep,122684,0.42,0.641,7,-5.11,0,0.0474,0.0194,0.00012,0.166,0.141,75.229,288024,4
Don‚Äôt Go (with Justin Bieber & Don Toliver),Skrillex,brostep,10642,0.689,0.695,11,-5.22,1,0.0429,0.019,0,0.123,0.359,75.05,168253,4
Don‚Äôt Lie (feat. KARRA),Tisoki,brostep,2899838,0.86,0.805,9,-2.524,0,0.108,0.0286,0.00812,0.487,0.797,150.061,196000,4
Ease My Mind,Skrillex,brostep,3556,0.404,0.753,8,-2.986,0,0.0656,0.0649,0,0.281,0.207,150.147,302520,4
First of the Year (Equinox),Skrillex,brostep,259975,0.429,0.948,5,-3.657,0,0.227,0.00711,0.0148,0.0812,0.55,115.785,261517,3
Foolish Of Me (feat. Jonathan Mendelsohn),Seven Lions,brostep,23076,0.379,0.689,11,-5.455,0,0.0745,0.146,0,0.326,0.347,179.99,186667,4
Gravity,SLANDER,brostep,169958,0.631,0.862,2,-3.642,0,0.0999,0.153,0.00109,0.107,0.39,149.939,364800,4
HUMBLE. - SKRILLEX REMIX,Skrillex,brostep,501455,0.901,0.934,11,-2.345,1,0.273,0.00794,7.68e-05,0.194,0.868,150.037,156800,4
Happier,Marshmello,brostep,214289,0.687,0.792,5,-2.749,1,0.0452,0.191,0,0.167,0.671,100.015,214290,4
Here With Me,Marshmello,brostep,156346,0.791,0.565,5,-3.933,0,0.0439,0.0623,0,0.156,0.181,99.961,156347,4
IT HURTS!,San Holo,brostep,31630,0.483,0.632,2,-5.624,1,0.0351,0.0419,0.000622,0.422,0.363,146.936,228125,4
Kill EVERYBODY,Skrillex,brostep,252665,0.788,0.874,0,-3.336,1,0.0805,0.00219,0.00231,0.0998,0.629,126.988,297986,4
Kill EVERYBODY - Bare Noize Remix,Skrillex,brostep,307153,0.594,0.947,0,-3.904,1,0.0519,0.00133,0.108,0.305,0.362,140.043,281122,4
Kyoto (feat. Sirah),Skrillex,brostep,384308,0.605,0.92,4,-2.298,0,0.0713,0.0012,0.000596,0.483,0.219,174.974,200787,4
Leave Before You Love Me (with Jonas Brothers),Marshmello,brostep,2222212,0.721,0.738,7,-4.77,1,0.0403,0.00226,4.41e-06,0.118,0.637,119.976,154983,4
Love Is Gone - Danny Olson Remix,SLANDER,brostep,213463,0.246,0.539,7,-6.327,1,0.0408,0.0104,0.000132,0.094,0.194,153.597,213463,4
Make It Bun Dem,Skrillex,brostep,213180,0.556,0.881,7,-2.224,1,0.082,0.00119,0,0.0709,0.337,104.973,213697,1
My Cloud,Grabbitz,brostep,3132374,0.754,0.938,8,-5.874,1,0.0612,0.321,4.62e-05,0.0889,0.505,144.074,187963,4
OK Not To Be OK,Marshmello,brostep,159862,0.743,0.837,1,-5.025,0,0.0649,0.0172,0,0.0743,0.263,103.072,159863,4
One Thing Right,Marshmello,brostep,122525,0.659,0.625,4,-2.253,1,0.045,0.0644,0,0.582,0.442,88.042,181824,4
One Thing Right - PMP Remix,Marshmello,brostep,1310470,0.564,0.715,6,-4.631,0,0.163,0.0415,0,0.0923,0.386,169.98,228706,4
Purple Lamborghini (with Rick Ross),Skrillex,brostep,2853,0.457,0.899,10,-2.591,0,0.132,0.0019,0,0.831,0.298,147.268,215510,4
Ragga Bomb,Skrillex,brostep,15092,0.595,0.961,7,-3.781,1,0.31,0.0282,0,0.271,0.61,174.071,258827,4
Recess,Skrillex,brostep,237653,0.658,0.93,5,-2.912,0,0.141,0.0236,0,0.578,0.132,104.018,237680,4
Red Lips (feat. Sam Bruno) - Skrillex Remix,Good Times Ahead,brostep,17187,0.528,0.983,8,-3.133,1,0.146,0.000518,0.000324,0.18,0.141,144.981,223448,4
Right In,Skrillex,brostep,53347,0.636,0.802,2,-2.168,1,0.167,0.00631,4.14e-05,0.059,0.335,139.815,180400,4
Rock 'n' Roll (Will Take You to the Mountain),Skrillex,brostep,567997,0.713,0.971,0,-1.264,1,0.381,0.00228,2.05e-05,0.242,0.676,128.064,284130,4
Ruffneck - Full Flex,Skrillex,brostep,2788,0.646,0.97,5,-1.64,1,0.129,0.000244,0.00483,0.0668,0.325,140.145,226286,4
Run Cried the Crawling,Protohype,brostep,2319668,0.646,0.703,8,-4.154,1,0.0344,0.418,0.00996,0.138,0.176,108.735,238345,3
Scary Monsters and Nice Sprites,Skrillex,brostep,560350,0.523,0.944,7,-3.581,0,0.0837,0.00336,0.557,0.119,0.324,139.997,243354,4
Scary Monsters and Nice Sprites - Noisia Remix,Skrillex,brostep,204154,0.6,0.871,7,-4.108,0,0.235,0.00207,0.3,0.127,0.639,140.144,204154,4
Scary Monsters and Nice Sprites - Zedd Remix,Skrillex,brostep,357876,0.93,0.641,7,-3.719,0,0.346,0.000911,0.0637,0.572,0.345,127.994,357877,4
Scatta (feat. Foreign Beggars & Bare Noize),Skrillex,brostep,363902,0.618,0.928,0,-5.19,1,0.211,0.0154,3.95e-06,0.201,0.37,140.031,234891,4
Scream Saver,Subtronics,brostep,427770,0.644,0.88,10,0.91,0,0.274,0.0225,0.544,0.575,0.415,75.021,230400,4
Shady Intentions (feat. Tori Levett),NGHTMRE,brostep,185316,0.499,0.865,10,-4.898,0,0.0468,0.0984,0.000712,0.497,0.489,158.021,182279,4
Star Glide,MUZZ,brostep,307140,0.42,0.964,7,-1.397,1,0.107,7.18e-05,0.000274,0.543,0.0716,174.881,307199,4
Still Getting It,Foreign Beggars,brostep,714,0.589,0.955,5,-4.81,0,0.116,0.00551,0.00103,0.369,0.661,140.068,240012,4
Still Looking - CESQEAUX Remix,San Holo,brostep,189200,0.617,0.803,6,-6.015,1,0.0858,0.133,5.5e-05,0.0902,0.643,150.051,189200,4
Summit (feat. Ellie Goulding),Skrillex,brostep,375914,0.692,0.773,6,-3.739,1,0.0359,0.226,0.0104,0.108,0.486,139.989,373987,4
Taste of You,Rezz,brostep,1522101,0.667,0.679,0,-6.616,1,0.0475,0.0064,5.28e-05,0.17,0.32,100.054,167606,4
The Devil's Den,Skrillex,brostep,169035,0.616,0.946,1,-2.876,1,0.0687,0.00075,0.0777,0.355,0.322,127.992,292907,4
Tongue Tied (with YUNGBLUD & blackbear) - HiGuys Remix,Marshmello,brostep,275099,0.516,0.805,1,-7.227,0,0.145,0.00716,3.43e-06,0.0588,0.346,149.982,275200,4
Too Much,Party Favor,brostep,219242,0.612,0.89,1,-5.582,1,0.0628,0.00151,0.868,0.0894,0.397,127.013,219242,4
Try It Out,Skrillex,brostep,229108,0.423,0.943,0,-2.808,1,0.498,0.0227,0,0.0798,0.165,139.48,229213,4
Try It Out - Put Em up Mix,Skrillex,brostep,0,0.446,0.975,2,-2.329,0,0.163,0.00719,0.289,0.214,0.178,139.93,322286,4
We Rise,San Holo,brostep,268880,0.747,0.491,6,-6.043,1,0.0639,0.197,1.77e-05,0.0837,0.827,145.034,266483,4
After Midnight,Slushii,brostep,178438,0.418,0.965,10,-2.417,0,0.163,0.0477,3.88e-06,0.561,0.28,139.759,178519,4
All I Ask of You (feat. Pennybirdrabbit),Skrillex,brostep,680412,0.774,0.909,9,-2.89,0,0.0365,0.0173,0.121,0.0739,0.696,126.977,340341,4
All In (feat. Jimmy Levy),NITTI,brostep,666014,0.288,0.754,6,-3.376,0,0.0476,0.0938,0,0.238,0.311,174.095,234518,4
All Is Fair in Love and Brostep,Skrillex,brostep,45034,0.581,0.925,11,-3.213,1,0.151,0.00112,0,0.406,0.269,139.982,249120,4
American Psycho (with Mae Muller feat. Trippie Redd),Marshmello,brostep,3615,0.617,0.514,9,-7.099,1,0.0722,0.0154,0,0.118,0.365,81.067,153196,4
Bangarang (feat. Sirah),Skrillex,brostep,433884,0.716,0.972,7,-2.302,1,0.196,0.0145,3.22e-05,0.317,0.576,110.026,215253,4
Better Off Alone,Kai Wachi,brostep,0,0.536,0.782,2,-3.164,0,0.0539,0.0498,0.00914,0.0773,0.183,150.131,291635,4
Breakn' a Sweat,Skrillex,brostep,2032,0.596,0.921,11,-2.5,0,0.074,0.0049,0.00019,0.536,0.232,139.969,301987,4
Chicken Soup,Skrillex,brostep,2765,0.823,0.815,11,-3.947,1,0.134,0.00129,0.0494,0.599,0.474,125.989,207293,4
Cold Hearted,Seven Lions,brostep,479337,0.436,0.938,2,-3.534,1,0.0917,0.000521,0.00907,0.344,0.131,149.993,272951,4
Cold Skin - INTERCOM Remix,Seven Lions,brostep,122684,0.42,0.641,7,-5.11,0,0.0474,0.0194,0.00012,0.166,0.141,75.229,288024,4
Don‚Äôt Go (with Justin Bieber & Don Toliver),Skrillex,brostep,10642,0.689,0.695,11,-5.22,1,0.0429,0.019,0,0.123,0.359,75.05,168253,4
Don‚Äôt Lie (feat. KARRA),Tisoki,brostep,2899838,0.86,0.805,9,-2.524,0,0.108,0.0286,0.00812,0.487,0.797,150.061,196000,4
Ease My Mind,Skrillex,brostep,3556,0.404,0.753,8,-2.986,0,0.0656,0.0649,0,0.281,0.207,150.147,302520,4
First of the Year (Equinox),Skrillex,brostep,259975,0.429,0.948,5,-3.657,0,0.227,0.00711,0.0148,0.0812,0.55,115.785,261517,3
Foolish Of Me (feat. Jonathan Mendelsohn),Seven Lions,brostep,23076,0.379,0.689,11,-5.455,0,0.0745,0.146,0,0.326,0.347,179.99,186667,4
Gravity,SLANDER,brostep,169958,0.631,0.862,2,-3.642,0,0.0999,0.153,0.00109,0.107,0.39,149.939,364800,4
HUMBLE. - SKRILLEX REMIX,Skrillex,brostep,501455,0.901,0.934,11,-2.345,1,0.273,0.00794,7.68e-05,0.194,0.868,150.037,156800,4
Happier,Marshmello,brostep,214289,0.687,0.792,5,-2.749,1,0.0452,0.191,0,0.167,0.671,100.015,214290,4
Here With Me,Marshmello,brostep,156346,0.791,0.565,5,-3.933,0,0.0439,0.0623,0,0.156,0.181,99.961,156347,4
IT HURTS!,San Holo,brostep,31630,0.483,0.632,2,-5.624,1,0.0351,0.0419,0.000622,0.422,0.363,146.936,228125,4
Kill EVERYBODY,Skrillex,brostep,252665,0.788,0.874,0,-3.336,1,0.0805,0.00219,0.00231,0.0998,0.629,126.988,297986,4
Kill EVERYBODY - Bare Noize Remix,Skrillex,brostep,307153,0.594,0.947,0,-3.904,1,0.0519,0.00133,0.108,0.305,0.362,140.043,281122,4
Kyoto (feat. Sirah),Skrillex,brostep,384308,0.605,0.92,4,-2.298,0,0.0713,0.0012,0.000596,0.483,0.219,174.974,200787,4
Leave Before You Love Me (with Jonas Brothers),Marshmello,brostep,2222212,0.721,0.738,7,-4.77,1,0.0403,0.00226,4.41e-06,0.118,0.637,119.976,154983,4
Love Is Gone - Danny Olson Remix,SLANDER,brostep,213463,0.246,0.539,7,-6.327,1,0.0408,0.0104,0.000132,0.094,0.194,153.597,213463,4
Make It Bun Dem,Skrillex,brostep,213180,0.556,0.881,7,-2.224,1,0.082,0.00119,0,0.0709,0.337,104.973,213697,1
My Cloud,Grabbitz,brostep,3132374,0.754,0.938,8,-5.874,1,0.0612,0.321,4.62e-05,0.0889,0.505,144.074,187963,4
OK Not To Be OK,Marshmello,brostep,159862,0.743,0.837,1,-5.025,0,0.0649,0.0172,0,0.0743,0.263,103.072,159863,4
One Thing Right,Marshmello,brostep,122525,0.659,0.625,4,-2.253,1,0.045,0.0644,0,0.582,0.442,88.042,181824,4
One Thing Right - PMP Remix,Marshmello,brostep,1310470,0.564,0.715,6,-4.631,0,0.163,0.0415,0,0.0923,0.386,169.98,228706,4
Purple Lamborghini (with Rick Ross),Skrillex,brostep,2853,0.457,0.899,10,-2.591,0,0.132,0.0019,0,0.831,0.298,147.268,215510,4
Ragga Bomb,Skrillex,brostep,15092,0.595,0.961,7,-3.781,1,0.31,0.0282,0,0.271,0.61,174.071,258827,4
Recess,Skrillex,brostep,237653,0.658,0.93,5,-2.912,0,0.141,0.0236,0,0.578,0.132,104.018,237680,4
Red Lips (feat. Sam Bruno) - Skrillex Remix,Good Times Ahead,brostep,17187,0.528,0.983,8,-3.133,1,0.146,0.000518,0.000324,0.18,0.141,144.981,223448,4
Right In,Skrillex,brostep,53347,0.636,0.802,2,-2.168,1,0.167,0.00631,4.14e-05,0.059,0.335,139.815,180400,4
Rock 'n' Roll (Will Take You to the Mountain),Skrillex,brostep,567997,0.713,0.971,0,-1.264,1,0.381,0.00228,2.05e-05,0.242,0.676,128.064,284130,4
Ruffneck - Full Flex,Skrillex,brostep,2788,0.646,0.97,5,-1.64,1,0.129,0.000244,0.00483,0.0668,0.325,140.145,226286,4
Run Cried the Crawling,Protohype,brostep,2319668,0.646,0.703,8,-4.154,1,0.0344,0.418,0.00996,0.138,0.176,108.735,238345,3
Scary Monsters and Nice Sprites,Skrillex,brostep,560350,0.523,0.944,7,-3.581,0,0.0837,0.00336,0.557,0.119,0.324,139.997,243354,4
Scary Monsters and Nice Sprites - Noisia Remix,Skrillex,brostep,204154,0.6,0.871,7,-4.108,0,0.235,0.00207,0.3,0.127,0.639,140.144,204154,4
Scary Monsters and Nice Sprites - Zedd Remix,Skrillex,brostep,357876,0.93,0.641,7,-3.719,0,0.346,0.000911,0.0637,0.572,0.345,127.994,357877,4
Scatta (feat. Foreign Beggars & Bare Noize),Skrillex,brostep,363902,0.618,0.928,0,-5.19,1,0.211,0.0154,3.95e-06,0.201,0.37,140.031,234891,4
Scream Saver,Subtronics,brostep,427770,0.644,0.88,10,0.91,0,0.274,0.0225,0.544,0.575,0.415,75.021,230400,4
Shady Intentions (feat. Tori Levett),NGHTMRE,brostep,185316,0.499,0.865,10,-4.898,0,0.0468,0.0984,0.000712,0.497,0.489,158.021,182279,4
Star Glide,MUZZ,brostep,307140,0.42,0.964,7,-1.397,1,0.107,7.18e-05,0.000274,0.543,0.0716,174.881,307199,4
Still Getting It,Foreign Beggars,brostep,714,0.589,0.955,5,-4.81,0,0.116,0.00551,0.00103,0.369,0.661,140.068,240012,4
Still Looking - CESQEAUX Remix,San Holo,brostep,189200,0.617,0.803,6,-6.015,1,0.0858,0.133,5.5e-05,0.0902,0.643,150.051,189200,4
Summit (feat. Ellie Goulding),Skrillex,brostep,375914,0.692,0.773,6,-3.739,1,0.0359,0.226,0.0104,0.108,0.486,139.989,373987,4
Taste of You,Rezz,brostep,1522101,0.667,0.679,0,-6.616,1,0.0475,0.0064,5.28e-05,0.17,0.32,100.054,167606,4
The Devil's Den,Skrillex,brostep,169035,0.616,0.946,1,-2.876,1,0.0687,0.00075,0.0777,0.355,0.322,127.992,292907,4
Tongue Tied (with YUNGBLUD & blackbear) - HiGuys Remix,Marshmello,brostep,275099,0.516,0.805,1,-7.227,0,0.145,0.00716,3.43e-06,0.0588,0.346,149.982,275200,4
Too Much,Party Favor,brostep,219242,0.612,0.89,1,-5.582,1,0.0628,0.00151,0.868,0.0894,0.397,127.013,219242,4
Try It Out,Skrillex,brostep,229108,0.423,0.943,0,-2.808,1,0.498,0.0227,0,0.0798,0.165,139.48,229213,4
Try It Out - Put Em up Mix,Skrillex,brostep,0,0.446,0.975,2,-2.329,0,0.163,0.00719,0.289,0.214,0.178,139.93,322286,4
We Rise,San Holo,brostep,268880,0.747,0.491,6,-6.043,1,0.0639,0.197,1.77e-05,0.0837,0.827,145.034,266483,4
24/7,The Neighbourhood,modern alternative rock,219799,0.587,0.744,7,-4.611,0,0.0742,0.00213,0.00181,0.114,0.236,118.962,219973,4
Afraid,The Neighbourhood,modern alternative rock,764280,0.464,0.701,6,-5.693,0,0.0411,0.00892,0.309,0.335,0.356,83.996,251187,4
Be My Mistake,The 1975,modern alternative rock,1540118,0.572,0.155,6,-14.405,1,0.0344,0.835,0.000137,0.0906,0.0949,109.923,256689,3
Beat Take 1 (feat. Ghostface Killah),The Neighbourhood,modern alternative rock,207781,0.582,0.615,0,-5.98,0,0.247,0.347,0.000182,0.103,0.354,171.907,207960,4
Blue,The Neighbourhood,modern alternative rock,190032,0.56,0.598,5,-8.386,0,0.0388,0.524,0.698,0.172,0.388,82.991,190133,4
BooHoo,The Neighbourhood,modern alternative rock,763783,0.696,0.838,5,-9.299,0,0.0361,0.0621,8.42e-05,0.0967,0.66,139.977,191120,4
Cherry Flavoured,The Neighbourhood,modern alternative rock,833264,0.617,0.574,6,-9.768,1,0.0276,0.23,0.0105,0.0983,0.396,91.769,208453,4
Chip Chrome,The Neighbourhood,modern alternative rock,123751,0.205,0.739,6,-13.072,1,0.0546,0.961,0.937,0.339,0.0385,79.988,31045,4
Compass,The Neighbourhood,modern alternative rock,167929,0.7,0.82,5,-5.499,0,0.0329,0.238,0.318,0.658,0.667,109.998,167960,4
Cry Baby,The Neighbourhood,modern alternative rock,235160,0.581,0.656,4,-4.891,0,0.0294,0.00269,2.78e-06,0.101,0.338,108.033,235160,4
Daddy Issues,The Neighbourhood,modern alternative rock,17401394,0.588,0.521,10,-9.461,1,0.0329,0.0678,0.149,0.123,0.337,85.012,260173,4
Devil's Advocate,The Neighbourhood,modern alternative rock,744623,0.662,0.681,11,-8.152,0,0.0315,0.0321,0.139,0.508,0.864,98.004,186307,4
Dreamin (with blackbear),The Score,modern alternative rock,0,0.609,0.726,1,-3.947,0,0.108,0.00252,0,0.0745,0.616,79.967,198640,4
Dust,The Neighbourhood,modern alternative rock,417520,0.348,0.442,1,-7.676,0,0.0637,0.0971,5.31e-05,0.112,0.0674,198.227,208827,4
Fake It Til You Make It,DREAMERS,modern alternative rock,567584,0.634,0.861,9,-3.874,0,0.0387,0.0341,6.67e-06,0.0744,0.708,139.988,204453,4
Flowers,The Neighbourhood,modern alternative rock,197477,0.559,0.6,0,-7.002,1,0.0248,0.0179,0.0163,0.204,0.299,100.029,197693,4
Heaven,The Neighbourhood,modern alternative rock,205156,0.55,0.716,2,-7.403,0,0.0399,0.0617,0.00516,0.134,0.273,75.012,205240,4
Hell or High Water,The Neighbourhood,modern alternative rock,557881,0.572,0.32,9,-11.841,1,0.0299,0.962,0.00598,0.165,0.627,120.875,139587,4
Here We Go Again,The Neighbourhood,modern alternative rock,515195,0.51,0.527,8,-9.148,1,0.0292,0.6,0.317,0.545,0.418,143.913,257720,4
I See You,MISSIO,modern alternative rock,3485499,0.466,0.781,1,-6.76,1,0.0567,0.000483,0.000141,0.0713,0.383,169.97,228613,4
Kill Us All (feat. Denzel Curry),The Neighbourhood,modern alternative rock,161744,0.547,0.639,2,-6.958,1,0.117,0.0137,0,0.305,0.399,90.098,161947,4
Livin' In a Dream (feat. Nipsey Hussle),The Neighbourhood,modern alternative rock,195003,0.584,0.779,3,-5.656,0,0.0721,0.259,0.00606,0.28,0.518,94.841,195000,4
Lost in Translation,The Neighbourhood,modern alternative rock,759507,0.568,0.891,0,-5.786,1,0.0376,0.000896,0.000137,0.357,0.522,104.954,190227,4
Middle of Somewhere,The Neighbourhood,modern alternative rock,683667,0.508,0.394,9,-9.472,0,0.0252,0.716,0,0.158,0.337,92.055,171053,4
Money Run Low,The Score,modern alternative rock,185466,0.651,0.933,7,-3.978,0,0.0457,0.0203,0,0.306,0.798,134.048,185467,4
Nervous,The Neighbourhood,modern alternative rock,244899,0.589,0.614,0,-7.528,0,0.0426,0.0213,0.165,0.31,0.318,119.837,245000,4
Noise,The Neighbourhood,modern alternative rock,200030,0.625,0.85,6,-3.776,0,0.0294,0.0164,0.339,0.105,0.736,108.997,200467,4
Oh Caroline,The 1975,modern alternative rock,88320,0.646,0.85,2,-5.466,1,0.0428,0.363,4.01e-05,0.0994,0.819,96.538,212568,4
Our House (The Mess We Made),You Me At Six,modern alternative rock,219870,0.633,0.766,0,-6.696,1,0.0445,0.0078,0.00286,0.252,0.394,133.015,220528,4
Over the Influence,The Neighbourhood,modern alternative rock,239757,0.333,0.487,7,-8.169,1,0.0342,0.147,0.0751,0.0801,0.155,188.908,220760,3
Paradise,The Neighbourhood,modern alternative rock,209577,0.677,0.716,2,-5.791,0,0.0348,0.209,0.0465,0.248,0.304,83.004,209600,4
Pretty Boy,The Neighbourhood,modern alternative rock,1637792,0.578,0.386,6,-11.464,1,0.0278,0.208,0.0453,0.307,0.569,154.902,234093,4
Reflections,The Neighbourhood,modern alternative rock,5000022,0.648,0.594,11,-7.027,0,0.0293,0.114,0.0462,0.116,0.544,113.983,244013,4
River,Bishop Briggs,modern alternative rock,512480,0.733,0.477,2,-6.737,0,0.0687,0.302,2.97e-06,0.0579,0.545,62.507,216133,4
Roll Call,The Neighbourhood,modern alternative rock,250083,0.562,0.542,0,-7.221,1,0.053,0.00932,0.348,0.635,0.26,78.031,250400,4
Sadderdaze,The Neighbourhood,modern alternative rock,78456,0.414,0.527,4,-4.749,0,0.0287,0.00971,5.05e-05,0.145,0.306,120.009,245827,4
Scary Love,The Neighbourhood,modern alternative rock,222690,0.595,0.636,5,-5.981,0,0.0312,9.45e-05,0.0529,0.196,0.147,112.008,222667,4
Silver Lining,The Neighbourhood,modern alternative rock,717424,0.562,0.53,2,-7.665,1,0.0286,0.0226,0.00419,0.106,0.391,122.92,179453,4
Sing To Me,MISSIO,modern alternative rock,759312,0.55,0.872,2,-4.742,0,0.0588,0.0864,0.000291,0.0617,0.618,142.041,189920,4
Softcore,The Neighbourhood,modern alternative rock,3291967,0.575,0.568,9,-5.509,0,0.03,0.0484,0.000417,0.286,0.37,93.986,206280,4
Stargazing,The Neighbourhood,modern alternative rock,867939,0.512,0.483,0,-7.798,1,0.0298,0.00304,0.0011,0.12,0.367,160.009,217027,4
Stuck with Me,The Neighbourhood,modern alternative rock,258080,0.538,0.742,9,-6.365,0,0.0521,0.018,0.014,0.152,0.425,165.951,258227,4
Sweater Weather,The Neighbourhood,modern alternative rock,5395544,0.612,0.807,10,-2.81,1,0.0336,0.0495,0.0177,0.101,0.398,124.053,240400,4
TOOTIMETOOTIMETOOTIME,The 1975,modern alternative rock,904719,0.667,0.824,8,-5.867,1,0.0665,0.177,0.0152,0.0933,0.518,114.998,207851,4
Take on the World,You Me At Six,modern alternative rock,271306,0.557,0.532,2,-6.467,1,0.0307,0.16,4.42e-06,0.0999,0.122,103.992,271307,4
The Beach,The Neighbourhood,modern alternative rock,4784662,0.245,0.64,2,-7.426,0,0.0608,0.131,8.11e-06,0.0766,0.105,135.739,255133,4
The Kid I Used to Know,Arrested Youth,modern alternative rock,145795,0.639,0.776,9,-4.61,1,0.0829,0.0731,1.97e-06,0.18,0.267,160.101,145801,4
The Kid I Used to Know - WiDE AWAKE Remix,Arrested Youth,modern alternative rock,2782652,0.59,0.85,1,-5.402,0,0.0575,0.0152,6.79e-06,0.0898,0.235,79.944,183000,4
The Mono-Tones,The Neighbourhood,modern alternative rock,295167,0.627,0.685,10,-6.871,1,0.0272,0.0534,0.756,0.096,0.552,96.989,214693,4
The Shining,The Neighbourhood,modern alternative rock,429239,0.627,0.685,10,-6.871,1,0.0272,0.0534,0.756,0.096,0.552,96.989,214693,4
Tobacco Sunburst,The Neighbourhood,modern alternative rock,1187006,0.413,0.474,5,-11.472,1,0.0328,0.0419,0.508,0.384,0.446,111.01,296813,4
Unfair,The Neighbourhood,modern alternative rock,440643,0.477,0.572,8,-7.328,1,0.0319,0.00708,0.784,0.144,0.0414,194.033,146867,4
Void,The Neighbourhood,modern alternative rock,203571,0.534,0.582,5,-7.912,1,0.0401,0.047,0.0328,0.0883,0.346,84.183,203667,4
Wires,The Neighbourhood,modern alternative rock,162401,0.568,0.569,7,-6.013,0,0.0329,0.0004,0.102,0.342,0.266,72.991,193080,4
Yellow Box,The Neighbourhood,modern alternative rock,7767281,0.598,0.575,0,-11.6,0,0.0484,0.0776,0.798,0.0925,0.268,106.972,182760,4
You Get Me So High,The Neighbourhood,modern alternative rock,611785,0.551,0.881,7,-6.099,0,0.0542,0.186,0.0791,0.152,0.387,88.036,153000,4
24/7,The Neighbourhood,modern alternative rock,219799,0.587,0.744,7,-4.611,0,0.0742,0.00213,0.00181,0.114,0.236,118.962,219973,4
Afraid,The Neighbourhood,modern alternative rock,764280,0.464,0.701,6,-5.693,0,0.0411,0.00892,0.309,0.335,0.356,83.996,251187,4
Be My Mistake,The 1975,modern alternative rock,1540118,0.572,0.155,6,-14.405,1,0.0344,0.835,0.000137,0.0906,0.0949,109.923,256689,3
Beat Take 1 (feat. Ghostface Killah),The Neighbourhood,modern alternative rock,207781,0.582,0.615,0,-5.98,0,0.247,0.347,0.000182,0.103,0.354,171.907,207960,4
Blue,The Neighbourhood,modern alternative rock,190032,0.56,0.598,5,-8.386,0,0.0388,0.524,0.698,0.172,0.388,82.991,190133,4
BooHoo,The Neighbourhood,modern alternative rock,763783,0.696,0.838,5,-9.299,0,0.0361,0.0621,8.42e-05,0.0967,0.66,139.977,191120,4
Cherry Flavoured,The Neighbourhood,modern alternative rock,833264,0.617,0.574,6,-9.768,1,0.0276,0.23,0.0105,0.0983,0.396,91.769,208453,4
Chip Chrome,The Neighbourhood,modern alternative rock,123751,0.205,0.739,6,-13.072,1,0.0546,0.961,0.937,0.339,0.0385,79.988,31045,4
Compass,The Neighbourhood,modern alternative rock,167929,0.7,0.82,5,-5.499,0,0.0329,0.238,0.318,0.658,0.667,109.998,167960,4
Cry Baby,The Neighbourhood,modern alternative rock,235160,0.581,0.656,4,-4.891,0,0.0294,0.00269,2.78e-06,0.101,0.338,108.033,235160,4
Daddy Issues,The Neighbourhood,modern alternative rock,17401394,0.588,0.521,10,-9.461,1,0.0329,0.0678,0.149,0.123,0.337,85.012,260173,4
Devil's Advocate,The Neighbourhood,modern alternative rock,744623,0.662,0.681,11,-8.152,0,0.0315,0.0321,0.139,0.508,0.864,98.004,186307,4
Dreamin (with blackbear),The Score,modern alternative rock,0,0.609,0.726,1,-3.947,0,0.108,0.00252,0,0.0745,0.616,79.967,198640,4
Dust,The Neighbourhood,modern alternative rock,417520,0.348,0.442,1,-7.676,0,0.0637,0.0971,5.31e-05,0.112,0.0674,198.227,208827,4
Fake It Til You Make It,DREAMERS,modern alternative rock,567584,0.634,0.861,9,-3.874,0,0.0387,0.0341,6.67e-06,0.0744,0.708,139.988,204453,4
Flowers,The Neighbourhood,modern alternative rock,197477,0.559,0.6,0,-7.002,1,0.0248,0.0179,0.0163,0.204,0.299,100.029,197693,4
Heaven,The Neighbourhood,modern alternative rock,205156,0.55,0.716,2,-7.403,0,0.0399,0.0617,0.00516,0.134,0.273,75.012,205240,4
Hell or High Water,The Neighbourhood,modern alternative rock,557881,0.572,0.32,9,-11.841,1,0.0299,0.962,0.00598,0.165,0.627,120.875,139587,4
Here We Go Again,The Neighbourhood,modern alternative rock,515195,0.51,0.527,8,-9.148,1,0.0292,0.6,0.317,0.545,0.418,143.913,257720,4
I See You,MISSIO,modern alternative rock,3485499,0.466,0.781,1,-6.76,1,0.0567,0.000483,0.000141,0.0713,0.383,169.97,228613,4
Kill Us All (feat. Denzel Curry),The Neighbourhood,modern alternative rock,161744,0.547,0.639,2,-6.958,1,0.117,0.0137,0,0.305,0.399,90.098,161947,4
Livin' In a Dream (feat. Nipsey Hussle),The Neighbourhood,modern alternative rock,195003,0.584,0.779,3,-5.656,0,0.0721,0.259,0.00606,0.28,0.518,94.841,195000,4
Lost in Translation,The Neighbourhood,modern alternative rock,759507,0.568,0.891,0,-5.786,1,0.0376,0.000896,0.000137,0.357,0.522,104.954,190227,4
Middle of Somewhere,The Neighbourhood,modern alternative rock,683667,0.508,0.394,9,-9.472,0,0.0252,0.716,0,0.158,0.337,92.055,171053,4
Money Run Low,The Score,modern alternative rock,185466,0.651,0.933,7,-3.978,0,0.0457,0.0203,0,0.306,0.798,134.048,185467,4
Nervous,The Neighbourhood,modern alternative rock,244899,0.589,0.614,0,-7.528,0,0.0426,0.0213,0.165,0.31,0.318,119.837,245000,4
Noise,The Neighbourhood,modern alternative rock,200030,0.625,0.85,6,-3.776,0,0.0294,0.0164,0.339,0.105,0.736,108.997,200467,4
Oh Caroline,The 1975,modern alternative rock,88320,0.646,0.85,2,-5.466,1,0.0428,0.363,4.01e-05,0.0994,0.819,96.538,212568,4
Our House (The Mess We Made),You Me At Six,modern alternative rock,219870,0.633,0.766,0,-6.696,1,0.0445,0.0078,0.00286,0.252,0.394,133.015,220528,4
Over the Influence,The Neighbourhood,modern alternative rock,239757,0.333,0.487,7,-8.169,1,0.0342,0.147,0.0751,0.0801,0.155,188.908,220760,3
Paradise,The Neighbourhood,modern alternative rock,209577,0.677,0.716,2,-5.791,0,0.0348,0.209,0.0465,0.248,0.304,83.004,209600,4
Pretty Boy,The Neighbourhood,modern alternative rock,1637792,0.578,0.386,6,-11.464,1,0.0278,0.208,0.0453,0.307,0.569,154.902,234093,4
Reflections,The Neighbourhood,modern alternative rock,5000022,0.648,0.594,11,-7.027,0,0.0293,0.114,0.0462,0.116,0.544,113.983,244013,4
River,Bishop Briggs,modern alternative rock,512480,0.733,0.477,2,-6.737,0,0.0687,0.302,2.97e-06,0.0579,0.545,62.507,216133,4
Roll Call,The Neighbourhood,modern alternative rock,250083,0.562,0.542,0,-7.221,1,0.053,0.00932,0.348,0.635,0.26,78.031,250400,4
Sadderdaze,The Neighbourhood,modern alternative rock,78456,0.414,0.527,4,-4.749,0,0.0287,0.00971,5.05e-05,0.145,0.306,120.009,245827,4
Scary Love,The Neighbourhood,modern alternative rock,222690,0.595,0.636,5,-5.981,0,0.0312,9.45e-05,0.0529,0.196,0.147,112.008,222667,4
Silver Lining,The Neighbourhood,modern alternative rock,717424,0.562,0.53,2,-7.665,1,0.0286,0.0226,0.00419,0.106,0.391,122.92,179453,4
Sing To Me,MISSIO,modern alternative rock,759312,0.55,0.872,2,-4.742,0,0.0588,0.0864,0.000291,0.0617,0.618,142.041,189920,4
Softcore,The Neighbourhood,modern alternative rock,3291967,0.575,0.568,9,-5.509,0,0.03,0.0484,0.000417,0.286,0.37,93.986,206280,4
Stargazing,The Neighbourhood,modern alternative rock,867939,0.512,0.483,0,-7.798,1,0.0298,0.00304,0.0011,0.12,0.367,160.009,217027,4
Stuck with Me,The Neighbourhood,modern alternative rock,258080,0.538,0.742,9,-6.365,0,0.0521,0.018,0.014,0.152,0.425,165.951,258227,4
Sweater Weather,The Neighbourhood,modern alternative rock,5395544,0.612,0.807,10,-2.81,1,0.0336,0.0495,0.0177,0.101,0.398,124.053,240400,4
TOOTIMETOOTIMETOOTIME,The 1975,modern alternative rock,904719,0.667,0.824,8,-5.867,1,0.0665,0.177,0.0152,0.0933,0.518,114.998,207851,4
Take on the World,You Me At Six,modern alternative rock,271306,0.557,0.532,2,-6.467,1,0.0307,0.16,4.42e-06,0.0999,0.122,103.992,271307,4
The Beach,The Neighbourhood,modern alternative rock,4784662,0.245,0.64,2,-7.426,0,0.0608,0.131,8.11e-06,0.0766,0.105,135.739,255133,4
The Kid I Used to Know,Arrested Youth,modern alternative rock,145795,0.639,0.776,9,-4.61,1,0.0829,0.0731,1.97e-06,0.18,0.267,160.101,145801,4
The Kid I Used to Know - WiDE AWAKE Remix,Arrested Youth,modern alternative rock,2782652,0.59,0.85,1,-5.402,0,0.0575,0.0152,6.79e-06,0.0898,0.235,79.944,183000,4
The Mono-Tones,The Neighbourhood,modern alternative rock,295167,0.627,0.685,10,-6.871,1,0.0272,0.0534,0.756,0.096,0.552,96.989,214693,4
The Shining,The Neighbourhood,modern alternative rock,429239,0.627,0.685,10,-6.871,1,0.0272,0.0534,0.756,0.096,0.552,96.989,214693,4
Tobacco Sunburst,The Neighbourhood,modern alternative rock,1187006,0.413,0.474,5,-11.472,1,0.0328,0.0419,0.508,0.384,0.446,111.01,296813,4
Unfair,The Neighbourhood,modern alternative rock,440643,0.477,0.572,8,-7.328,1,0.0319,0.00708,0.784,0.144,0.0414,194.033,146867,4
Void,The Neighbourhood,modern alternative rock,203571,0.534,0.582,5,-7.912,1,0.0401,0.047,0.0328,0.0883,0.346,84.183,203667,4
Wires,The Neighbourhood,modern alternative rock,162401,0.568,0.569,7,-6.013,0,0.0329,0.0004,0.102,0.342,0.266,72.991,193080,4
Yellow Box,The Neighbourhood,modern alternative rock,7767281,0.598,0.575,0,-11.6,0,0.0484,0.0776,0.798,0.0925,0.268,106.972,182760,4
You Get Me So High,The Neighbourhood,modern alternative rock,611785,0.551,0.881,7,-6.099,0,0.0542,0.186,0.0791,0.152,0.387,88.036,153000,4
A New Beginning,Yasumu,lo-fi study,143378,0.695,0.287,0,-14.608,1,0.0499,0.771,0.904,0.362,0.379,128.028,143379,4
Adrift,Kurt Stewart,lo-fi study,124173,0.587,0.0548,6,-22.15,0,0.0345,0.616,0.827,0.0999,0.233,109.905,124174,4
At Night,Yasumu,lo-fi study,128004,0.68,0.114,1,-23.789,0,0.0472,0.894,0.858,0.113,0.0786,110.009,128057,4
At the Sea,Yasumu,lo-fi study,178839,0.619,0.0936,9,-16.143,0,0.0513,0.858,0.938,0.0825,0.329,77.051,178839,4
Beyond,kyu,lo-fi study,120000,0.364,0.316,2,-13.86,1,0.146,0.799,0.917,0.171,0.0381,100.019,120000,3
companion,hi jude,lo-fi study,138000,0.547,0.377,11,-15.64,1,0.0362,0.68,0.945,0.0703,0.0537,80.032,138000,4
haven,steezy prime,lo-fi study,152727,0.629,0.171,2,-17.328,1,0.0556,0.885,0.969,0.101,0.264,88.011,152727,4
morning moon,Kanisan,lo-fi study,136687,0.585,0.172,9,-15.14,0,0.0668,0.732,0.918,0.0971,0.0484,79.939,136687,4
Brighter Days,Yasumu,lo-fi study,143114,0.757,0.113,9,-25.791,1,0.0834,0.715,0.912,0.389,0.154,107.952,129306,3
Bring The Rain,steezy prime,lo-fi study,135529,0.56,0.132,5,-18.225,1,0.0286,0.964,0.923,0.0685,0.28,85.068,135529,4
Clouds,Kayba,lo-fi study,266666,0.636,0.0581,5,-17.576,1,0.0402,0.869,0.925,0.125,0.329,72.096,133333,4
Creating Memories,Yasumu,lo-fi study,124391,0.719,0.181,7,-14.264,0,0.0693,0.768,0.94,0.103,0.101,82.024,124390,4
Day's End,steezy prime,lo-fi study,319998,0.359,0.0535,2,-19.794,1,0.0753,0.903,0.91,0.102,0.0664,179.982,106667,3
Daybreak,Tibeauthetraveler,lo-fi study,331900,0.471,0.143,1,-17.247,1,0.039,0.623,0.869,0.0982,0.244,62.682,165951,4
Daybreak,Yasumu,lo-fi study,153214,0.74,0.333,11,-12.893,0,0.307,0.715,0.923,0.131,0.168,154.054,153214,4
Different Cities,Yasumu,lo-fi study,15034550,0.735,0.15,2,-13.138,0,0.0829,0.901,0.924,0.137,0.313,83.043,130264,4
Discovering,Yasumu,lo-fi study,383780,0.713,0.26,8,-22.457,0,0.0474,0.566,0.883,0.294,0.186,119.996,192000,3
Distant Love,Gerardo Mill√°n,lo-fi study,350384,0.264,0.0689,7,-21.348,1,0.0372,0.978,0.952,0.0822,0.136,73.306,175192,4
Dormant,Kurt Stewart,lo-fi study,384000,0.304,0.034,0,-23.115,1,0.0503,0.978,0.986,0.0681,0.224,75.037,128000,3
Drift Away,Yasumu,lo-fi study,151755,0.644,0.193,0,-24.331,0,0.0551,0.887,0.946,0.0939,0.204,94.045,151755,4
Dusk,Yasumu,lo-fi study,122033,0.666,0.146,9,-16.081,0,0.422,0.912,0.966,0.144,0.12,174.212,122033,3
Fixed Heart,Gerardo Mill√°n,lo-fi study,280040,0.731,0.0459,9,-17.265,0,0.0662,0.977,0.967,0.0972,0.199,120.034,140021,4
Flying Away,Enluv,lo-fi study,151538,0.577,0.309,2,-15.045,1,0.0498,0.718,0.824,0.0747,0.47,77.824,151538,4
Golden Hours,Yasumu,lo-fi study,149757,0.702,0.266,0,-13.452,0,0.0603,0.84,0.908,0.111,0.0569,84.996,149757,4
Growing Up,kyu,lo-fi study,143471,0.597,0.399,8,-14.587,0,0.0454,0.848,0.924,0.109,0.175,75.014,143471,4
Halcyon,Tibeauthetraveler,lo-fi study,408093,0.674,0.147,7,-18.357,0,0.03,0.889,0.855,0.151,0.128,110.065,136031,4
Haven,ENRA,lo-fi study,123382,0.519,0.227,3,-10.158,0,0.0339,0.876,0.753,0.105,0.0472,160.019,123383,4
How We Feel,Yasumu,lo-fi study,149145,0.672,0.201,7,-20.508,0,0.145,0.714,0.922,0.314,0.147,136.024,149145,4
Just Another Day,Epona,lo-fi study,183600,0.642,0.149,6,-13.639,0,0.0405,0.879,0.903,0.103,0.0855,74.942,183600,4
Lantern,Tibeauthetraveler,lo-fi study,359214,0.374,0.194,10,-19.673,0,0.063,0.964,0.912,0.106,0.15,106.027,179607,1
Lavender Fields,Yasumu,lo-fi study,1692426,0.594,0.0535,0,-18.914,0,0.0925,0.65,0.935,0.128,0.0916,61.996,114466,4
Leafy Breeze,Yasumu,lo-fi study,145548,0.786,0.177,1,-23.921,0,0.0897,0.807,0.861,0.128,0.569,139.979,145714,5
Lonely Fox,Gerardo Mill√°n,lo-fi study,446961,0.702,0.0313,9,-23.032,1,0.0407,0.942,0.92,0.1,0.238,116.02,148987,4
Lost in Thoughts,Yasumu,lo-fi study,28136,0.697,0.0996,3,-22.002,1,0.178,0.969,0.389,0.373,0.149,171.903,151112,4
Memory Lane,kyu,lo-fi study,131158,0.655,0.118,0,-16.045,0,0.041,0.87,0.924,0.11,0.0945,134.094,131159,4
Open Sea,Yasumu,lo-fi study,84389,0.59,0.128,6,-14.127,0,0.0782,0.672,0.912,0.216,0.301,82.008,150366,4
Passing By,Yasumu,lo-fi study,114352,0.752,0.251,0,-13.532,0,0.508,0.403,0.887,0.106,0.165,170.014,114353,4
Perspectives,Yasumu,lo-fi study,124012,0.767,0.165,8,-14.837,0,0.421,0.701,0.822,0.109,0.404,81.003,124012,4
Pristine,Yasumu,lo-fi study,164825,0.594,0.402,11,-17.937,0,0.211,0.841,0.947,0.0793,0.343,79.162,164826,4
Promenades,Yasumu,lo-fi study,122015,0.653,0.294,9,-17.487,1,0.0576,0.614,0.828,0.188,0.163,79.976,122016,4
Purpose,Gerardo Mill√°n,lo-fi study,340652,0.593,0.127,7,-20.472,0,0.0343,0.958,0.963,0.363,0.0725,120.099,170327,4
Repressed Emotions,Yasumu,lo-fi study,141176,0.646,0.0427,2,-15.081,0,0.34,0.803,0.933,0.0966,0.161,170.017,141176,4
Reveries,Hoogway,lo-fi study,247400,0.569,0.0595,6,-23.604,0,0.0369,0.921,0.854,0.0876,0.227,128.024,123873,4
Rooftop Diaries,Ambulo,lo-fi study,141025,0.639,0.235,10,-10.637,0,0.196,0.819,0.871,0.113,0.101,79.872,141026,5
Sakura,Osaki,lo-fi study,123789,0.81,0.23,8,-17.331,1,0.04,0.969,0.908,0.109,0.308,95.014,123789,4
Sanctuary,kyu,lo-fi study,141600,0.378,0.294,5,-13.917,0,0.0322,0.922,0.95,0.106,0.154,74.919,141600,3
Searching for Answers,Yasumu,lo-fi study,141736,0.639,0.067,5,-24.718,0,0.0798,0.821,0.924,0.358,0.134,88.003,141818,4
Spark,kyu,lo-fi study,151017,0.849,0.308,9,-11.735,0,0.0367,0.937,0.859,0.102,0.0986,105.001,151018,3
Together,Gerardo Mill√°n,lo-fi study,417672,0.649,0.0454,2,-19.552,1,0.0363,0.968,0.872,0.116,0.148,100.039,139225,4
Twilight,steezy prime,lo-fi study,268800,0.815,0.0403,4,-19.204,1,0.0678,0.958,0.922,0.11,0.383,100.005,134400,4
Until Forever,Yasumu,lo-fi study,127760,0.638,0.124,10,-20.872,0,0.0725,0.881,0.904,0.208,0.185,90.008,127944,4
Until We Meet Again,Peak Twilight,lo-fi study,189250,0.801,0.122,5,-14.517,0,0.0443,0.907,0.929,0.102,0.147,75.025,189250,4
We Met,Yasumu,lo-fi study,435251,0.702,0.438,7,-13.475,0,0.0476,0.695,0.892,0.382,0.344,129.969,141442,4
Wooden Cabin,Yasumu,lo-fi study,278461,0.63,0.175,0,-24.782,0,0.329,0.847,0.949,0.109,0.351,146.07,139315,4
You are my moon,Gerardo Mill√°n,lo-fi study,279318,0.755,0.085,1,-14.464,1,0.0363,0.94,0.936,0.136,0.259,109.969,139659,4
A New Beginning,Yasumu,lo-fi study,143378,0.695,0.287,0,-14.608,1,0.0499,0.771,0.904,0.362,0.379,128.028,143379,4
Adrift,Kurt Stewart,lo-fi study,124173,0.587,0.0548,6,-22.15,0,0.0345,0.616,0.827,0.0999,0.233,109.905,124174,4
At Night,Yasumu,lo-fi study,128004,0.68,0.114,1,-23.789,0,0.0472,0.894,0.858,0.113,0.0786,110.009,128057,4
At the Sea,Yasumu,lo-fi study,178839,0.619,0.0936,9,-16.143,0,0.0513,0.858,0.938,0.0825,0.329,77.051,178839,4
Beyond,kyu,lo-fi study,120000,0.364,0.316,2,-13.86,1,0.146,0.799,0.917,0.171,0.0381,100.019,120000,3
companion,hi jude,lo-fi study,138000,0.547,0.377,11,-15.64,1,0.0362,0.68,0.945,0.0703,0.0537,80.032,138000,4
haven,steezy prime,lo-fi study,152727,0.629,0.171,2,-17.328,1,0.0556,0.885,0.969,0.101,0.264,88.011,152727,4
morning moon,Kanisan,lo-fi study,136687,0.585,0.172,9,-15.14,0,0.0668,0.732,0.918,0.0971,0.0484,79.939,136687,4
Brighter Days,Yasumu,lo-fi study,143114,0.757,0.113,9,-25.791,1,0.0834,0.715,0.912,0.389,0.154,107.952,129306,3
Bring The Rain,steezy prime,lo-fi study,135529,0.56,0.132,5,-18.225,1,0.0286,0.964,0.923,0.0685,0.28,85.068,135529,4
Clouds,Kayba,lo-fi study,266666,0.636,0.0581,5,-17.576,1,0.0402,0.869,0.925,0.125,0.329,72.096,133333,4
Creating Memories,Yasumu,lo-fi study,124391,0.719,0.181,7,-14.264,0,0.0693,0.768,0.94,0.103,0.101,82.024,124390,4
Day's End,steezy prime,lo-fi study,319998,0.359,0.0535,2,-19.794,1,0.0753,0.903,0.91,0.102,0.0664,179.982,106667,3
Daybreak,Tibeauthetraveler,lo-fi study,331900,0.471,0.143,1,-17.247,1,0.039,0.623,0.869,0.0982,0.244,62.682,165951,4
Daybreak,Yasumu,lo-fi study,153214,0.74,0.333,11,-12.893,0,0.307,0.715,0.923,0.131,0.168,154.054,153214,4
Different Cities,Yasumu,lo-fi study,15034550,0.735,0.15,2,-13.138,0,0.0829,0.901,0.924,0.137,0.313,83.043,130264,4
Discovering,Yasumu,lo-fi study,383780,0.713,0.26,8,-22.457,0,0.0474,0.566,0.883,0.294,0.186,119.996,192000,3
Distant Love,Gerardo Mill√°n,lo-fi study,350384,0.264,0.0689,7,-21.348,1,0.0372,0.978,0.952,0.0822,0.136,73.306,175192,4
Dormant,Kurt Stewart,lo-fi study,384000,0.304,0.034,0,-23.115,1,0.0503,0.978,0.986,0.0681,0.224,75.037,128000,3
Drift Away,Yasumu,lo-fi study,151755,0.644,0.193,0,-24.331,0,0.0551,0.887,0.946,0.0939,0.204,94.045,151755,4
Dusk,Yasumu,lo-fi study,122033,0.666,0.146,9,-16.081,0,0.422,0.912,0.966,0.144,0.12,174.212,122033,3
Fixed Heart,Gerardo Mill√°n,lo-fi study,280040,0.731,0.0459,9,-17.265,0,0.0662,0.977,0.967,0.0972,0.199,120.034,140021,4
Flying Away,Enluv,lo-fi study,151538,0.577,0.309,2,-15.045,1,0.0498,0.718,0.824,0.0747,0.47,77.824,151538,4
Golden Hours,Yasumu,lo-fi study,149757,0.702,0.266,0,-13.452,0,0.0603,0.84,0.908,0.111,0.0569,84.996,149757,4
Growing Up,kyu,lo-fi study,143471,0.597,0.399,8,-14.587,0,0.0454,0.848,0.924,0.109,0.175,75.014,143471,4
Halcyon,Tibeauthetraveler,lo-fi study,408093,0.674,0.147,7,-18.357,0,0.03,0.889,0.855,0.151,0.128,110.065,136031,4
Haven,ENRA,lo-fi study,123382,0.519,0.227,3,-10.158,0,0.0339,0.876,0.753,0.105,0.0472,160.019,123383,4
How We Feel,Yasumu,lo-fi study,149145,0.672,0.201,7,-20.508,0,0.145,0.714,0.922,0.314,0.147,136.024,149145,4
Just Another Day,Epona,lo-fi study,183600,0.642,0.149,6,-13.639,0,0.0405,0.879,0.903,0.103,0.0855,74.942,183600,4
Lantern,Tibeauthetraveler,lo-fi study,359214,0.374,0.194,10,-19.673,0,0.063,0.964,0.912,0.106,0.15,106.027,179607,1
Lavender Fields,Yasumu,lo-fi study,1692426,0.594,0.0535,0,-18.914,0,0.0925,0.65,0.935,0.128,0.0916,61.996,114466,4
Leafy Breeze,Yasumu,lo-fi study,145548,0.786,0.177,1,-23.921,0,0.0897,0.807,0.861,0.128,0.569,139.979,145714,5
Lonely Fox,Gerardo Mill√°n,lo-fi study,446961,0.702,0.0313,9,-23.032,1,0.0407,0.942,0.92,0.1,0.238,116.02,148987,4
Lost in Thoughts,Yasumu,lo-fi study,28136,0.697,0.0996,3,-22.002,1,0.178,0.969,0.389,0.373,0.149,171.903,151112,4
Memory Lane,kyu,lo-fi study,131158,0.655,0.118,0,-16.045,0,0.041,0.87,0.924,0.11,0.0945,134.094,131159,4
Open Sea,Yasumu,lo-fi study,84389,0.59,0.128,6,-14.127,0,0.0782,0.672,0.912,0.216,0.301,82.008,150366,4
Passing By,Yasumu,lo-fi study,114352,0.752,0.251,0,-13.532,0,0.508,0.403,0.887,0.106,0.165,170.014,114353,4
Perspectives,Yasumu,lo-fi study,124012,0.767,0.165,8,-14.837,0,0.421,0.701,0.822,0.109,0.404,81.003,124012,4
Pristine,Yasumu,lo-fi study,164825,0.594,0.402,11,-17.937,0,0.211,0.841,0.947,0.0793,0.343,79.162,164826,4
Promenades,Yasumu,lo-fi study,122015,0.653,0.294,9,-17.487,1,0.0576,0.614,0.828,0.188,0.163,79.976,122016,4
Purpose,Gerardo Mill√°n,lo-fi study,340652,0.593,0.127,7,-20.472,0,0.0343,0.958,0.963,0.363,0.0725,120.099,170327,4
Repressed Emotions,Yasumu,lo-fi study,141176,0.646,0.0427,2,-15.081,0,0.34,0.803,0.933,0.0966,0.161,170.017,141176,4
Reveries,Hoogway,lo-fi study,247400,0.569,0.0595,6,-23.604,0,0.0369,0.921,0.854,0.0876,0.227,128.024,123873,4
Rooftop Diaries,Ambulo,lo-fi study,141025,0.639,0.235,10,-10.637,0,0.196,0.819,0.871,0.113,0.101,79.872,141026,5
Sakura,Osaki,lo-fi study,123789,0.81,0.23,8,-17.331,1,0.04,0.969,0.908,0.109,0.308,95.014,123789,4
Sanctuary,kyu,lo-fi study,141600,0.378,0.294,5,-13.917,0,0.0322,0.922,0.95,0.106,0.154,74.919,141600,3
Searching for Answers,Yasumu,lo-fi study,141736,0.639,0.067,5,-24.718,0,0.0798,0.821,0.924,0.358,0.134,88.003,141818,4
Spark,kyu,lo-fi study,151017,0.849,0.308,9,-11.735,0,0.0367,0.937,0.859,0.102,0.0986,105.001,151018,3
Together,Gerardo Mill√°n,lo-fi study,417672,0.649,0.0454,2,-19.552,1,0.0363,0.968,0.872,0.116,0.148,100.039,139225,4
Twilight,steezy prime,lo-fi study,268800,0.815,0.0403,4,-19.204,1,0.0678,0.958,0.922,0.11,0.383,100.005,134400,4
Until Forever,Yasumu,lo-fi study,127760,0.638,0.124,10,-20.872,0,0.0725,0.881,0.904,0.208,0.185,90.008,127944,4
Until We Meet Again,Peak Twilight,lo-fi study,189250,0.801,0.122,5,-14.517,0,0.0443,0.907,0.929,0.102,0.147,75.025,189250,4
We Met,Yasumu,lo-fi study,435251,0.702,0.438,7,-13.475,0,0.0476,0.695,0.892,0.382,0.344,129.969,141442,4
Wooden Cabin,Yasumu,lo-fi study,278461,0.63,0.175,0,-24.782,0,0.329,0.847,0.949,0.109,0.351,146.07,139315,4
You are my moon,Gerardo Mill√°n,lo-fi study,279318,0.755,0.085,1,-14.464,1,0.0363,0.94,0.936,0.136,0.259,109.969,139659,4
A Different Way (with Lauv),DJ Snake,edm,66060,0.784,0.757,8,-3.912,1,0.0384,0.495,1.18e-06,0.142,0.587,104.996,198286,4
Baby I'm A Queen,Sofi Tukker,edm,208520,0.642,0.813,6,-4.394,0,0.0305,0.00147,0.761,0.363,0.202,119.965,208520,4
Beats Knockin (feat. Fly Boi Keno),Jack √ú,edm,90718,0.814,0.951,11,-1.981,1,0.0715,0.0118,0,0.628,0.264,104.003,173077,4
Beautiful Creatures (feat. MAX),ILLENIUM,edm,240508,0.578,0.826,0,-4.577,0,0.0796,0.0668,0.00074,0.367,0.216,117.048,240508,4
Blood (with Foy Vance),ILLENIUM,edm,905561,0.358,0.896,4,-4.547,0,0.159,0.083,0.0014,0.372,0.1,75.192,248000,4
Broken Summer,DJ Snake,edm,3987042,0.683,0.415,10,-10.72,0,0.0841,0.0918,6.34e-06,0.149,0.554,81.006,183779,4
Cinema - Skrillex Remix,Benny Benassi,edm,33161,0.637,0.985,6,-3.809,0,0.184,0.00988,0.00857,0.0649,0.374,145.111,307862,4
Close Your Eyes,Felix Jaehn,edm,1841106,0.844,0.818,2,-3.727,1,0.2,0.0743,1.28e-05,0.112,0.536,128.094,159963,4
Close to You (feat. PollyAnna),Steve Aoki,edm,80,0.572,0.904,0,-3.814,1,0.042,0.0167,0.00252,0.31,0.374,150.086,190400,4
Crawl Outta Love,ILLENIUM,edm,1661219,0.377,0.723,7,-2.951,1,0.046,0.181,0,0.0815,0.167,84.139,242012,4
Devil Eyes,Hippie Sabotage,edm,729053,0.391,0.396,1,-8.621,0,0.189,0.702,0.405,0.315,0.199,99.112,131272,5
Dreamer,Axwell /\ Ingrosso,edm,1495293,0.627,0.847,10,-5.303,1,0.0352,0.0237,0,0.212,0.611,126.017,251147,4
Electricity (with Dua Lipa),Silk City,edm,86311,0.588,0.67,0,-6.439,1,0.0473,0.0104,3.33e-06,0.338,0.505,118.159,238173,4
Febreze (feat. 2 Chainz),Jack √ú,edm,44343,0.68,0.983,2,-3.51,1,0.333,0.0184,0,0.289,0.263,149.829,214400,4
Firestone,Kygo,edm,1882370,0.704,0.634,11,-7.374,0,0.0428,0.393,3.17e-05,0.0952,0.411,113.927,271640,4
Footprints - Mokita Remix,Morgan Page,edm,153964,0.421,0.461,4,-12.708,1,0.0636,0.317,0,0.189,0.162,139.931,153979,4
Hate You + Love You (feat. AJ Mitchell),Cheat Codes,edm,1808408,0.755,0.689,5,-4.463,1,0.0305,0.0693,0,0.394,0.638,140.013,198874,4
Heaven Takes You Home (feat. Connie Constance),Swedish House Mafia,edm,2120,0.665,0.738,0,-5.931,0,0.0379,0.0124,0.00598,0.0923,0.0389,125.037,214071,4
Hold You Tonight (with Chris Lane),Gryffin,edm,1012820,0.467,0.795,11,-3.6,1,0.0687,0.102,0,0.264,0.472,163.837,219354,4
Hole In My Heart (with Livingston),Louis The Child,edm,82611,0.813,0.702,7,-5.313,0,0.103,0.0144,0,0.211,0.65,124.06,171327,4
Jungle Bae (feat. Bunji Garlin & MX Prime),Jack √ú,edm,182215,0.744,0.997,2,-1.325,1,0.13,0.0304,0.00256,0.0737,0.558,127.975,208125,4
Let Me Love You,DJ Snake,edm,64207,0.649,0.716,8,-5.371,1,0.0349,0.0863,2.63e-05,0.135,0.163,99.988,205947,4
Let You Go,Diplo,edm,332307,0.584,0.955,7,-4.197,0,0.0507,0.101,0.00243,0.092,0.486,128.04,234375,4
Levels - Skrillex Remix,Avicii,edm,157761,0.615,0.91,5,-2.825,0,0.0762,0.00761,0.00636,0.16,0.346,139.997,281147,4
Little Things (with Quinn XCII & Chelsea Cutler),Louis The Child,edm,2453668,0.553,0.636,6,-4.38,1,0.152,0.189,0,0.0779,0.53,81.969,197453,4
Lonely Together (feat. Rita Ora),Avicii,edm,2497147,0.655,0.666,5,-5.309,1,0.0612,0.134,2.12e-05,0.0683,0.272,102.977,181812,4
Mind (feat. Kai),Jack √ú,edm,5169824,0.502,0.777,1,-4.627,1,0.0934,0.117,2.91e-06,0.0957,0.356,174.153,242069,4
More Than You Know,Axwell /\ Ingrosso,edm,203000,0.646,0.741,5,-4.973,0,0.034,0.0275,0,0.312,0.571,123.077,203000,4
Need Your Love (with Noah Kahan),Gryffin,edm,205786,0.581,0.76,0,-3.962,1,0.0406,0.16,0,0.183,0.523,104.099,205787,4
Nightlight,ILLENIUM,edm,2311306,0.494,0.651,11,-4.127,0,0.0384,0.0819,0,0.104,0.162,149.979,222400,4
No Promises (feat. Demi Lovato),Cheat Codes,edm,530339,0.739,0.619,10,-6.669,1,0.162,0.0572,0,0.105,0.58,112.961,222787,4
Not Ok - Frank Walker Remix,Kygo,edm,1258037,0.679,0.866,2,-3.754,1,0.0566,0.0337,0,0.0688,0.441,121.927,183934,4
On My Way,Axwell /\ Ingrosso,edm,13268,0.646,0.814,0,-4.547,1,0.0433,0.0583,6.42e-05,0.118,0.326,127.978,264800,4
Payback (feat. Icona Pop),Cheat Codes,edm,518246,0.672,0.8,7,-4.919,0,0.0372,0.113,0.000302,0.132,0.8,118.013,203412,4
Renegade,Axwell /\ Ingrosso,edm,6490669,0.657,0.839,0,-5.397,1,0.0686,0.00602,0.00452,0.0871,0.547,120.054,191893,4
Safe With Me (with Audrey Mika),Gryffin,edm,2901250,0.497,0.757,11,-4.189,1,0.127,0.0449,0,0.119,0.507,169.902,205165,4
So What (feat. A R I Z O N A),Louis The Child,edm,156875,0.799,0.791,2,-5.173,1,0.109,0.3,0.00089,0.104,0.651,119.993,177476,4
Stranger Things (feat. OneRepublic),Kygo,edm,5460012,0.659,0.742,0,-4.624,1,0.0283,0.146,0,0.217,0.729,106.947,178413,4
That‚Äôs Why (with GOLDN),ILLENIUM,edm,687889,0.487,0.621,2,-4.676,1,0.0333,0.091,0,0.132,0.178,140.04,252913,4
The Nights,Avicii,edm,370220,0.527,0.835,6,-5.298,1,0.0433,0.0166,0,0.249,0.654,125.983,176658,4
This Town (feat. Sasha Alex Sloan),Kygo,edm,76360841,0.736,0.449,10,-7.956,0,0.0633,0.506,6.63e-05,0.117,0.487,147.971,202280,4
Tie Me Down (with Elley Duh√©),Gryffin,edm,218295,0.608,0.845,6,-2.292,1,0.0597,0.136,0,0.111,0.322,98.976,218240,4
To √ú (feat. AlunaGeorge),Jack √ú,edm,104748,0.485,0.928,10,-3.451,0,0.445,0.134,2.92e-05,0.217,0.348,160.165,237000,4
Try Me (with Plastic Toy),DJ Snake,edm,13010,0.68,0.703,7,-3.36,0,0.0439,0.839,0.0218,0.0863,0.193,102.289,198405,4
Turn Down for What,DJ Snake,edm,2222,0.818,0.799,1,-4.1,0,0.156,0.00107,0.128,0.057,0.0815,100.014,213733,4
Waiting,Vicetone,edm,69239,0.651,0.7,1,-4.264,0,0.0318,0.352,0,0.061,0.214,104.964,205714,4
Waiting For Love,Avicii,edm,1414576,0.579,0.736,6,-3.863,0,0.0527,0.31,0,0.198,0.613,127.999,230613,4
Where Are √ú Now (with Justin Bieber),Jack √ú,edm,218947,0.432,0.781,4,-4.038,0,0.0567,0.041,4.21e-06,0.0789,0.197,139.432,250286,4
You & Me - Flume Remix,Disclosure,edm,2151407,0.593,0.392,10,-6.872,0,0.0257,0.382,0.000114,0.131,0.25,75.065,282813,4
A Different Way (with Lauv),DJ Snake,edm,66060,0.784,0.757,8,-3.912,1,0.0384,0.495,1.18e-06,0.142,0.587,104.996,198286,4
Baby I'm A Queen,Sofi Tukker,edm,208520,0.642,0.813,6,-4.394,0,0.0305,0.00147,0.761,0.363,0.202,119.965,208520,4
Beats Knockin (feat. Fly Boi Keno),Jack √ú,edm,90718,0.814,0.951,11,-1.981,1,0.0715,0.0118,0,0.628,0.264,104.003,173077,4
Beautiful Creatures (feat. MAX),ILLENIUM,edm,240508,0.578,0.826,0,-4.577,0,0.0796,0.0668,0.00074,0.367,0.216,117.048,240508,4
Blood (with Foy Vance),ILLENIUM,edm,905561,0.358,0.896,4,-4.547,0,0.159,0.083,0.0014,0.372,0.1,75.192,248000,4
Broken Summer,DJ Snake,edm,3987042,0.683,0.415,10,-10.72,0,0.0841,0.0918,6.34e-06,0.149,0.554,81.006,183779,4
Cinema - Skrillex Remix,Benny Benassi,edm,33161,0.637,0.985,6,-3.809,0,0.184,0.00988,0.00857,0.0649,0.374,145.111,307862,4
Close Your Eyes,Felix Jaehn,edm,1841106,0.844,0.818,2,-3.727,1,0.2,0.0743,1.28e-05,0.112,0.536,128.094,159963,4
Close to You (feat. PollyAnna),Steve Aoki,edm,80,0.572,0.904,0,-3.814,1,0.042,0.0167,0.00252,0.31,0.374,150.086,190400,4
Crawl Outta Love,ILLENIUM,edm,1661219,0.377,0.723,7,-2.951,1,0.046,0.181,0,0.0815,0.167,84.139,242012,4
Devil Eyes,Hippie Sabotage,edm,729053,0.391,0.396,1,-8.621,0,0.189,0.702,0.405,0.315,0.199,99.112,131272,5
Dreamer,Axwell /\ Ingrosso,edm,1495293,0.627,0.847,10,-5.303,1,0.0352,0.0237,0,0.212,0.611,126.017,251147,4
Electricity (with Dua Lipa),Silk City,edm,86311,0.588,0.67,0,-6.439,1,0.0473,0.0104,3.33e-06,0.338,0.505,118.159,238173,4
Febreze (feat. 2 Chainz),Jack √ú,edm,44343,0.68,0.983,2,-3.51,1,0.333,0.0184,0,0.289,0.263,149.829,214400,4
Firestone,Kygo,edm,1882370,0.704,0.634,11,-7.374,0,0.0428,0.393,3.17e-05,0.0952,0.411,113.927,271640,4
Footprints - Mokita Remix,Morgan Page,edm,153964,0.421,0.461,4,-12.708,1,0.0636,0.317,0,0.189,0.162,139.931,153979,4
Hate You + Love You (feat. AJ Mitchell),Cheat Codes,edm,1808408,0.755,0.689,5,-4.463,1,0.0305,0.0693,0,0.394,0.638,140.013,198874,4
Heaven Takes You Home (feat. Connie Constance),Swedish House Mafia,edm,2120,0.665,0.738,0,-5.931,0,0.0379,0.0124,0.00598,0.0923,0.0389,125.037,214071,4
Hold You Tonight (with Chris Lane),Gryffin,edm,1012820,0.467,0.795,11,-3.6,1,0.0687,0.102,0,0.264,0.472,163.837,219354,4
Hole In My Heart (with Livingston),Louis The Child,edm,82611,0.813,0.702,7,-5.313,0,0.103,0.0144,0,0.211,0.65,124.06,171327,4
Jungle Bae (feat. Bunji Garlin & MX Prime),Jack √ú,edm,182215,0.744,0.997,2,-1.325,1,0.13,0.0304,0.00256,0.0737,0.558,127.975,208125,4
Let Me Love You,DJ Snake,edm,64207,0.649,0.716,8,-5.371,1,0.0349,0.0863,2.63e-05,0.135,0.163,99.988,205947,4
Let You Go,Diplo,edm,332307,0.584,0.955,7,-4.197,0,0.0507,0.101,0.00243,0.092,0.486,128.04,234375,4
Levels - Skrillex Remix,Avicii,edm,157761,0.615,0.91,5,-2.825,0,0.0762,0.00761,0.00636,0.16,0.346,139.997,281147,4
Little Things (with Quinn XCII & Chelsea Cutler),Louis The Child,edm,2453668,0.553,0.636,6,-4.38,1,0.152,0.189,0,0.0779,0.53,81.969,197453,4
Lonely Together (feat. Rita Ora),Avicii,edm,2497147,0.655,0.666,5,-5.309,1,0.0612,0.134,2.12e-05,0.0683,0.272,102.977,181812,4
Mind (feat. Kai),Jack √ú,edm,5169824,0.502,0.777,1,-4.627,1,0.0934,0.117,2.91e-06,0.0957,0.356,174.153,242069,4
More Than You Know,Axwell /\ Ingrosso,edm,203000,0.646,0.741,5,-4.973,0,0.034,0.0275,0,0.312,0.571,123.077,203000,4
Need Your Love (with Noah Kahan),Gryffin,edm,205786,0.581,0.76,0,-3.962,1,0.0406,0.16,0,0.183,0.523,104.099,205787,4
Nightlight,ILLENIUM,edm,2311306,0.494,0.651,11,-4.127,0,0.0384,0.0819,0,0.104,0.162,149.979,222400,4
No Promises (feat. Demi Lovato),Cheat Codes,edm,530339,0.739,0.619,10,-6.669,1,0.162,0.0572,0,0.105,0.58,112.961,222787,4
Not Ok - Frank Walker Remix,Kygo,edm,1258037,0.679,0.866,2,-3.754,1,0.0566,0.0337,0,0.0688,0.441,121.927,183934,4
On My Way,Axwell /\ Ingrosso,edm,13268,0.646,0.814,0,-4.547,1,0.0433,0.0583,6.42e-05,0.118,0.326,127.978,264800,4
Payback (feat. Icona Pop),Cheat Codes,edm,518246,0.672,0.8,7,-4.919,0,0.0372,0.113,0.000302,0.132,0.8,118.013,203412,4
Renegade,Axwell /\ Ingrosso,edm,6490669,0.657,0.839,0,-5.397,1,0.0686,0.00602,0.00452,0.0871,0.547,120.054,191893,4
Safe With Me (with Audrey Mika),Gryffin,edm,2901250,0.497,0.757,11,-4.189,1,0.127,0.0449,0,0.119,0.507,169.902,205165,4
So What (feat. A R I Z O N A),Louis The Child,edm,156875,0.799,0.791,2,-5.173,1,0.109,0.3,0.00089,0.104,0.651,119.993,177476,4
Stranger Things (feat. OneRepublic),Kygo,edm,5460012,0.659,0.742,0,-4.624,1,0.0283,0.146,0,0.217,0.729,106.947,178413,4
That‚Äôs Why (with GOLDN),ILLENIUM,edm,687889,0.487,0.621,2,-4.676,1,0.0333,0.091,0,0.132,0.178,140.04,252913,4
The Nights,Avicii,edm,370220,0.527,0.835,6,-5.298,1,0.0433,0.0166,0,0.249,0.654,125.983,176658,4
This Town (feat. Sasha Alex Sloan),Kygo,edm,76360841,0.736,0.449,10,-7.956,0,0.0633,0.506,6.63e-05,0.117,0.487,147.971,202280,4
Tie Me Down (with Elley Duh√©),Gryffin,edm,218295,0.608,0.845,6,-2.292,1,0.0597,0.136,0,0.111,0.322,98.976,218240,4
To √ú (feat. AlunaGeorge),Jack √ú,edm,104748,0.485,0.928,10,-3.451,0,0.445,0.134,2.92e-05,0.217,0.348,160.165,237000,4
Try Me (with Plastic Toy),DJ Snake,edm,13010,0.68,0.703,7,-3.36,0,0.0439,0.839,0.0218,0.0863,0.193,102.289,198405,4
Turn Down for What,DJ Snake,edm,2222,0.818,0.799,1,-4.1,0,0.156,0.00107,0.128,0.057,0.0815,100.014,213733,4
Waiting,Vicetone,edm,69239,0.651,0.7,1,-4.264,0,0.0318,0.352,0,0.061,0.214,104.964,205714,4
Waiting For Love,Avicii,edm,1414576,0.579,0.736,6,-3.863,0,0.0527,0.31,0,0.198,0.613,127.999,230613,4
Where Are √ú Now (with Justin Bieber),Jack √ú,edm,218947,0.432,0.781,4,-4.038,0,0.0567,0.041,4.21e-06,0.0789,0.197,139.432,250286,4
You & Me - Flume Remix,Disclosure,edm,2151407,0.593,0.392,10,-6.872,0,0.0257,0.382,0.000114,0.131,0.25,75.065,282813,4
After Rain,Aimer,anime,292600,0.653,0.783,10,-3.859,1,0.0298,0.00949,0,0.0791,0.636,119.992,292760,4
Ao No Waltz,Eve,anime,32633636,0.417,0.52,3,-4.872,1,0.0324,0.19,0,0.0783,0.346,123.934,277337,3
BB's Theme,Ludvig Forssell,anime,4875500,0.282,0.428,1,-9.812,0,0.0311,0.227,0.000158,0.0897,0.0392,83.608,316520,4
BRIDGES,Ludvig Forssell,anime,6246,0.352,0.528,2,-19.93,1,0.0391,0.901,0.943,0.128,0.189,102.013,208373,4
Yuyu Meimei,Eve,anime,418454,0.686,0.586,7,-4.284,1,0.0366,0.064,0,0.0743,0.578,121.976,209356,4
„Ç∑„É´„Ç®„ÉÉ„Éà,KANA-BOON,anime,2444444,0.436,0.934,2,-2.685,1,0.0507,1.03e-05,0.14,0.321,0.384,91.481,240133,4
„Çª„É≥„ÉÅ„É°„Éº„Éà„É´,the peggies,anime,226832,0.564,0.922,2,-2.303,1,0.0368,0.00198,5.03e-06,0.231,0.828,139.962,227013,4
„Éï„Ç£„ÇØ„Ç∑„Éß„É≥,sumika,anime,236920,0.658,0.94,2,-2.427,1,0.0339,0.144,0,0.101,0.694,122.992,230760,4
‰∫îÊúàÈõ®,Yasuharu Takanashi,anime,4327009,0.439,0.129,2,-15.99,0,0.0328,0.674,0.96,0.114,0.14,111.654,207720,4
‰∫∫Êü±Âäõ,Yasuharu Takanashi,anime,47823,0.356,0.691,9,-10.641,0,0.0391,0.0693,0.885,0.31,0.147,74.967,121427,4
‰ªªÂãô,Yasuharu Takanashi,anime,3389,0.72,0.484,1,-14.911,1,0.0755,0.0464,0.741,0.227,0.583,159.919,103573,4
Âá∫Èô£,Yasuharu Takanashi,anime,129798,0.406,0.671,6,-9.169,0,0.0387,0.0897,0.964,0.121,0.232,94.942,129973,3
ÂãïÂ§©,Yasuharu Takanashi,anime,118304,0.48,0.934,1,-8.811,1,0.0575,0.000132,0.375,0.103,0.512,154.953,183507,4
ÂçÉËªç‰∏áÈ¶¨,Yasuharu Takanashi,anime,67887,0.169,0.241,9,-12.577,1,0.0357,0.586,0.942,0.0665,0.0734,125.408,111160,5
Âè§‰ªäÁÑ°Âèå,Yasuharu Takanashi,anime,23871,0.164,0.227,5,-14.343,1,0.0333,0.786,0.823,0.375,0.0818,170.093,97320,4
ÂìÄÈ¥ªÈÅçÈáé,Yasuharu Takanashi,anime,7407,0.0901,0.0985,9,-19.422,0,0.046,0.964,0.975,0.159,0.0298,56.872,121853,4
Â§±ÊÑè,Yasuharu Takanashi,anime,119781,0.272,0.122,4,-16.359,0,0.0376,0.966,0.914,0.089,0.0629,60.337,120827,4
Â≠§Áã¨,Yasuharu Takanashi,anime,126009,0.225,0.0619,2,-14.858,0,0.0329,0.847,0.687,0.15,0.0988,57.762,126227,4
ÂØæÂ≥ô,Yasuharu Takanashi,anime,8457,0.557,0.652,4,-11.127,1,0.0417,0.0202,0.336,0.1,0.189,120.081,124027,4
Â∏∞ÈÉ∑,Yasuharu Takanashi,anime,36399,0.22,0.17,0,-13.487,1,0.0343,0.799,0.792,0.0792,0.0822,127.264,110480,4
ÊÄ™Áï∞,Yasuharu Takanashi,anime,30264,0.436,0.634,4,-12.37,1,0.0335,0.109,0.858,0.108,0.125,79.995,158787,4
ÊÇ≤Â£Æ,Yasuharu Takanashi,anime,8764,0.148,0.484,4,-12.733,0,0.0435,0.325,0.704,0.152,0.0414,141.451,150067,4
ÊöÅ,Yasuharu Takanashi,anime,16800,0.365,0.442,0,-11.113,1,0.0363,0.372,0.453,0.115,0.047,80.057,122133,4
ÊöóÈõ≤,Yasuharu Takanashi,anime,78561,0.278,0.354,9,-16.829,0,0.0357,9.29e-05,0.502,0.17,0.0931,159.883,100360,4
ÁñæÈ¢®‰ºù,Yasuharu Takanashi,anime,154027,0.431,0.9,11,-8.631,1,0.0537,0.0035,0.822,0.383,0.45,155.075,125987,4
ÁôæËä±Áπö‰π±,Yasuharu Takanashi,anime,133197,0.474,0.9,4,-12.397,0,0.0424,0.0211,0.962,0.0967,0.172,129.934,133307,4
Á©∫Ëùâ,Yasuharu Takanashi,anime,4999,0.225,0.156,2,-17.042,0,0.0363,0.895,0.713,0.161,0.0415,98.63,175267,4
ËÜ†ÁùÄ,Yasuharu Takanashi,anime,13260,0.451,0.469,4,-12.536,0,0.0431,0.602,0.881,0.312,0.271,139.979,153520,4
ËêΩÊó•,Yasuharu Takanashi,anime,12444,0.276,0.177,2,-16.791,1,0.0336,0.726,0.723,0.148,0.0394,100.16,115400,4
ËñÑÊöÆ,Yasuharu Takanashi,anime,20041,0.15,0.194,4,-15.769,0,0.0381,0.932,0.0185,0.162,0.113,93.858,100507,4
ÈõªÂÖâÁü≥ÁÅ´,Yasuharu Takanashi,anime,8682,0.487,0.851,0,-10.867,1,0.0569,0.192,0.88,0.135,0.276,145.019,136120,3
Bubble (feat. Uta),Eve,anime,347179,0.541,0.803,5,-4.725,1,0.033,0.0134,0,0.101,0.442,146,226874,4
Bubble feat.Uta,Eve,anime,557658,0.541,0.803,5,-4.725,1,0.033,0.0134,0,0.101,0.442,146,226874,4
Bubble feat.Uta - TeddyLoid Remix,Eve,anime,609946,0.53,0.928,5,-2.859,1,0.0613,0.0219,0,0.318,0.363,146.041,203014,4
Byouka,Eve,anime,509939,0.478,0.293,3,-9.243,1,0.0286,0.819,0.00135,0.0811,0.41,72.083,244377,4
Face My Fears (Japanese Version),Hikaru Utada,anime,98520,0.626,0.729,1,-6.785,0,0.102,0.0135,0,0.133,0.441,159.762,222013,3
Kaikai Kitan,Eve,anime,3841401,0.584,0.911,5,-3.515,0,0.09,0.0119,0,0.119,0.606,92.502,221426,4
Kokoroyohou,Eve,anime,2887908,0.718,0.831,3,-3.213,1,0.0758,0.116,0,0.305,0.761,142.942,199995,4
Myojo Galactica,Eve,anime,30353,0.533,0.948,8,-3.184,1,0.0484,0.00419,0,0.118,0.744,154.034,188002,4
Parabola,Official HIGE DANdism,anime,300967,0.597,0.769,0,-6.081,0,0.032,0.00888,0,0.191,0.498,124.011,305813,4
Perfect Day,supercell,anime,286261,0.417,0.793,4,-3.072,1,0.0438,0.0941,0,0.0935,0.289,155.015,286373,4
Q&A „É™„Çµ„Ç§„Çø„É´!,Haruka Tomatsu,anime,224308,0.507,0.972,7,-1.488,1,0.162,0.103,4.54e-06,0.319,0.856,182.119,289800,4
Re:member,FLOW,anime,10225,0.404,0.901,8,-5.991,0,0.0616,0.0035,0,0.0924,0.715,171.948,199560,4
Shinkai,Eve,anime,4592258,0.621,0.778,11,-3.818,1,0.0284,0.00378,2.52e-05,0.103,0.602,122.98,266309,4
Sign,FLOW,anime,2264696,0.363,0.914,11,-2.899,0,0.0983,0.00183,0,0.335,0.678,177.968,236427,4
Sign,ÂÜÖÁî∞ÂΩ©,anime,3232940,0.633,0.854,1,-3.506,1,0.044,0.0275,0,0.337,0.81,101.972,233960,4
Yakusoku,Eve,anime,266326,0.58,0.622,8,-5.692,1,0.0376,0.151,0,0.265,0.404,80.031,252693,4
Yoino Myojo,Eve,anime,512926,0.74,0.556,0,-5.504,1,0.0306,0.236,0,0.117,0.255,117.949,256529,4
After Rain,Aimer,anime,292600,0.653,0.783,10,-3.859,1,0.0298,0.00949,0,0.0791,0.636,119.992,292760,4
Ao No Waltz,Eve,anime,32633636,0.417,0.52,3,-4.872,1,0.0324,0.19,0,0.0783,0.346,123.934,277337,3
BB's Theme,Ludvig Forssell,anime,4875500,0.282,0.428,1,-9.812,0,0.0311,0.227,0.000158,0.0897,0.0392,83.608,316520,4
BRIDGES,Ludvig Forssell,anime,6246,0.352,0.528,2,-19.93,1,0.0391,0.901,0.943,0.128,0.189,102.013,208373,4
Yuyu Meimei,Eve,anime,418454,0.686,0.586,7,-4.284,1,0.0366,0.064,0,0.0743,0.578,121.976,209356,4
„Ç∑„É´„Ç®„ÉÉ„Éà,KANA-BOON,anime,2444444,0.436,0.934,2,-2.685,1,0.0507,1.03e-05,0.14,0.321,0.384,91.481,240133,4
„Çª„É≥„ÉÅ„É°„Éº„Éà„É´,the peggies,anime,226832,0.564,0.922,2,-2.303,1,0.0368,0.00198,5.03e-06,0.231,0.828,139.962,227013,4
„Éï„Ç£„ÇØ„Ç∑„Éß„É≥,sumika,anime,236920,0.658,0.94,2,-2.427,1,0.0339,0.144,0,0.101,0.694,122.992,230760,4
‰∫îÊúàÈõ®,Yasuharu Takanashi,anime,4327009,0.439,0.129,2,-15.99,0,0.0328,0.674,0.96,0.114,0.14,111.654,207720,4
‰∫∫Êü±Âäõ,Yasuharu Takanashi,anime,47823,0.356,0.691,9,-10.641,0,0.0391,0.0693,0.885,0.31,0.147,74.967,121427,4
‰ªªÂãô,Yasuharu Takanashi,anime,3389,0.72,0.484,1,-14.911,1,0.0755,0.0464,0.741,0.227,0.583,159.919,103573,4
Âá∫Èô£,Yasuharu Takanashi,anime,129798,0.406,0.671,6,-9.169,0,0.0387,0.0897,0.964,0.121,0.232,94.942,129973,3
ÂãïÂ§©,Yasuharu Takanashi,anime,118304,0.48,0.934,1,-8.811,1,0.0575,0.000132,0.375,0.103,0.512,154.953,183507,4
ÂçÉËªç‰∏áÈ¶¨,Yasuharu Takanashi,anime,67887,0.169,0.241,9,-12.577,1,0.0357,0.586,0.942,0.0665,0.0734,125.408,111160,5
Âè§‰ªäÁÑ°Âèå,Yasuharu Takanashi,anime,23871,0.164,0.227,5,-14.343,1,0.0333,0.786,0.823,0.375,0.0818,170.093,97320,4
ÂìÄÈ¥ªÈÅçÈáé,Yasuharu Takanashi,anime,7407,0.0901,0.0985,9,-19.422,0,0.046,0.964,0.975,0.159,0.0298,56.872,121853,4
Â§±ÊÑè,Yasuharu Takanashi,anime,119781,0.272,0.122,4,-16.359,0,0.0376,0.966,0.914,0.089,0.0629,60.337,120827,4
Â≠§Áã¨,Yasuharu Takanashi,anime,126009,0.225,0.0619,2,-14.858,0,0.0329,0.847,0.687,0.15,0.0988,57.762,126227,4
ÂØæÂ≥ô,Yasuharu Takanashi,anime,8457,0.557,0.652,4,-11.127,1,0.0417,0.0202,0.336,0.1,0.189,120.081,124027,4
Â∏∞ÈÉ∑,Yasuharu Takanashi,anime,36399,0.22,0.17,0,-13.487,1,0.0343,0.799,0.792,0.0792,0.0822,127.264,110480,4
ÊÄ™Áï∞,Yasuharu Takanashi,anime,30264,0.436,0.634,4,-12.37,1,0.0335,0.109,0.858,0.108,0.125,79.995,158787,4
ÊÇ≤Â£Æ,Yasuharu Takanashi,anime,8764,0.148,0.484,4,-12.733,0,0.0435,0.325,0.704,0.152,0.0414,141.451,150067,4
ÊöÅ,Yasuharu Takanashi,anime,16800,0.365,0.442,0,-11.113,1,0.0363,0.372,0.453,0.115,0.047,80.057,122133,4
ÊöóÈõ≤,Yasuharu Takanashi,anime,78561,0.278,0.354,9,-16.829,0,0.0357,9.29e-05,0.502,0.17,0.0931,159.883,100360,4
ÁñæÈ¢®‰ºù,Yasuharu Takanashi,anime,154027,0.431,0.9,11,-8.631,1,0.0537,0.0035,0.822,0.383,0.45,155.075,125987,4
ÁôæËä±Áπö‰π±,Yasuharu Takanashi,anime,133197,0.474,0.9,4,-12.397,0,0.0424,0.0211,0.962,0.0967,0.172,129.934,133307,4
Á©∫Ëùâ,Yasuharu Takanashi,anime,4999,0.225,0.156,2,-17.042,0,0.0363,0.895,0.713,0.161,0.0415,98.63,175267,4
ËÜ†ÁùÄ,Yasuharu Takanashi,anime,13260,0.451,0.469,4,-12.536,0,0.0431,0.602,0.881,0.312,0.271,139.979,153520,4
ËêΩÊó•,Yasuharu Takanashi,anime,12444,0.276,0.177,2,-16.791,1,0.0336,0.726,0.723,0.148,0.0394,100.16,115400,4
ËñÑÊöÆ,Yasuharu Takanashi,anime,20041,0.15,0.194,4,-15.769,0,0.0381,0.932,0.0185,0.162,0.113,93.858,100507,4
ÈõªÂÖâÁü≥ÁÅ´,Yasuharu Takanashi,anime,8682,0.487,0.851,0,-10.867,1,0.0569,0.192,0.88,0.135,0.276,145.019,136120,3
Bubble (feat. Uta),Eve,anime,347179,0.541,0.803,5,-4.725,1,0.033,0.0134,0,0.101,0.442,146,226874,4
Bubble feat.Uta,Eve,anime,557658,0.541,0.803,5,-4.725,1,0.033,0.0134,0,0.101,0.442,146,226874,4
Bubble feat.Uta - TeddyLoid Remix,Eve,anime,609946,0.53,0.928,5,-2.859,1,0.0613,0.0219,0,0.318,0.363,146.041,203014,4
Byouka,Eve,anime,509939,0.478,0.293,3,-9.243,1,0.0286,0.819,0.00135,0.0811,0.41,72.083,244377,4
Face My Fears (Japanese Version),Hikaru Utada,anime,98520,0.626,0.729,1,-6.785,0,0.102,0.0135,0,0.133,0.441,159.762,222013,3
Kaikai Kitan,Eve,anime,3841401,0.584,0.911,5,-3.515,0,0.09,0.0119,0,0.119,0.606,92.502,221426,4
Kokoroyohou,Eve,anime,2887908,0.718,0.831,3,-3.213,1,0.0758,0.116,0,0.305,0.761,142.942,199995,4
Myojo Galactica,Eve,anime,30353,0.533,0.948,8,-3.184,1,0.0484,0.00419,0,0.118,0.744,154.034,188002,4
Parabola,Official HIGE DANdism,anime,300967,0.597,0.769,0,-6.081,0,0.032,0.00888,0,0.191,0.498,124.011,305813,4
Perfect Day,supercell,anime,286261,0.417,0.793,4,-3.072,1,0.0438,0.0941,0,0.0935,0.289,155.015,286373,4
Q&A „É™„Çµ„Ç§„Çø„É´!,Haruka Tomatsu,anime,224308,0.507,0.972,7,-1.488,1,0.162,0.103,4.54e-06,0.319,0.856,182.119,289800,4
Re:member,FLOW,anime,10225,0.404,0.901,8,-5.991,0,0.0616,0.0035,0,0.0924,0.715,171.948,199560,4
Shinkai,Eve,anime,4592258,0.621,0.778,11,-3.818,1,0.0284,0.00378,2.52e-05,0.103,0.602,122.98,266309,4
Sign,FLOW,anime,2264696,0.363,0.914,11,-2.899,0,0.0983,0.00183,0,0.335,0.678,177.968,236427,4
Sign,ÂÜÖÁî∞ÂΩ©,anime,3232940,0.633,0.854,1,-3.506,1,0.044,0.0275,0,0.337,0.81,101.972,233960,4
Yakusoku,Eve,anime,266326,0.58,0.622,8,-5.692,1,0.0376,0.151,0,0.265,0.404,80.031,252693,4
Yoino Myojo,Eve,anime,512926,0.74,0.556,0,-5.504,1,0.0306,0.236,0,0.117,0.255,117.949,256529,4
Affection,Fiji Blue,chill pop,174949,0.827,0.49,10,-8.37,0,0.055,0.321,0.000137,0.095,0.836,113.002,174211,4
Another Love,Tom Odell,chill pop,2957271,0.445,0.537,4,-8.532,0,0.04,0.695,1.65e-05,0.0944,0.131,122.769,244360,4
Bad,Mokita,chill pop,169849,0.758,0.666,4,-6.352,1,0.0655,0.402,3.48e-06,0.0832,0.77,100.067,170562,4
colorblind,Mokita,chill pop,890582,0.661,0.776,8,-5.054,1,0.0366,0.125,0.000152,0.119,0.17,145.993,193977,4
down,Mokita,chill pop,1050277,0.524,0.391,4,-9.021,1,0.041,0.789,0,0.0869,0.143,148.009,194680,4
sleepwalking,Mokita,chill pop,433799,0.55,0.534,6,-7.157,1,0.0284,0.454,9.04e-06,0.0722,0.407,80.003,215979,4
speeding up,Mokita,chill pop,283813,0.535,0.578,4,-8.088,1,0.0689,0.764,0.195,0.0967,0.487,111.588,193924,4
Broken Parts,Mokita,chill pop,204340,0.562,0.732,11,-6.43,1,0.0375,0.0556,1.24e-05,0.2,0.752,141.95,204405,4
Clear Eyes,Mokita,chill pop,175056,0.605,0.251,0,-15.06,1,0.0437,0.857,5.43e-05,0.113,0.379,139.585,175266,4
Crash,Mokita,chill pop,11196655,0.696,0.678,6,-5.679,0,0.0391,0.441,0,0.069,0.517,146.998,168274,4
Flaws,Yoste,chill pop,1419549,0.73,0.445,10,-9.007,1,0.0382,0.128,0.00347,0.264,0.291,121.937,177542,4
Goodbye,Mokita,chill pop,110771,0.594,0.452,10,-7.631,1,0.0418,0.07,0,0.163,0.203,82.947,214053,4
Happiness,Mokita,chill pop,125874,0.765,0.462,7,-7.984,1,0.0357,0.00154,0.000136,0.19,0.39,118.031,201356,4
Heal,Tom Odell,chill pop,965400,0.445,0.179,1,-12.938,1,0.0396,0.952,0.00056,0.107,0.119,72.246,193080,4
Heaven,Mokita,chill pop,2246892,0.575,0.653,0,-7.82,0,0.0393,0.0235,0.00092,0.146,0.416,95.003,182638,4
I Can't Help,Shoffy,chill pop,75330,0.713,0.402,2,-8.273,1,0.0631,0.409,0.000673,0.11,0.312,81.975,121250,4
I Should've Told You,Fiji Blue,chill pop,3074955,0.725,0.66,8,-7.206,1,0.0663,0.465,0.000292,0.0848,0.456,117.009,197523,4
I Still Do,Mokita,chill pop,409717,0.538,0.489,4,-11.155,1,0.0523,0.193,8.88e-05,0.209,0.393,79.245,202023,4
ICLYA,Mokita,chill pop,27658863,0.647,0.599,4,-7.645,1,0.0452,0.0924,0.000131,0.0934,0.605,155.964,165991,4
Inside Out,Mokita,chill pop,175978,0.687,0.172,1,-11.643,1,0.0428,0.786,0,0.0985,0.435,131.946,176005,4
It Takes Two,Fiji Blue,chill pop,4715555,0.731,0.597,4,-7.661,1,0.0567,0.338,0.00114,0.0771,0.863,101.991,159013,4
It's Getting Worse,Gavin Haley,chill pop,165444,0.647,0.681,8,-6.405,1,0.0373,0.556,0,0.124,0.514,145.039,165444,4
Kiss & Tell,Mokita,chill pop,191830,0.672,0.494,2,-10.142,1,0.0443,0.48,1.01e-06,0.209,0.7,139.984,191996,4
London,Mokita,chill pop,22912060,0.684,0.512,11,-8.715,1,0.0525,0.544,0,0.097,0.466,119.901,160225,4
Lonely City,Mokita,chill pop,102503285,0.735,0.37,5,-12.581,0,0.0705,0.389,0.00163,0.106,0.305,112.015,157524,4
Love Alone,Mokita,chill pop,185086,0.632,0.454,7,-6.996,1,0.0505,0.51,2.68e-06,0.179,0.493,90.024,185108,4
Love Alone - Luca Schreiner Remix,Mokita,chill pop,368036,0.584,0.799,7,-5.662,1,0.0638,0.115,0,0.0811,0.428,100.083,167104,4
Love Alone - Stripped Version,Mokita,chill pop,2398760,0.513,0.511,10,-9.22,1,0.034,0.333,8.54e-06,0.122,0.337,84.974,217148,4
Lungs,Yoste,chill pop,129090,0.548,0.492,6,-7.813,1,0.0721,0.512,0.000468,0.108,0.589,78.786,190773,4
Monopoly,Mokita,chill pop,206189,0.5,0.612,5,-7.099,1,0.0348,0.123,2.12e-05,0.195,0.428,94.974,206256,4
More Than Friends,Mokita,chill pop,158877,0.777,0.415,10,-8.746,1,0.033,0.608,0,0.309,0.609,129.917,159040,4
Only When I Look into Your Eyes,Fiji Blue,chill pop,1242432,0.725,0.694,10,-5.49,1,0.039,0.0566,4.54e-05,0.468,0.819,117.962,199167,4
Outside,Fiji Blue,chill pop,348055,0.587,0.639,6,-6.883,0,0.0769,0.0924,4.53e-06,0.269,0.258,94.927,174082,4
Over You,Mokita,chill pop,179866,0.666,0.501,2,-8.931,1,0.0548,0.329,0,0.175,0.205,141.941,180961,4
Ready Yet,Mokita,chill pop,2226945,0.79,0.531,8,-8.065,1,0.147,0.193,0,0.13,0.627,104.512,152922,4
Room for Another,Mokita,chill pop,185322,0.549,0.398,0,-12.397,0,0.0332,0.343,0.0961,0.313,0.144,80.039,185507,4
Sola,Nina Cobham,chill pop,204860,0.749,0.393,4,-13.374,0,0.199,0.286,0.000218,0.113,0.334,125.336,198594,4
Space Makes Me Sad,Fiji Blue,chill pop,1085746,0.557,0.429,6,-10.266,1,0.189,0.387,0.000478,0.192,0.596,90.574,136419,4
Suspicious Minds,Mokita,chill pop,390208,0.491,0.417,7,-3.287,1,0.0287,0.851,0,0.117,0.26,114.932,203682,4
Take It Back,Mokita,chill pop,161550,0.71,0.72,1,-7.554,1,0.0409,0.322,2.49e-06,0.0936,0.429,132.985,161654,4
The Way I Am,Gavin Haley,chill pop,1441400,0.533,0.5,7,-8.273,1,0.0481,0.772,0,0.112,0.14,99.77,178143,4
Til I Don't,Mokita,chill pop,2249949,0.766,0.394,0,-7.451,1,0.0637,0.0582,0.00523,0.279,0.816,160.079,126700,4
Waves,Fiji Blue,chill pop,133724,0.84,0.338,6,-8.16,1,0.0436,0.135,0.0225,0.0635,0.927,108.024,133748,4
When I See You,Mokita,chill pop,7798826,0.649,0.568,10,-10.051,1,0.0496,0.46,0,0.0933,0.325,116.793,203843,4
When I See You (Stripped),Mokita,chill pop,3111359,0.718,0.515,6,-6.918,1,0.0326,0.564,0.000525,0.179,0.63,105.047,182501,4
With You,Mokita,chill pop,309189,0.648,0.607,11,-6.399,1,0.0577,0.3,0,0.163,0.356,154.901,154651,4
Would You Still Want Me?,Mokita,chill pop,392248,0.367,0.387,8,-7.366,1,0.0666,0.678,0,0.0855,0.436,180.636,195989,4
Affection,Fiji Blue,chill pop,174949,0.827,0.49,10,-8.37,0,0.055,0.321,0.000137,0.095,0.836,113.002,174211,4
Another Love,Tom Odell,chill pop,2957271,0.445,0.537,4,-8.532,0,0.04,0.695,1.65e-05,0.0944,0.131,122.769,244360,4
Bad,Mokita,chill pop,169849,0.758,0.666,4,-6.352,1,0.0655,0.402,3.48e-06,0.0832,0.77,100.067,170562,4
colorblind,Mokita,chill pop,890582,0.661,0.776,8,-5.054,1,0.0366,0.125,0.000152,0.119,0.17,145.993,193977,4
down,Mokita,chill pop,1050277,0.524,0.391,4,-9.021,1,0.041,0.789,0,0.0869,0.143,148.009,194680,4
sleepwalking,Mokita,chill pop,433799,0.55,0.534,6,-7.157,1,0.0284,0.454,9.04e-06,0.0722,0.407,80.003,215979,4
speeding up,Mokita,chill pop,283813,0.535,0.578,4,-8.088,1,0.0689,0.764,0.195,0.0967,0.487,111.588,193924,4
Broken Parts,Mokita,chill pop,204340,0.562,0.732,11,-6.43,1,0.0375,0.0556,1.24e-05,0.2,0.752,141.95,204405,4
Clear Eyes,Mokita,chill pop,175056,0.605,0.251,0,-15.06,1,0.0437,0.857,5.43e-05,0.113,0.379,139.585,175266,4
Crash,Mokita,chill pop,11196655,0.696,0.678,6,-5.679,0,0.0391,0.441,0,0.069,0.517,146.998,168274,4
Flaws,Yoste,chill pop,1419549,0.73,0.445,10,-9.007,1,0.0382,0.128,0.00347,0.264,0.291,121.937,177542,4
Goodbye,Mokita,chill pop,110771,0.594,0.452,10,-7.631,1,0.0418,0.07,0,0.163,0.203,82.947,214053,4
Happiness,Mokita,chill pop,125874,0.765,0.462,7,-7.984,1,0.0357,0.00154,0.000136,0.19,0.39,118.031,201356,4
Heal,Tom Odell,chill pop,965400,0.445,0.179,1,-12.938,1,0.0396,0.952,0.00056,0.107,0.119,72.246,193080,4
Heaven,Mokita,chill pop,2246892,0.575,0.653,0,-7.82,0,0.0393,0.0235,0.00092,0.146,0.416,95.003,182638,4
I Can't Help,Shoffy,chill pop,75330,0.713,0.402,2,-8.273,1,0.0631,0.409,0.000673,0.11,0.312,81.975,121250,4
I Should've Told You,Fiji Blue,chill pop,3074955,0.725,0.66,8,-7.206,1,0.0663,0.465,0.000292,0.0848,0.456,117.009,197523,4
I Still Do,Mokita,chill pop,409717,0.538,0.489,4,-11.155,1,0.0523,0.193,8.88e-05,0.209,0.393,79.245,202023,4
ICLYA,Mokita,chill pop,27658863,0.647,0.599,4,-7.645,1,0.0452,0.0924,0.000131,0.0934,0.605,155.964,165991,4
Inside Out,Mokita,chill pop,175978,0.687,0.172,1,-11.643,1,0.0428,0.786,0,0.0985,0.435,131.946,176005,4
It Takes Two,Fiji Blue,chill pop,4715555,0.731,0.597,4,-7.661,1,0.0567,0.338,0.00114,0.0771,0.863,101.991,159013,4
It's Getting Worse,Gavin Haley,chill pop,165444,0.647,0.681,8,-6.405,1,0.0373,0.556,0,0.124,0.514,145.039,165444,4
Kiss & Tell,Mokita,chill pop,191830,0.672,0.494,2,-10.142,1,0.0443,0.48,1.01e-06,0.209,0.7,139.984,191996,4
London,Mokita,chill pop,22912060,0.684,0.512,11,-8.715,1,0.0525,0.544,0,0.097,0.466,119.901,160225,4
Lonely City,Mokita,chill pop,102503285,0.735,0.37,5,-12.581,0,0.0705,0.389,0.00163,0.106,0.305,112.015,157524,4
Love Alone,Mokita,chill pop,185086,0.632,0.454,7,-6.996,1,0.0505,0.51,2.68e-06,0.179,0.493,90.024,185108,4
Love Alone - Luca Schreiner Remix,Mokita,chill pop,368036,0.584,0.799,7,-5.662,1,0.0638,0.115,0,0.0811,0.428,100.083,167104,4
Love Alone - Stripped Version,Mokita,chill pop,2398760,0.513,0.511,10,-9.22,1,0.034,0.333,8.54e-06,0.122,0.337,84.974,217148,4
Lungs,Yoste,chill pop,129090,0.548,0.492,6,-7.813,1,0.0721,0.512,0.000468,0.108,0.589,78.786,190773,4
Monopoly,Mokita,chill pop,206189,0.5,0.612,5,-7.099,1,0.0348,0.123,2.12e-05,0.195,0.428,94.974,206256,4
More Than Friends,Mokita,chill pop,158877,0.777,0.415,10,-8.746,1,0.033,0.608,0,0.309,0.609,129.917,159040,4
Only When I Look into Your Eyes,Fiji Blue,chill pop,1242432,0.725,0.694,10,-5.49,1,0.039,0.0566,4.54e-05,0.468,0.819,117.962,199167,4
Outside,Fiji Blue,chill pop,348055,0.587,0.639,6,-6.883,0,0.0769,0.0924,4.53e-06,0.269,0.258,94.927,174082,4
Over You,Mokita,chill pop,179866,0.666,0.501,2,-8.931,1,0.0548,0.329,0,0.175,0.205,141.941,180961,4
Ready Yet,Mokita,chill pop,2226945,0.79,0.531,8,-8.065,1,0.147,0.193,0,0.13,0.627,104.512,152922,4
Room for Another,Mokita,chill pop,185322,0.549,0.398,0,-12.397,0,0.0332,0.343,0.0961,0.313,0.144,80.039,185507,4
Sola,Nina Cobham,chill pop,204860,0.749,0.393,4,-13.374,0,0.199,0.286,0.000218,0.113,0.334,125.336,198594,4
Space Makes Me Sad,Fiji Blue,chill pop,1085746,0.557,0.429,6,-10.266,1,0.189,0.387,0.000478,0.192,0.596,90.574,136419,4
Suspicious Minds,Mokita,chill pop,390208,0.491,0.417,7,-3.287,1,0.0287,0.851,0,0.117,0.26,114.932,203682,4
Take It Back,Mokita,chill pop,161550,0.71,0.72,1,-7.554,1,0.0409,0.322,2.49e-06,0.0936,0.429,132.985,161654,4
The Way I Am,Gavin Haley,chill pop,1441400,0.533,0.5,7,-8.273,1,0.0481,0.772,0,0.112,0.14,99.77,178143,4
Til I Don't,Mokita,chill pop,2249949,0.766,0.394,0,-7.451,1,0.0637,0.0582,0.00523,0.279,0.816,160.079,126700,4
Waves,Fiji Blue,chill pop,133724,0.84,0.338,6,-8.16,1,0.0436,0.135,0.0225,0.0635,0.927,108.024,133748,4
When I See You,Mokita,chill pop,7798826,0.649,0.568,10,-10.051,1,0.0496,0.46,0,0.0933,0.325,116.793,203843,4
When I See You (Stripped),Mokita,chill pop,3111359,0.718,0.515,6,-6.918,1,0.0326,0.564,0.000525,0.179,0.63,105.047,182501,4
With You,Mokita,chill pop,309189,0.648,0.607,11,-6.399,1,0.0577,0.3,0,0.163,0.356,154.901,154651,4
Would You Still Want Me?,Mokita,chill pop,392248,0.367,0.387,8,-7.366,1,0.0666,0.678,0,0.0855,0.436,180.636,195989,4